"bondto01","Triple Crown",1877,"NL","",""
"hinespa01","Triple Crown",1878,"NL","",""
"heckegu01","Triple Crown",1884,"AA","",""
"radboch01","Triple Crown",1884,"NL","",""
"keefeti01","Triple Crown",1888,"NL","",""
"clarkjo01","Triple Crown",1889,"NL","",""
"duffyhu01","Triple Crown",1894,"NL","",""
"rusieam01","Triple Crown",1894,"NL","",""
"lajoina01","Triple Crown",1901,"AL","",""
"youngcy01","Triple Crown",1901,"AL","",""
"wadderu01","Triple Crown",1905,"AL","",""
"mathech01","Triple Crown",1905,"NL","",""
"mathech01","Triple Crown",1908,"NL","",""
"cobbty01","Triple Crown",1909,"AL","",""
"cobbty01","MVP",1911,"AL","",""
"schulfr01","MVP",1911,"NL","",""
"speaktr01","MVP",1912,"AL","",""
"doylela01","MVP",1912,"NL","",""
"johnswa01","MVP",1913,"AL","",""
"johnswa01","Triple Crown",1913,"AL","",""
"daubeja01","MVP",1913,"NL","",""
"collied01","MVP",1914,"AL","",""
"eversjo01","MVP",1914,"NL","",""
"alexape01","Triple Crown",1915,"NL","",""
"alexape01","Triple Crown",1916,"NL","",""
"johnswa01","Triple Crown",1918,"AL","",""
"vaughhi01","Triple Crown",1918,"NL","",""
"alexape01","Triple Crown",1920,"NL","",""
"sislege01","MVP",1922,"AL","",""
"hornsro01","Triple Crown",1922,"NL","",""
"ruthba01","MVP",1923,"AL","",""
"johnswa01","MVP",1924,"AL","",""
"johnswa01","Triple Crown",1924,"AL","",""
"vanceda01","MVP",1924,"NL","",""
"vanceda01","Triple Crown",1924,"NL","",""
"peckiro01","MVP",1925,"AL","",""
"hornsro01","MVP",1925,"NL","",""
"hornsro01","Triple Crown",1925,"NL","",""
"burnsge02","MVP",1926,"AL","",""
"ofarrbo01","MVP",1926,"NL","",""
"gehrilo01","MVP",1927,"AL","",""
"wanerpa01","MVP",1927,"NL","",""
"cochrmi01","MVP",1928,"AL","",""
"bottoji01","MVP",1928,"NL","",""
"hornsro01","MVP",1929,"NL","",""
"grovele01","Triple Crown",1930,"AL","",""
"grovele01","MVP",1931,"AL","",""
"grovele01","Triple Crown",1931,"AL","",""
"friscfr01","MVP",1931,"NL","",""
"foxxji01","MVP",1932,"AL","",""
"kleinch01","MVP",1932,"NL","",""
"foxxji01","MVP",1933,"AL","",""
"foxxji01","Triple Crown",1933,"AL","",""
"hubbeca01","MVP",1933,"NL","",""
"kleinch01","Triple Crown",1933,"NL","",""
"cochrmi01","MVP",1934,"AL","",""
"gehrilo01","Triple Crown",1934,"AL","",""
"gomezle01","Triple Crown",1934,"AL","",""
"deandi01","MVP",1934,"NL","",""
"greenha01","MVP",1935,"AL","",""
"hartnga01","MVP",1935,"NL","",""
"gehrilo01","MVP",1936,"AL","",""
"hubbeca01","MVP",1936,"NL","",""
"gehrich01","MVP",1937,"AL","",""
"gomezle01","Triple Crown",1937,"AL","",""
"medwijo01","MVP",1937,"NL","",""
"medwijo01","Triple Crown",1937,"NL","",""
"foxxji01","MVP",1938,"AL","",""
"lombaer01","MVP",1938,"NL","",""
"dimagjo01","MVP",1939,"AL","",""
"waltebu01","MVP",1939,"NL","",""
"waltebu01","Triple Crown",1939,"NL","",""
"greenha01","MVP",1940,"AL","",""
"fellebo01","Triple Crown",1940,"AL","",""
"mccorfr01","MVP",1940,"NL","",""
"dimagjo01","MVP",1941,"AL","",""
"camildo01","MVP",1941,"NL","",""
"gordojo01","MVP",1942,"AL","",""
"willite01","Triple Crown",1942,"AL","",""
"coopemo01","MVP",1942,"NL","",""
"chandsp01","MVP",1943,"AL","",""
"musiast01","MVP",1943,"NL","",""
"newhoha01","MVP",1944,"AL","",""
"marioma01","MVP",1944,"NL","",""
"newhoha01","MVP",1945,"AL","",""
"newhoha01","Triple Crown",1945,"AL","",""
"cavarph01","MVP",1945,"NL","",""
"willite01","MVP",1946,"AL","",""
"musiast01","MVP",1946,"NL","",""
"dimagjo01","MVP",1947,"AL","",""
"willite01","Triple Crown",1947,"AL","",""
"robinja02","Rookie of the Year",1947,"ML","",""
"elliobo01","MVP",1947,"NL","",""
"boudrlo01","MVP",1948,"AL","",""
"darkal01","Rookie of the Year",1948,"ML","",""
"musiast01","MVP",1948,"NL","",""
"willite01","MVP",1949,"AL","",""
"sievero01","Rookie of the Year",1949,"AL","",""
"robinja02","MVP",1949,"NL","",""
"newcodo01","Rookie of the Year",1949,"NL","",""
"rizzuph01","MVP",1950,"AL","",""
"dropowa01","Rookie of the Year",1950,"AL","",""
"konstji01","MVP",1950,"NL","",""
"jethrsa01","Rookie of the Year",1950,"NL","",""
"berrayo01","MVP",1951,"AL","",""
"mcdougi01","Rookie of the Year",1951,"AL","",""
"camparo01","MVP",1951,"NL","",""
"mayswi01","Rookie of the Year",1951,"NL","",""
"shantbo01","MVP",1952,"AL","",""
"byrdha01","Rookie of the Year",1952,"AL","",""
"sauerha01","MVP",1952,"NL","",""
"blackjo02","Rookie of the Year",1952,"NL","",""
"rosenal01","MVP",1953,"AL","",""
"kuennha01","Rookie of the Year",1953,"AL","",""
"camparo01","MVP",1953,"NL","",""
"gilliji01","Rookie of the Year",1953,"NL","",""
"berrayo01","MVP",1954,"AL","",""
"grimbo01","Rookie of the Year",1954,"AL","",""
"mayswi01","MVP",1954,"NL","",""
"moonwa01","Rookie of the Year",1954,"NL","",""
"berrayo01","MVP",1955,"AL","",""
"scorehe01","Rookie of the Year",1955,"AL","",""
"podrejo01","WS MVP",1955,"ML","",""
"camparo01","MVP",1955,"NL","",""
"virdobi01","Rookie of the Year",1955,"NL","",""
"mantlmi01","MVP",1956,"AL","",""
"aparilu01","Rookie of the Year",1956,"AL","",""
"mantlmi01","Triple Crown",1956,"AL","",""
"newcodo01","Cy Young",1956,"ML","",""
"larsedo01","WS MVP",1956,"ML","",""
"newcodo01","MVP",1956,"NL","",""
"robinfr02","Rookie of the Year",1956,"NL","",""
"mantlmi01","MVP",1957,"AL","",""
"kubekto01","Rookie of the Year",1957,"AL","",""
"spahnwa01","Cy Young",1957,"ML","",""
"foxne01","Gold Glove",1957,"ML","","2B"
"hodgegi01","Gold Glove",1957,"ML","","1B"
"kalinal01","Gold Glove",1957,"ML","","RF"
"lollash01","Gold Glove",1957,"ML","","C"
"malzofr01","Gold Glove",1957,"ML","","3B"
"mayswi01","Gold Glove",1957,"ML","","CF"
"mcmilro01","Gold Glove",1957,"ML","","SS"
"minosmi01","Gold Glove",1957,"ML","","LF"
"shantbo01","Gold Glove",1957,"ML","","P"
"burdele01","WS MVP",1957,"ML","",""
"aaronha01","MVP",1957,"NL","",""
"sanfoja02","Rookie of the Year",1957,"NL","",""
"aparilu01","Gold Glove",1958,"AL","","SS"
"bollifr01","Gold Glove",1958,"AL","","2B"
"kalinal01","Gold Glove",1958,"AL","","RF"
"lollash01","Gold Glove",1958,"AL","","C"
"malzofr01","Gold Glove",1958,"AL","","3B"
"piersji01","Gold Glove",1958,"AL","","CF"
"powervi01","Gold Glove",1958,"AL","","1B"
"shantbo01","Gold Glove",1958,"AL","","P"
"siebeno01","Gold Glove",1958,"AL","","LF"
"jenseja01","MVP",1958,"AL","",""
"pearsal02","Rookie of the Year",1958,"AL","",""
"turlebo01","Cy Young",1958,"ML","",""
"turlebo01","WS MVP",1958,"ML","",""
"aaronha01","Gold Glove",1958,"NL","","RF"
"boyerke01","Gold Glove",1958,"NL","","3B"
"crandde01","Gold Glove",1958,"NL","","C"
"haddiha01","Gold Glove",1958,"NL","","P"
"hodgegi01","Gold Glove",1958,"NL","","1B"
"mayswi01","Gold Glove",1958,"NL","","CF"
"mazerbi01","Gold Glove",1958,"NL","","2B"
"mcmilro01","Gold Glove",1958,"NL","","SS"
"robinfr02","Gold Glove",1958,"NL","","LF"
"bankser01","MVP",1958,"NL","",""
"cepedor01","Rookie of the Year",1958,"NL","",""
"aparilu01","Gold Glove",1959,"AL","","SS"
"foxne01","Gold Glove",1959,"AL","","2B"
"jenseja01","Gold Glove",1959,"AL","","RF"
"kalinal01","Gold Glove",1959,"AL","","CF"
"lollash01","Gold Glove",1959,"AL","","C"
"malzofr01","Gold Glove",1959,"AL","","3B"
"minosmi01","Gold Glove",1959,"AL","","LF"
"powervi01","Gold Glove",1959,"AL","","1B"
"shantbo01","Gold Glove",1959,"AL","","P"
"foxne01","MVP",1959,"AL","",""
"allisbo01","Rookie of the Year",1959,"AL","",""
"wynnea01","Cy Young",1959,"ML","",""
"sherrla01","WS MVP",1959,"ML","",""
"aaronha01","Gold Glove",1959,"NL","","RF"
"boyerke01","Gold Glove",1959,"NL","","3B"
"brandja01","Gold Glove",1959,"NL","","LF"
"crandde01","Gold Glove",1959,"NL","","C"
"haddiha01","Gold Glove",1959,"NL","","P"
"hodgegi01","Gold Glove",1959,"NL","","1B"
"mayswi01","Gold Glove",1959,"NL","","CF"
"mcmilro01","Gold Glove",1959,"NL","","SS"
"nealch01","Gold Glove",1959,"NL","","2B"
"bankser01","MVP",1959,"NL","",""
"mccovwi01","Rookie of the Year",1959,"NL","",""
"aparilu01","Gold Glove",1960,"AL","","SS"
"batteea01","Gold Glove",1960,"AL","","C"
"foxne01","Gold Glove",1960,"AL","","2B"
"landiji01","Gold Glove",1960,"AL","","CF"
"marisro01","Gold Glove",1960,"AL","","RF"
"minosmi01","Gold Glove",1960,"AL","","LF"
"powervi01","Gold Glove",1960,"AL","","1B"
"robinbr01","Gold Glove",1960,"AL","","3B"
"shantbo01","Gold Glove",1960,"AL","","P"
"marisro01","MVP",1960,"AL","",""
"hansero02","Rookie of the Year",1960,"AL","",""
"lawve01","Cy Young",1960,"ML","",""
"richabo01","WS MVP",1960,"ML","",""
"aaronha01","Gold Glove",1960,"NL","","RF"
"bankser01","Gold Glove",1960,"NL","","SS"
"boyerke01","Gold Glove",1960,"NL","","3B"
"crandde01","Gold Glove",1960,"NL","","C"
"haddiha01","Gold Glove",1960,"NL","","P"
"mayswi01","Gold Glove",1960,"NL","","CF"
"mazerbi01","Gold Glove",1960,"NL","","2B"
"moonwa01","Gold Glove",1960,"NL","","LF"
"whitebi03","Gold Glove",1960,"NL","","1B"
"groatdi01","MVP",1960,"NL","",""
"howarfr01","Rookie of the Year",1960,"NL","",""
"aparilu01","Gold Glove",1961,"AL","","SS"
"batteea01","Gold Glove",1961,"AL","","C"
"kalinal01","Gold Glove",1961,"AL","","OF"
"landiji01","Gold Glove",1961,"AL","","OF"
"laryfr01","Gold Glove",1961,"AL","","P"
"piersji01","Gold Glove",1961,"AL","","OF"
"powervi01","Gold Glove",1961,"AL","","1B"
"richabo01","Gold Glove",1961,"AL","","2B"
"robinbr01","Gold Glove",1961,"AL","","3B"
"marisro01","MVP",1961,"AL","",""
"schwado01","Rookie of the Year",1961,"AL","",""
"fordwh01","Cy Young",1961,"ML","",""
"fordwh01","WS MVP",1961,"ML","",""
"boyerke01","Gold Glove",1961,"NL","","3B"
"clemero01","Gold Glove",1961,"NL","","OF"
"mayswi01","Gold Glove",1961,"NL","","OF"
"mazerbi01","Gold Glove",1961,"NL","","2B"
"pinsova01","Gold Glove",1961,"NL","","OF"
"rosebjo01","Gold Glove",1961,"NL","","C"
"shantbo01","Gold Glove",1961,"NL","","P"
"whitebi03","Gold Glove",1961,"NL","","1B"
"willsma01","Gold Glove",1961,"NL","","SS"
"robinfr02","MVP",1961,"NL","",""
"willibi01","Rookie of the Year",1961,"NL","",""
"aparilu01","Gold Glove",1962,"AL","","SS"
"batteea01","Gold Glove",1962,"AL","","C"
"kaatji01","Gold Glove",1962,"AL","","P"
"kalinal01","Gold Glove",1962,"AL","","OF"
"landiji01","Gold Glove",1962,"AL","","OF"
"mantlmi01","Gold Glove",1962,"AL","","OF"
"powervi01","Gold Glove",1962,"AL","","1B"
"richabo01","Gold Glove",1962,"AL","","2B"
"robinbr01","Gold Glove",1962,"AL","","3B"
"mantlmi01","MVP",1962,"AL","",""
"treshto01","Rookie of the Year",1962,"AL","",""
"wagnele01","AS MVP",1962,"ML","","1st Game"
"willsma01","AS MVP",1962,"ML","","2nd Game"
"drysddo01","Cy Young",1962,"ML","",""
"terryra01","WS MVP",1962,"ML","",""
"clemero01","Gold Glove",1962,"NL","","OF"
"crandde01","Gold Glove",1962,"NL","","C"
"davenji01","Gold Glove",1962,"NL","","3B"
"hubbske01","Gold Glove",1962,"NL","","2B"
"mayswi01","Gold Glove",1962,"NL","","OF"
"shantbo01","Gold Glove",1962,"NL","","P"
"virdobi01","Gold Glove",1962,"NL","","OF"
"whitebi03","Gold Glove",1962,"NL","","1B"
"willsma01","Gold Glove",1962,"NL","","SS"
"willsma01","MVP",1962,"NL","",""
"hubbske01","Rookie of the Year",1962,"NL","",""
"howarel01","Gold Glove",1963,"AL","","C"
"kaatji01","Gold Glove",1963,"AL","","P"
"kalinal01","Gold Glove",1963,"AL","","OF"
"landiji01","Gold Glove",1963,"AL","","OF"
"powervi01","Gold Glove",1963,"AL","","1B"
"richabo01","Gold Glove",1963,"AL","","2B"
"robinbr01","Gold Glove",1963,"AL","","3B"
"versazo01","Gold Glove",1963,"AL","","SS"
"yastrca01","Gold Glove",1963,"AL","","OF"
"howarel01","MVP",1963,"AL","",""
"peterga01","Rookie of the Year",1963,"AL","",""
"mayswi01","AS MVP",1963,"ML","",""
"koufasa01","Cy Young",1963,"ML","",""
"koufasa01","WS MVP",1963,"ML","",""
"boyerke01","Gold Glove",1963,"NL","","3B"
"clemero01","Gold Glove",1963,"NL","","OF"
"edwarjo01","Gold Glove",1963,"NL","","C"
"floodcu01","Gold Glove",1963,"NL","","OF"
"mayswi01","Gold Glove",1963,"NL","","OF"
"mazerbi01","Gold Glove",1963,"NL","","2B"
"shantbo01","Gold Glove",1963,"NL","","P"
"whitebi03","Gold Glove",1963,"NL","","1B"
"winebo01","Gold Glove",1963,"NL","","SS"
"koufasa01","MVP",1963,"NL","",""
"rosepe01","Rookie of the Year",1963,"NL","",""
"koufasa01","Triple Crown",1963,"NL","",""
"aparilu01","Gold Glove",1964,"AL","","SS"
"davalvi01","Gold Glove",1964,"AL","","OF"
"howarel01","Gold Glove",1964,"AL","","C"
"kaatji01","Gold Glove",1964,"AL","","P"
"kalinal01","Gold Glove",1964,"AL","","OF"
"landiji01","Gold Glove",1964,"AL","","OF"
"powervi01","Gold Glove",1964,"AL","","1B"
"richabo01","Gold Glove",1964,"AL","","2B"
"robinbr01","Gold Glove",1964,"AL","","3B"
"robinbr01","MVP",1964,"AL","",""
"olivato01","Rookie of the Year",1964,"AL","",""
"callijo01","AS MVP",1964,"ML","",""
"chancde01","Cy Young",1964,"ML","",""
"gibsobo01","WS MVP",1964,"ML","",""
"amaroru01","Gold Glove",1964,"NL","","SS"
"clemero01","Gold Glove",1964,"NL","","OF"
"edwarjo01","Gold Glove",1964,"NL","","C"
"floodcu01","Gold Glove",1964,"NL","","OF"
"mayswi01","Gold Glove",1964,"NL","","OF"
"mazerbi01","Gold Glove",1964,"NL","","2B"
"santoro01","Gold Glove",1964,"NL","","3B"
"shantbo01","Gold Glove",1964,"NL","","P"
"whitebi03","Gold Glove",1964,"NL","","1B"
"boyerke01","MVP",1964,"NL","",""
"allendi01","Rookie of the Year",1964,"NL","",""
"freehbi01","Gold Glove",1965,"AL","","C"
"kaatji01","Gold Glove",1965,"AL","","P"
"kalinal01","Gold Glove",1965,"AL","","OF"
"pepitjo01","Gold Glove",1965,"AL","","1B"
"richabo01","Gold Glove",1965,"AL","","2B"
"robinbr01","Gold Glove",1965,"AL","","3B"
"treshto01","Gold Glove",1965,"AL","","OF"
"versazo01","Gold Glove",1965,"AL","","SS"
"yastrca01","Gold Glove",1965,"AL","","OF"
"versazo01","MVP",1965,"AL","",""
"blefacu01","Rookie of the Year",1965,"AL","",""
"maricju01","AS MVP",1965,"ML","",""
"koufasa01","Cy Young",1965,"ML","",""
"koufasa01","WS MVP",1965,"ML","",""
"cardele01","Gold Glove",1965,"NL","","SS"
"clemero01","Gold Glove",1965,"NL","","OF"
"floodcu01","Gold Glove",1965,"NL","","OF"
"gibsobo01","Gold Glove",1965,"NL","","P"
"mayswi01","Gold Glove",1965,"NL","","OF"
"mazerbi01","Gold Glove",1965,"NL","","2B"
"santoro01","Gold Glove",1965,"NL","","3B"
"torrejo01","Gold Glove",1965,"NL","","C"
"whitebi03","Gold Glove",1965,"NL","","1B"
"mayswi01","MVP",1965,"NL","",""
"lefebji01","Rookie of the Year",1965,"NL","",""
"koufasa01","Triple Crown",1965,"NL","",""
"ageeto01","Gold Glove",1966,"AL","","OF"
"aparilu01","Gold Glove",1966,"AL","","SS"
"freehbi01","Gold Glove",1966,"AL","","C"
"kaatji01","Gold Glove",1966,"AL","","P"
"kalinal01","Gold Glove",1966,"AL","","OF"
"knoopbo01","Gold Glove",1966,"AL","","2B"
"olivato01","Gold Glove",1966,"AL","","OF"
"pepitjo01","Gold Glove",1966,"AL","","1B"
"robinbr01","Gold Glove",1966,"AL","","3B"
"robinfr02","MVP",1966,"AL","",""
"ageeto01","Rookie of the Year",1966,"AL","",""
"robinfr02","Triple Crown",1966,"AL","",""
"robinbr01","AS MVP",1966,"ML","",""
"koufasa01","Cy Young",1966,"ML","",""
"robinfr02","WS MVP",1966,"ML","",""
"alleyge01","Gold Glove",1966,"NL","","SS"
"clemero01","Gold Glove",1966,"NL","","OF"
"floodcu01","Gold Glove",1966,"NL","","OF"
"gibsobo01","Gold Glove",1966,"NL","","P"
"mayswi01","Gold Glove",1966,"NL","","OF"
"mazerbi01","Gold Glove",1966,"NL","","2B"
"rosebjo01","Gold Glove",1966,"NL","","C"
"santoro01","Gold Glove",1966,"NL","","3B"
"whitebi03","Gold Glove",1966,"NL","","1B"
"clemero01","MVP",1966,"NL","",""
"helmsto01","Rookie of the Year",1966,"NL","",""
"koufasa01","Triple Crown",1966,"NL","",""
"lonboji01","Cy Young",1967,"AL","",""
"blairpa01","Gold Glove",1967,"AL","","OF"
"freehbi01","Gold Glove",1967,"AL","","C"
"fregoji01","Gold Glove",1967,"AL","","SS"
"kaatji01","Gold Glove",1967,"AL","","P"
"kalinal01","Gold Glove",1967,"AL","","OF"
"knoopbo01","Gold Glove",1967,"AL","","2B"
"robinbr01","Gold Glove",1967,"AL","","3B"
"scottge02","Gold Glove",1967,"AL","","1B"
"yastrca01","Gold Glove",1967,"AL","","OF"
"yastrca01","MVP",1967,"AL","",""
"carewro01","Rookie of the Year",1967,"AL","",""
"yastrca01","Triple Crown",1967,"AL","",""
"perezto01","AS MVP",1967,"ML","",""
"gibsobo01","WS MVP",1967,"ML","",""
"mccormi03","Cy Young",1967,"NL","",""
"alleyge01","Gold Glove",1967,"NL","","SS"
"clemero01","Gold Glove",1967,"NL","","OF"
"floodcu01","Gold Glove",1967,"NL","","OF"
"gibsobo01","Gold Glove",1967,"NL","","P"
"hundlra01","Gold Glove",1967,"NL","","C"
"mayswi01","Gold Glove",1967,"NL","","OF"
"mazerbi01","Gold Glove",1967,"NL","","2B"
"parkewe01","Gold Glove",1967,"NL","","1B"
"santoro01","Gold Glove",1967,"NL","","3B"
"cepedor01","MVP",1967,"NL","",""
"seaveto01","Rookie of the Year",1967,"NL","",""
"mclaide01","Cy Young",1968,"AL","",""
"aparilu01","Gold Glove",1968,"AL","","SS"
"freehbi01","Gold Glove",1968,"AL","","C"
"kaatji01","Gold Glove",1968,"AL","","P"
"knoopbo01","Gold Glove",1968,"AL","","2B"
"robinbr01","Gold Glove",1968,"AL","","3B"
"scottge02","Gold Glove",1968,"AL","","1B"
"smithre06","Gold Glove",1968,"AL","","OF"
"stanlmi01","Gold Glove",1968,"AL","","OF"
"yastrca01","Gold Glove",1968,"AL","","OF"
"mclaide01","MVP",1968,"AL","",""
"bahnsst01","Rookie of the Year",1968,"AL","",""
"mayswi01","AS MVP",1968,"ML","",""
"lolicmi01","WS MVP",1968,"ML","",""
"gibsobo01","Cy Young",1968,"NL","",""
"beckegl01","Gold Glove",1968,"NL","","2B"
"benchjo01","Gold Glove",1968,"NL","","C"
"clemero01","Gold Glove",1968,"NL","","OF"
"floodcu01","Gold Glove",1968,"NL","","OF"
"gibsobo01","Gold Glove",1968,"NL","","P"
"maxvida01","Gold Glove",1968,"NL","","SS"
"mayswi01","Gold Glove",1968,"NL","","OF"
"parkewe01","Gold Glove",1968,"NL","","1B"
"santoro01","Gold Glove",1968,"NL","","3B"
"gibsobo01","MVP",1968,"NL","",""
"benchjo01","Rookie of the Year",1968,"NL","",""
"cuellmi01","Cy Young",1969,"AL","Y",""
"mclaide01","Cy Young",1969,"AL","Y",""
"belanma01","Gold Glove",1969,"AL","","SS"
"blairpa01","Gold Glove",1969,"AL","","OF"
"freehbi01","Gold Glove",1969,"AL","","C"
"johnsda02","Gold Glove",1969,"AL","","2B"
"kaatji01","Gold Glove",1969,"AL","","P"
"pepitjo01","Gold Glove",1969,"AL","","1B"
"robinbr01","Gold Glove",1969,"AL","","3B"
"stanlmi01","Gold Glove",1969,"AL","","OF"
"yastrca01","Gold Glove",1969,"AL","","OF"
"killeha01","MVP",1969,"AL","",""
"pinielo01","Rookie of the Year",1969,"AL","",""
"mccovwi01","AS MVP",1969,"ML","",""
"clenddo01","WS MVP",1969,"ML","",""
"seaveto01","Cy Young",1969,"NL","",""
"benchjo01","Gold Glove",1969,"NL","","C"
"boyercl02","Gold Glove",1969,"NL","","3B"
"clemero01","Gold Glove",1969,"NL","","OF"
"floodcu01","Gold Glove",1969,"NL","","OF"
"gibsobo01","Gold Glove",1969,"NL","","P"
"kessido01","Gold Glove",1969,"NL","","SS"
"millafe01","Gold Glove",1969,"NL","","2B"
"parkewe01","Gold Glove",1969,"NL","","1B"
"rosepe01","Gold Glove",1969,"NL","","OF"
"mccovwi01","MVP",1969,"NL","",""
"sizemte01","Rookie of the Year",1969,"NL","",""
"perryji01","Cy Young",1970,"AL","",""
"aparilu01","Gold Glove",1970,"AL","","SS"
"berryke01","Gold Glove",1970,"AL","","OF"
"blairpa01","Gold Glove",1970,"AL","","OF"
"fossera01","Gold Glove",1970,"AL","","C"
"johnsda02","Gold Glove",1970,"AL","","2B"
"kaatji01","Gold Glove",1970,"AL","","P"
"robinbr01","Gold Glove",1970,"AL","","3B"
"spencji01","Gold Glove",1970,"AL","","1B"
"stanlmi01","Gold Glove",1970,"AL","","OF"
"powelbo01","MVP",1970,"AL","",""
"munsoth01","Rookie of the Year",1970,"AL","",""
"yastrca01","AS MVP",1970,"ML","",""
"robinbr01","WS MVP",1970,"ML","",""
"gibsobo01","Cy Young",1970,"NL","",""
"ageeto01","Gold Glove",1970,"NL","","OF"
"benchjo01","Gold Glove",1970,"NL","","C"
"clemero01","Gold Glove",1970,"NL","","OF"
"gibsobo01","Gold Glove",1970,"NL","","P"
"helmsto01","Gold Glove",1970,"NL","","2B"
"kessido01","Gold Glove",1970,"NL","","SS"
"parkewe01","Gold Glove",1970,"NL","","1B"
"raderdo02","Gold Glove",1970,"NL","","3B"
"rosepe01","Gold Glove",1970,"NL","","OF"
"benchjo01","MVP",1970,"NL","",""
"mortoca01","Rookie of the Year",1970,"NL","",""
"bluevi01","Cy Young",1971,"AL","",""
"belanma01","Gold Glove",1971,"AL","","SS"
"blairpa01","Gold Glove",1971,"AL","","OF"
"fossera01","Gold Glove",1971,"AL","","C"
"johnsda02","Gold Glove",1971,"AL","","2B"
"kaatji01","Gold Glove",1971,"AL","","P"
"otisam01","Gold Glove",1971,"AL","","OF"
"robinbr01","Gold Glove",1971,"AL","","3B"
"scottge02","Gold Glove",1971,"AL","","1B"
"yastrca01","Gold Glove",1971,"AL","","OF"
"bluevi01","MVP",1971,"AL","",""
"chambch01","Rookie of the Year",1971,"AL","",""
"robinfr02","AS MVP",1971,"ML","",""
"clemero01","WS MVP",1971,"ML","",""
"jenkife01","Cy Young",1971,"NL","",""
"benchjo01","Gold Glove",1971,"NL","","C"
"bondsbo01","Gold Glove",1971,"NL","","OF"
"clemero01","Gold Glove",1971,"NL","","OF"
"daviswi02","Gold Glove",1971,"NL","","OF"
"gibsobo01","Gold Glove",1971,"NL","","P"
"harrebu01","Gold Glove",1971,"NL","","SS"
"helmsto01","Gold Glove",1971,"NL","","2B"
"parkewe01","Gold Glove",1971,"NL","","1B"
"raderdo02","Gold Glove",1971,"NL","","3B"
"torrejo01","MVP",1971,"NL","",""
"williea02","Rookie of the Year",1971,"NL","",""
"perryga01","Cy Young",1972,"AL","",""
"berryke01","Gold Glove",1972,"AL","","OF"
"blairpa01","Gold Glove",1972,"AL","","OF"
"brinked01","Gold Glove",1972,"AL","","SS"
"fiskca01","Gold Glove",1972,"AL","","C"
"griffdo01","Gold Glove",1972,"AL","","2B"
"kaatji01","Gold Glove",1972,"AL","","P"
"murcebo01","Gold Glove",1972,"AL","","OF"
"robinbr01","Gold Glove",1972,"AL","","3B"
"scottge02","Gold Glove",1972,"AL","","1B"
"allendi01","MVP",1972,"AL","",""
"fiskca01","Rookie of the Year",1972,"AL","",""
"morgajo02","AS MVP",1972,"ML","",""
"tenacge01","WS MVP",1972,"ML","",""
"carltst01","Cy Young",1972,"NL","",""
"benchjo01","Gold Glove",1972,"NL","","C"
"bowala01","Gold Glove",1972,"NL","","SS"
"cedence01","Gold Glove",1972,"NL","","OF"
"clemero01","Gold Glove",1972,"NL","","OF"
"daviswi02","Gold Glove",1972,"NL","","OF"
"gibsobo01","Gold Glove",1972,"NL","","P"
"millafe01","Gold Glove",1972,"NL","","2B"
"parkewe01","Gold Glove",1972,"NL","","1B"
"raderdo02","Gold Glove",1972,"NL","","3B"
"benchjo01","MVP",1972,"NL","",""
"matlajo01","Rookie of the Year",1972,"NL","",""
"carltst01","Triple Crown",1972,"NL","",""
"palmeji01","Cy Young",1973,"AL","",""
"belanma01","Gold Glove",1973,"AL","","SS"
"blairpa01","Gold Glove",1973,"AL","","OF"
"grichbo01","Gold Glove",1973,"AL","","2B"
"kaatji01","Gold Glove",1973,"AL","","P"
"munsoth01","Gold Glove",1973,"AL","","C"
"otisam01","Gold Glove",1973,"AL","","OF"
"robinbr01","Gold Glove",1973,"AL","","3B"
"scottge02","Gold Glove",1973,"AL","","1B"
"stanlmi01","Gold Glove",1973,"AL","","OF"
"jacksre01","MVP",1973,"AL","",""
"bumbral01","Rookie of the Year",1973,"AL","",""
"bondsbo01","AS MVP",1973,"ML","",""
"jacksre01","WS MVP",1973,"ML","",""
"seaveto01","Cy Young",1973,"NL","",""
"benchjo01","Gold Glove",1973,"NL","","C"
"bondsbo01","Gold Glove",1973,"NL","","OF"
"cedence01","Gold Glove",1973,"NL","","OF"
"daviswi02","Gold Glove",1973,"NL","","OF"
"gibsobo01","Gold Glove",1973,"NL","","P"
"jorgemi01","Gold Glove",1973,"NL","","1B"
"metzgro01","Gold Glove",1973,"NL","","SS"
"morgajo02","Gold Glove",1973,"NL","","2B"
"raderdo02","Gold Glove",1973,"NL","","3B"
"rosepe01","MVP",1973,"NL","",""
"matthga01","Rookie of the Year",1973,"NL","",""
"hunteca01","Cy Young",1974,"AL","",""
"belanma01","Gold Glove",1974,"AL","","SS"
"blairpa01","Gold Glove",1974,"AL","","OF"
"grichbo01","Gold Glove",1974,"AL","","2B"
"kaatji01","Gold Glove",1974,"AL","","P"
"munsoth01","Gold Glove",1974,"AL","","C"
"otisam01","Gold Glove",1974,"AL","","OF"
"robinbr01","Gold Glove",1974,"AL","","3B"
"rudijo01","Gold Glove",1974,"AL","","OF"
"scottge02","Gold Glove",1974,"AL","","1B"
"burroje01","MVP",1974,"AL","",""
"hargrmi01","Rookie of the Year",1974,"AL","",""
"garvest01","AS MVP",1974,"ML","",""
"fingero01","WS MVP",1974,"ML","",""
"marshmi01","Cy Young",1974,"NL","",""
"benchjo01","Gold Glove",1974,"NL","","C"
"bondsbo01","Gold Glove",1974,"NL","","OF"
"cedence01","Gold Glove",1974,"NL","","OF"
"conceda01","Gold Glove",1974,"NL","","SS"
"garvest01","Gold Glove",1974,"NL","","1B"
"geronce01","Gold Glove",1974,"NL","","OF"
"messean01","Gold Glove",1974,"NL","","P"
"morgajo02","Gold Glove",1974,"NL","","2B"
"raderdo02","Gold Glove",1974,"NL","","3B"
"garvest01","MVP",1974,"NL","",""
"mcbriba01","Rookie of the Year",1974,"NL","",""
"palmeji01","Cy Young",1975,"AL","",""
"belanma01","Gold Glove",1975,"AL","","SS"
"blairpa01","Gold Glove",1975,"AL","","OF"
"grichbo01","Gold Glove",1975,"AL","","2B"
"kaatji01","Gold Glove",1975,"AL","","P"
"lynnfr01","Gold Glove",1975,"AL","","OF"
"munsoth01","Gold Glove",1975,"AL","","C"
"robinbr01","Gold Glove",1975,"AL","","3B"
"rudijo01","Gold Glove",1975,"AL","","OF"
"scottge02","Gold Glove",1975,"AL","","1B"
"lynnfr01","MVP",1975,"AL","",""
"lynnfr01","Rookie of the Year",1975,"AL","",""
"madlobi01","AS MVP",1975,"ML","Y",""
"matlajo01","AS MVP",1975,"ML","Y",""
"rosepe01","WS MVP",1975,"ML","",""
"seaveto01","Cy Young",1975,"NL","",""
"benchjo01","Gold Glove",1975,"NL","","C"
"cedence01","Gold Glove",1975,"NL","","OF"
"conceda01","Gold Glove",1975,"NL","","SS"
"garvest01","Gold Glove",1975,"NL","","1B"
"geronce01","Gold Glove",1975,"NL","","OF"
"maddoga01","Gold Glove",1975,"NL","","OF"
"messean01","Gold Glove",1975,"NL","","P"
"morgajo02","Gold Glove",1975,"NL","","2B"
"reitzke01","Gold Glove",1975,"NL","","3B"
"morgajo02","MVP",1975,"NL","",""
"montejo01","Rookie of the Year",1975,"NL","",""
"palmeji01","Cy Young",1976,"AL","",""
"belanma01","Gold Glove",1976,"AL","","SS"
"evansdw01","Gold Glove",1976,"AL","","OF"
"grichbo01","Gold Glove",1976,"AL","","2B"
"manniri01","Gold Glove",1976,"AL","","OF"
"palmeji01","Gold Glove",1976,"AL","","P"
"rodriau01","Gold Glove",1976,"AL","","3B"
"rudijo01","Gold Glove",1976,"AL","","OF"
"scottge02","Gold Glove",1976,"AL","","1B"
"sundbji01","Gold Glove",1976,"AL","","C"
"munsoth01","MVP",1976,"AL","",""
"campbbi02","Rolaids Relief",1976,"AL","",""
"fidryma01","Rookie of the Year",1976,"AL","",""
"fostege01","AS MVP",1976,"ML","",""
"benchjo01","WS MVP",1976,"ML","",""
"jonesra01","Cy Young",1976,"NL","",""
"benchjo01","Gold Glove",1976,"NL","","C"
"cedence01","Gold Glove",1976,"NL","","OF"
"conceda01","Gold Glove",1976,"NL","","SS"
"garvest01","Gold Glove",1976,"NL","","1B"
"geronce01","Gold Glove",1976,"NL","","OF"
"kaatji01","Gold Glove",1976,"NL","","P"
"maddoga01","Gold Glove",1976,"NL","","OF"
"morgajo02","Gold Glove",1976,"NL","","2B"
"schmimi01","Gold Glove",1976,"NL","","3B"
"morgajo02","MVP",1976,"NL","",""
"eastwra01","Rolaids Relief",1976,"NL","",""
"metzgbu01","Rookie of the Year",1976,"NL","Y",""
"zachrpa01","Rookie of the Year",1976,"NL","Y",""
"lylesp01","Cy Young",1977,"AL","",""
"belanma01","Gold Glove",1977,"AL","","SS"
"beniqju01","Gold Glove",1977,"AL","","OF"
"cowenal01","Gold Glove",1977,"AL","","OF"
"nettlgr01","Gold Glove",1977,"AL","","3B"
"palmeji01","Gold Glove",1977,"AL","","P"
"spencji01","Gold Glove",1977,"AL","","1B"
"sundbji01","Gold Glove",1977,"AL","","C"
"whitefr01","Gold Glove",1977,"AL","","2B"
"yastrca01","Gold Glove",1977,"AL","","OF"
"carewro01","MVP",1977,"AL","",""
"campbbi02","Rolaids Relief",1977,"AL","",""
"murraed02","Rookie of the Year",1977,"AL","",""
"suttodo01","AS MVP",1977,"ML","",""
"jacksre01","WS MVP",1977,"ML","",""
"carltst01","Cy Young",1977,"NL","",""
"benchjo01","Gold Glove",1977,"NL","","C"
"conceda01","Gold Glove",1977,"NL","","SS"
"garvest01","Gold Glove",1977,"NL","","1B"
"geronce01","Gold Glove",1977,"NL","","OF"
"kaatji01","Gold Glove",1977,"NL","","P"
"maddoga01","Gold Glove",1977,"NL","","OF"
"morgajo02","Gold Glove",1977,"NL","","2B"
"parkeda01","Gold Glove",1977,"NL","","OF"
"schmimi01","Gold Glove",1977,"NL","","3B"
"fostege01","MVP",1977,"NL","",""
"bakerdu01","NLCS MVP",1977,"NL","",""
"fingero01","Rolaids Relief",1977,"NL","",""
"dawsoan01","Rookie of the Year",1977,"NL","",""
"guidrro01","Cy Young",1978,"AL","",""
"belanma01","Gold Glove",1978,"AL","","SS"
"chambch01","Gold Glove",1978,"AL","","1B"
"evansdw01","Gold Glove",1978,"AL","","OF"
"lynnfr01","Gold Glove",1978,"AL","","OF"
"milleri01","Gold Glove",1978,"AL","","OF"
"nettlgr01","Gold Glove",1978,"AL","","3B"
"palmeji01","Gold Glove",1978,"AL","","P"
"sundbji01","Gold Glove",1978,"AL","","C"
"whitefr01","Gold Glove",1978,"AL","","2B"
"riceji01","MVP",1978,"AL","",""
"gossari01","Rolaids Relief",1978,"AL","",""
"whitalo01","Rookie of the Year",1978,"AL","",""
"garvest01","AS MVP",1978,"ML","",""
"dentbu01","WS MVP",1978,"ML","",""
"perryga01","Cy Young",1978,"NL","",""
"boonebo01","Gold Glove",1978,"NL","","C"
"bowala01","Gold Glove",1978,"NL","","SS"
"hernake01","Gold Glove",1978,"NL","","1B"
"lopesda01","Gold Glove",1978,"NL","","2B"
"maddoga01","Gold Glove",1978,"NL","","OF"
"niekrph01","Gold Glove",1978,"NL","","P"
"parkeda01","Gold Glove",1978,"NL","","OF"
"schmimi01","Gold Glove",1978,"NL","","3B"
"valenel01","Gold Glove",1978,"NL","","OF"
"parkeda01","MVP",1978,"NL","",""
"garvest01","NLCS MVP",1978,"NL","",""
"fingero01","Rolaids Relief",1978,"NL","",""
"hornebo01","Rookie of the Year",1978,"NL","",""
"flanami01","Cy Young",1979,"AL","",""
"bellbu01","Gold Glove",1979,"AL","","3B"
"burleri01","Gold Glove",1979,"AL","","SS"
"coopece01","Gold Glove",1979,"AL","","1B"
"evansdw01","Gold Glove",1979,"AL","","OF"
"lezcasi01","Gold Glove",1979,"AL","","OF"
"lynnfr01","Gold Glove",1979,"AL","","OF"
"palmeji01","Gold Glove",1979,"AL","","P"
"sundbji01","Gold Glove",1979,"AL","","C"
"whitefr01","Gold Glove",1979,"AL","","2B"
"baylodo01","MVP",1979,"AL","",""
"kernji01","Rolaids Relief",1979,"AL","",""
"castijo01","Rookie of the Year",1979,"AL","Y",""
"griffal01","Rookie of the Year",1979,"AL","Y",""
"parkeda01","AS MVP",1979,"ML","",""
"stargwi01","WS MVP",1979,"ML","",""
"suttebr01","Cy Young",1979,"NL","",""
"boonebo01","Gold Glove",1979,"NL","","C"
"conceda01","Gold Glove",1979,"NL","","SS"
"hernake01","Gold Glove",1979,"NL","","1B"
"maddoga01","Gold Glove",1979,"NL","","OF"
"niekrph01","Gold Glove",1979,"NL","","P"
"parkeda01","Gold Glove",1979,"NL","","OF"
"schmimi01","Gold Glove",1979,"NL","","3B"
"trillma01","Gold Glove",1979,"NL","","2B"
"winfida01","Gold Glove",1979,"NL","","OF"
"hernake01","MVP",1979,"NL","Y",""
"stargwi01","MVP",1979,"NL","Y",""
"stargwi01","NLCS MVP",1979,"NL","",""
"suttebr01","Rolaids Relief",1979,"NL","",""
"sutclri01","Rookie of the Year",1979,"NL","",""
"whitefr01","ALCS MVP",1980,"AL","",""
"stonest01","Cy Young",1980,"AL","",""
"bellbu01","Gold Glove",1980,"AL","","3B"
"coopece01","Gold Glove",1980,"AL","","1B"
"lynnfr01","Gold Glove",1980,"AL","","OF"
"murphdw01","Gold Glove",1980,"AL","","OF"
"norrimi01","Gold Glove",1980,"AL","","P"
"sundbji01","Gold Glove",1980,"AL","","C"
"trammal01","Gold Glove",1980,"AL","","SS"
"whitefr01","Gold Glove",1980,"AL","","2B"
"wilsowi02","Gold Glove",1980,"AL","","OF"
"brettge01","MVP",1980,"AL","",""
"quiseda01","Rolaids Relief",1980,"AL","",""
"charbjo01","Rookie of the Year",1980,"AL","",""
"griffke01","AS MVP",1980,"ML","",""
"schmimi01","WS MVP",1980,"ML","",""
"carltst01","Cy Young",1980,"NL","",""
"cartega01","Gold Glove",1980,"NL","","C"
"dawsoan01","Gold Glove",1980,"NL","","OF"
"flynndo01","Gold Glove",1980,"NL","","2B"
"hernake01","Gold Glove",1980,"NL","","1B"
"maddoga01","Gold Glove",1980,"NL","","OF"
"niekrph01","Gold Glove",1980,"NL","","P"
"schmimi01","Gold Glove",1980,"NL","","3B"
"smithoz01","Gold Glove",1980,"NL","","SS"
"winfida01","Gold Glove",1980,"NL","","OF"
"schmimi01","MVP",1980,"NL","",""
"trillma01","NLCS MVP",1980,"NL","",""
"fingero01","Rolaids Relief",1980,"NL","",""
"howest01","Rookie of the Year",1980,"NL","",""
"nettlgr01","ALCS MVP",1981,"AL","",""
"fingero01","Cy Young",1981,"AL","",""
"bellbu01","Gold Glove",1981,"AL","","3B"
"evansdw01","Gold Glove",1981,"AL","","OF"
"henderi01","Gold Glove",1981,"AL","","OF"
"murphdw01","Gold Glove",1981,"AL","","OF"
"norrimi01","Gold Glove",1981,"AL","","P"
"squirmi01","Gold Glove",1981,"AL","","1B"
"sundbji01","Gold Glove",1981,"AL","","C"
"trammal01","Gold Glove",1981,"AL","","SS"
"whitefr01","Gold Glove",1981,"AL","","2B"
"fingero01","MVP",1981,"AL","",""
"fingero01","Rolaids Relief",1981,"AL","",""
"righeda01","Rookie of the Year",1981,"AL","",""
"cartega01","AS MVP",1981,"ML","",""
"ceyro01","WS MVP",1981,"ML","Y",""
"guerrpe01","WS MVP",1981,"ML","Y",""
"yeagest01","WS MVP",1981,"ML","Y",""
"valenfe01","Cy Young",1981,"NL","",""
"bakerdu01","Gold Glove",1981,"NL","","OF"
"carltst01","Gold Glove",1981,"NL","","P"
"cartega01","Gold Glove",1981,"NL","","C"
"dawsoan01","Gold Glove",1981,"NL","","OF"
"hernake01","Gold Glove",1981,"NL","","1B"
"maddoga01","Gold Glove",1981,"NL","","OF"
"schmimi01","Gold Glove",1981,"NL","","3B"
"smithoz01","Gold Glove",1981,"NL","","SS"
"trillma01","Gold Glove",1981,"NL","","2B"
"schmimi01","MVP",1981,"NL","",""
"hootobu01","NLCS MVP",1981,"NL","",""
"suttebr01","Rolaids Relief",1981,"NL","",""
"valenfe01","Rookie of the Year",1981,"NL","",""
"lynnfr01","ALCS MVP",1982,"AL","",""
"vuckope01","Cy Young",1982,"AL","",""
"bellbu01","Gold Glove",1982,"AL","","3B"
"boonebo01","Gold Glove",1982,"AL","","C"
"evansdw01","Gold Glove",1982,"AL","","OF"
"guidrro01","Gold Glove",1982,"AL","","P"
"murphdw01","Gold Glove",1982,"AL","","OF"
"murraed02","Gold Glove",1982,"AL","","1B"
"whitefr01","Gold Glove",1982,"AL","","2B"
"winfida01","Gold Glove",1982,"AL","","OF"
"yountro01","Gold Glove",1982,"AL","","SS"
"yountro01","MVP",1982,"AL","",""
"quiseda01","Rolaids Relief",1982,"AL","",""
"ripkeca01","Rookie of the Year",1982,"AL","",""
"conceda01","AS MVP",1982,"ML","",""
"porteda02","WS MVP",1982,"ML","",""
"carltst01","Cy Young",1982,"NL","",""
"cartega01","Gold Glove",1982,"NL","","C"
"dawsoan01","Gold Glove",1982,"NL","","OF"
"hernake01","Gold Glove",1982,"NL","","1B"
"maddoga01","Gold Glove",1982,"NL","","OF"
"murphda05","Gold Glove",1982,"NL","","OF"
"niekrph01","Gold Glove",1982,"NL","","P"
"schmimi01","Gold Glove",1982,"NL","","3B"
"smithoz01","Gold Glove",1982,"NL","","SS"
"trillma01","Gold Glove",1982,"NL","","2B"
"murphda05","MVP",1982,"NL","",""
"porteda02","NLCS MVP",1982,"NL","",""
"suttebr01","Rolaids Relief",1982,"NL","",""
"saxst01","Rookie of the Year",1982,"NL","",""
"boddimi01","ALCS MVP",1983,"AL","",""
"hoytla01","Cy Young",1983,"AL","",""
"bellbu01","Gold Glove",1983,"AL","","3B"
"evansdw01","Gold Glove",1983,"AL","","OF"
"guidrro01","Gold Glove",1983,"AL","","P"
"murphdw01","Gold Glove",1983,"AL","","OF"
"murraed02","Gold Glove",1983,"AL","","1B"
"parrila02","Gold Glove",1983,"AL","","C"
"trammal01","Gold Glove",1983,"AL","","SS"
"whitalo01","Gold Glove",1983,"AL","","2B"
"winfida01","Gold Glove",1983,"AL","","OF"
"ripkeca01","MVP",1983,"AL","",""
"quiseda01","Rolaids Relief",1983,"AL","",""
"kittlro01","Rookie of the Year",1983,"AL","",""
"lynnfr01","AS MVP",1983,"ML","",""
"dempsri01","WS MVP",1983,"ML","",""
"dennyjo01","Cy Young",1983,"NL","",""
"dawsoan01","Gold Glove",1983,"NL","","OF"
"hernake01","Gold Glove",1983,"NL","","1B"
"mcgeewi01","Gold Glove",1983,"NL","","OF"
"murphda05","Gold Glove",1983,"NL","","OF"
"niekrph01","Gold Glove",1983,"NL","","P"
"penato01","Gold Glove",1983,"NL","","C"
"sandbry01","Gold Glove",1983,"NL","","2B"
"schmimi01","Gold Glove",1983,"NL","","3B"
"smithoz01","Gold Glove",1983,"NL","","SS"
"murphda05","MVP",1983,"NL","",""
"matthga01","NLCS MVP",1983,"NL","",""
"hollaal01","Rolaids Relief",1983,"NL","",""
"strawda01","Rookie of the Year",1983,"NL","",""
"gibsoki01","ALCS MVP",1984,"AL","",""
"hernawi01","Cy Young",1984,"AL","",""
"bellbu01","Gold Glove",1984,"AL","","3B"
"evansdw01","Gold Glove",1984,"AL","","OF"
"guidrro01","Gold Glove",1984,"AL","","P"
"murphdw01","Gold Glove",1984,"AL","","OF"
"murraed02","Gold Glove",1984,"AL","","1B"
"parrila02","Gold Glove",1984,"AL","","C"
"trammal01","Gold Glove",1984,"AL","","SS"
"whitalo01","Gold Glove",1984,"AL","","2B"
"winfida01","Gold Glove",1984,"AL","","OF"
"hernawi01","MVP",1984,"AL","",""
"quiseda01","Rolaids Relief",1984,"AL","",""
"davisal01","Rookie of the Year",1984,"AL","",""
"cartega01","AS MVP",1984,"ML","",""
"trammal01","WS MVP",1984,"ML","",""
"sutclri01","Cy Young",1984,"NL","",""
"andujjo01","Gold Glove",1984,"NL","","P"
"dawsoan01","Gold Glove",1984,"NL","","OF"
"dernibo01","Gold Glove",1984,"NL","","OF"
"hernake01","Gold Glove",1984,"NL","","1B"
"murphda05","Gold Glove",1984,"NL","","OF"
"penato01","Gold Glove",1984,"NL","","C"
"sandbry01","Gold Glove",1984,"NL","","2B"
"schmimi01","Gold Glove",1984,"NL","","3B"
"smithoz01","Gold Glove",1984,"NL","","SS"
"sandbry01","MVP",1984,"NL","",""
"garvest01","NLCS MVP",1984,"NL","",""
"suttebr01","Rolaids Relief",1984,"NL","",""
"goodedw01","Rookie of the Year",1984,"NL","",""
"brettge01","ALCS MVP",1985,"AL","",""
"saberbr01","Cy Young",1985,"AL","",""
"brettge01","Gold Glove",1985,"AL","","3B"
"evansdw01","Gold Glove",1985,"AL","Y","OF"
"griffal01","Gold Glove",1985,"AL","","SS"
"guidrro01","Gold Glove",1985,"AL","","P"
"mattido01","Gold Glove",1985,"AL","","1B"
"murphdw01","Gold Glove",1985,"AL","Y","OF"
"parrila02","Gold Glove",1985,"AL","","C"
"pettiga01","Gold Glove",1985,"AL","","OF"
"whitalo01","Gold Glove",1985,"AL","","2B"
"winfida01","Gold Glove",1985,"AL","","OF"
"mattido01","MVP",1985,"AL","",""
"quiseda01","Rolaids Relief",1985,"AL","",""
"guilloz01","Rookie of the Year",1985,"AL","",""
"hoytla01","AS MVP",1985,"ML","",""
"saberbr01","WS MVP",1985,"ML","",""
"goodedw01","Cy Young",1985,"NL","",""
"dawsoan01","Gold Glove",1985,"NL","","OF"
"hernake01","Gold Glove",1985,"NL","","1B"
"mcgeewi01","Gold Glove",1985,"NL","","OF"
"murphda05","Gold Glove",1985,"NL","","OF"
"penato01","Gold Glove",1985,"NL","","C"
"reuscri01","Gold Glove",1985,"NL","","P"
"sandbry01","Gold Glove",1985,"NL","","2B"
"smithoz01","Gold Glove",1985,"NL","","SS"
"wallati01","Gold Glove",1985,"NL","","3B"
"mcgeewi01","MVP",1985,"NL","",""
"smithoz01","NLCS MVP",1985,"NL","",""
"reardje01","Rolaids Relief",1985,"NL","",""
"colemvi01","Rookie of the Year",1985,"NL","",""
"goodedw01","Triple Crown",1985,"NL","",""
"barrema02","ALCS MVP",1986,"AL","",""
"clemero02","Cy Young",1986,"AL","",""
"barfije01","Gold Glove",1986,"AL","","OF"
"boonebo01","Gold Glove",1986,"AL","","C"
"fernato01","Gold Glove",1986,"AL","","SS"
"gaettga01","Gold Glove",1986,"AL","","3B"
"guidrro01","Gold Glove",1986,"AL","","P"
"mattido01","Gold Glove",1986,"AL","","1B"
"pettiga01","Gold Glove",1986,"AL","","OF"
"puckeki01","Gold Glove",1986,"AL","","OF"
"whitefr01","Gold Glove",1986,"AL","","2B"
"clemero02","MVP",1986,"AL","",""
"righeda01","Rolaids Relief",1986,"AL","",""
"cansejo01","Rookie of the Year",1986,"AL","",""
"clemero02","AS MVP",1986,"ML","",""
"knighra01","WS MVP",1986,"ML","",""
"scottmi03","Cy Young",1986,"NL","",""
"davisjo02","Gold Glove",1986,"NL","","C"
"gwynnto01","Gold Glove",1986,"NL","","OF"
"hernake01","Gold Glove",1986,"NL","","1B"
"mcgeewi01","Gold Glove",1986,"NL","","OF"
"murphda05","Gold Glove",1986,"NL","","OF"
"sandbry01","Gold Glove",1986,"NL","","2B"
"schmimi01","Gold Glove",1986,"NL","","3B"
"smithoz01","Gold Glove",1986,"NL","","SS"
"valenfe01","Gold Glove",1986,"NL","","P"
"schmimi01","MVP",1986,"NL","",""
"scottmi03","NLCS MVP",1986,"NL","",""
"worreto01","Rolaids Relief",1986,"NL","",""
"worreto01","Rookie of the Year",1986,"NL","",""
"gaettga01","ALCS MVP",1987,"AL","",""
"clemero02","Cy Young",1987,"AL","",""
"barfije01","Gold Glove",1987,"AL","","OF"
"boonebo01","Gold Glove",1987,"AL","","C"
"fernato01","Gold Glove",1987,"AL","","SS"
"gaettga01","Gold Glove",1987,"AL","","3B"
"langsma01","Gold Glove",1987,"AL","","P"
"mattido01","Gold Glove",1987,"AL","","1B"
"puckeki01","Gold Glove",1987,"AL","","OF"
"whitefr01","Gold Glove",1987,"AL","","2B"
"winfida01","Gold Glove",1987,"AL","","OF"
"bellge02","MVP",1987,"AL","",""
"righeda01","Rolaids Relief",1987,"AL","",""
"mcgwima01","Rookie of the Year",1987,"AL","",""
"raineti01","AS MVP",1987,"ML","",""
"violafr01","WS MVP",1987,"ML","",""
"bedrost01","Cy Young",1987,"NL","",""
"daviser01","Gold Glove",1987,"NL","","OF"
"dawsoan01","Gold Glove",1987,"NL","","OF"
"gwynnto01","Gold Glove",1987,"NL","","OF"
"hernake01","Gold Glove",1987,"NL","","1B"
"lavalmi01","Gold Glove",1987,"NL","","C"
"pendlte01","Gold Glove",1987,"NL","","3B"
"reuscri01","Gold Glove",1987,"NL","","P"
"sandbry01","Gold Glove",1987,"NL","","2B"
"smithoz01","Gold Glove",1987,"NL","","SS"
"dawsoan01","MVP",1987,"NL","",""
"leonaje01","NLCS MVP",1987,"NL","",""
"bedrost01","Rolaids Relief",1987,"NL","",""
"santibe01","Rookie of the Year",1987,"NL","",""
"eckerde01","ALCS MVP",1988,"AL","",""
"violafr01","Cy Young",1988,"AL","",""
"boonebo01","Gold Glove",1988,"AL","","C"
"fernato01","Gold Glove",1988,"AL","","SS"
"gaettga01","Gold Glove",1988,"AL","","3B"
"langsma01","Gold Glove",1988,"AL","","P"
"mattido01","Gold Glove",1988,"AL","","1B"
"pettiga01","Gold Glove",1988,"AL","","OF"
"puckeki01","Gold Glove",1988,"AL","","OF"
"reynoha01","Gold Glove",1988,"AL","","2B"
"whitede03","Gold Glove",1988,"AL","","OF"
"cansejo01","MVP",1988,"AL","",""
"eckerde01","Rolaids Relief",1988,"AL","",""
"weisswa01","Rookie of the Year",1988,"AL","",""
"steinte01","AS MVP",1988,"ML","",""
"hershor01","WS MVP",1988,"ML","",""
"hershor01","Cy Young",1988,"NL","",""
"daviser01","Gold Glove",1988,"NL","","OF"
"dawsoan01","Gold Glove",1988,"NL","","OF"
"hernake01","Gold Glove",1988,"NL","","1B"
"hershor01","Gold Glove",1988,"NL","","P"
"sandbry01","Gold Glove",1988,"NL","","2B"
"santibe01","Gold Glove",1988,"NL","","C"
"smithoz01","Gold Glove",1988,"NL","","SS"
"vanslan01","Gold Glove",1988,"NL","","OF"
"wallati01","Gold Glove",1988,"NL","","3B"
"gibsoki01","MVP",1988,"NL","",""
"hershor01","NLCS MVP",1988,"NL","",""
"francjo01","Rolaids Relief",1988,"NL","",""
"saboch01","Rookie of the Year",1988,"NL","",""
"henderi01","ALCS MVP",1989,"AL","",""
"saberbr01","Cy Young",1989,"AL","",""
"boonebo01","Gold Glove",1989,"AL","","C"
"fernato01","Gold Glove",1989,"AL","","SS"
"gaettga01","Gold Glove",1989,"AL","","3B"
"mattido01","Gold Glove",1989,"AL","","1B"
"pettiga01","Gold Glove",1989,"AL","","OF"
"puckeki01","Gold Glove",1989,"AL","","OF"
"reynoha01","Gold Glove",1989,"AL","","2B"
"saberbr01","Gold Glove",1989,"AL","","P"
"whitede03","Gold Glove",1989,"AL","","OF"
"yountro01","MVP",1989,"AL","",""
"russeje01","Rolaids Relief",1989,"AL","",""
"olsongr01","Rookie of the Year",1989,"AL","",""
"jacksbo01","AS MVP",1989,"ML","",""
"stewada01","WS MVP",1989,"ML","",""
"davisma01","Cy Young",1989,"NL","",""
"darliro01","Gold Glove",1989,"NL","","P"
"daviser01","Gold Glove",1989,"NL","","OF"
"galaran01","Gold Glove",1989,"NL","","1B"
"gwynnto01","Gold Glove",1989,"NL","","OF"
"pendlte01","Gold Glove",1989,"NL","","3B"
"sandbry01","Gold Glove",1989,"NL","","2B"
"santibe01","Gold Glove",1989,"NL","","C"
"smithoz01","Gold Glove",1989,"NL","","SS"
"vanslan01","Gold Glove",1989,"NL","","OF"
"mitchke01","MVP",1989,"NL","",""
"clarkwi02","NLCS MVP",1989,"NL","",""
"davisma01","Rolaids Relief",1989,"NL","",""
"waltoje01","Rookie of the Year",1989,"NL","",""
"stewada01","ALCS MVP",1990,"AL","",""
"welchbo01","Cy Young",1990,"AL","",""
"alomasa02","Gold Glove",1990,"AL","","C"
"boddimi01","Gold Glove",1990,"AL","","P"
"burksel01","Gold Glove",1990,"AL","","OF"
"griffke02","Gold Glove",1990,"AL","","OF"
"grubeke01","Gold Glove",1990,"AL","","3B"
"guilloz01","Gold Glove",1990,"AL","","SS"
"mcgwima01","Gold Glove",1990,"AL","","1B"
"pettiga01","Gold Glove",1990,"AL","","OF"
"reynoha01","Gold Glove",1990,"AL","","2B"
"henderi01","MVP",1990,"AL","",""
"thigpbo01","Rolaids Relief",1990,"AL","",""
"alomasa02","Rookie of the Year",1990,"AL","",""
"francju01","AS MVP",1990,"ML","",""
"rijojo01","WS MVP",1990,"ML","",""
"drabedo01","Cy Young",1990,"NL","",""
"bondsba01","Gold Glove",1990,"NL","","OF"
"galaran01","Gold Glove",1990,"NL","","1B"
"gwynnto01","Gold Glove",1990,"NL","","OF"
"maddugr01","Gold Glove",1990,"NL","","P"
"sandbry01","Gold Glove",1990,"NL","","2B"
"santibe01","Gold Glove",1990,"NL","","C"
"smithoz01","Gold Glove",1990,"NL","","SS"
"vanslan01","Gold Glove",1990,"NL","","OF"
"wallati01","Gold Glove",1990,"NL","","3B"
"bondsba01","MVP",1990,"NL","",""
"dibblro01","NLCS MVP",1990,"NL","",""
"myersra01","NLCS MVP",1990,"NL","",""
"francjo01","Rolaids Relief",1990,"NL","",""
"justida01","Rookie of the Year",1990,"NL","",""
"puckeki01","ALCS MVP",1991,"AL","",""
"clemero02","Cy Young",1991,"AL","",""
"alomaro01","Gold Glove",1991,"AL","","2B"
"griffke02","Gold Glove",1991,"AL","","OF"
"langsma01","Gold Glove",1991,"AL","","P"
"mattido01","Gold Glove",1991,"AL","","1B"
"penato01","Gold Glove",1991,"AL","","C"
"puckeki01","Gold Glove",1991,"AL","","OF"
"ripkeca01","Gold Glove",1991,"AL","","SS"
"venturo01","Gold Glove",1991,"AL","","3B"
"whitede03","Gold Glove",1991,"AL","","OF"
"ripkeca01","MVP",1991,"AL","",""
"harvebr01","Rolaids Relief",1991,"AL","",""
"knoblch01","Rookie of the Year",1991,"AL","",""
"ripkeca01","AS MVP",1991,"ML","",""
"morrija02","WS MVP",1991,"ML","",""
"glavito02","Cy Young",1991,"NL","",""
"bondsba01","Gold Glove",1991,"NL","","OF"
"clarkwi02","Gold Glove",1991,"NL","","1B"
"gwynnto01","Gold Glove",1991,"NL","","OF"
"maddugr01","Gold Glove",1991,"NL","","P"
"pagnoto01","Gold Glove",1991,"NL","","C"
"sandbry01","Gold Glove",1991,"NL","","2B"
"smithoz01","Gold Glove",1991,"NL","","SS"
"vanslan01","Gold Glove",1991,"NL","","OF"
"willima04","Gold Glove",1991,"NL","","3B"
"pendlte01","MVP",1991,"NL","",""
"averyst01","NLCS MVP",1991,"NL","",""
"smithle02","Rolaids Relief",1991,"NL","",""
"bagweje01","Rookie of the Year",1991,"NL","",""
"alomaro01","ALCS MVP",1992,"AL","",""
"eckerde01","Cy Young",1992,"AL","",""
"alomaro01","Gold Glove",1992,"AL","","2B"
"griffke02","Gold Glove",1992,"AL","","OF"
"langsma01","Gold Glove",1992,"AL","","P"
"mattido01","Gold Glove",1992,"AL","","1B"
"puckeki01","Gold Glove",1992,"AL","","OF"
"ripkeca01","Gold Glove",1992,"AL","","SS"
"rodriiv01","Gold Glove",1992,"AL","","C"
"venturo01","Gold Glove",1992,"AL","","3B"
"whitede03","Gold Glove",1992,"AL","","OF"
"eckerde01","MVP",1992,"AL","",""
"eckerde01","Rolaids Relief",1992,"AL","",""
"listapa01","Rookie of the Year",1992,"AL","",""
"griffke02","AS MVP",1992,"ML","",""
"bordepa01","WS MVP",1992,"ML","",""
"maddugr01","Cy Young",1992,"NL","",""
"bondsba01","Gold Glove",1992,"NL","","OF"
"gracema01","Gold Glove",1992,"NL","","1B"
"lindjo01","Gold Glove",1992,"NL","","2B"
"maddugr01","Gold Glove",1992,"NL","","P"
"pagnoto01","Gold Glove",1992,"NL","","C"
"pendlte01","Gold Glove",1992,"NL","","3B"
"smithoz01","Gold Glove",1992,"NL","","SS"
"vanslan01","Gold Glove",1992,"NL","","OF"
"walkela01","Gold Glove",1992,"NL","","OF"
"bondsba01","MVP",1992,"NL","",""
"smoltjo01","NLCS MVP",1992,"NL","",""
"smithle02","Rolaids Relief",1992,"NL","",""
"karroer01","Rookie of the Year",1992,"NL","",""
"stewada01","ALCS MVP",1993,"AL","",""
"mcdowja01","Cy Young",1993,"AL","",""
"alomaro01","Gold Glove",1993,"AL","","2B"
"griffke02","Gold Glove",1993,"AL","","OF"
"langsma01","Gold Glove",1993,"AL","","P"
"loftoke01","Gold Glove",1993,"AL","","OF"
"mattido01","Gold Glove",1993,"AL","","1B"
"rodriiv01","Gold Glove",1993,"AL","","C"
"venturo01","Gold Glove",1993,"AL","","3B"
"vizquom01","Gold Glove",1993,"AL","","SS"
"whitede03","Gold Glove",1993,"AL","","OF"
"thomafr04","MVP",1993,"AL","",""
"montgje01","Rolaids Relief",1993,"AL","",""
"salmoti01","Rookie of the Year",1993,"AL","",""
"puckeki01","AS MVP",1993,"ML","",""
"molitpa01","WS MVP",1993,"ML","",""
"maddugr01","Cy Young",1993,"NL","",""
"bellja01","Gold Glove",1993,"NL","","SS"
"bondsba01","Gold Glove",1993,"NL","","OF"
"gracema01","Gold Glove",1993,"NL","","1B"
"grissma02","Gold Glove",1993,"NL","","OF"
"maddugr01","Gold Glove",1993,"NL","","P"
"manwaki01","Gold Glove",1993,"NL","","C"
"thompro01","Gold Glove",1993,"NL","","2B"
"walkela01","Gold Glove",1993,"NL","","OF"
"willima04","Gold Glove",1993,"NL","","3B"
"bondsba01","MVP",1993,"NL","",""
"schilcu01","NLCS MVP",1993,"NL","",""
"myersra01","Rolaids Relief",1993,"NL","",""
"piazzmi01","Rookie of the Year",1993,"NL","",""
"coneda01","Cy Young",1994,"AL","",""
"alomaro01","Gold Glove",1994,"AL","","2B"
"boggswa01","Gold Glove",1994,"AL","","3B"
"griffke02","Gold Glove",1994,"AL","","OF"
"langsma01","Gold Glove",1994,"AL","","P"
"loftoke01","Gold Glove",1994,"AL","","OF"
"mattido01","Gold Glove",1994,"AL","","1B"
"rodriiv01","Gold Glove",1994,"AL","","C"
"vizquom01","Gold Glove",1994,"AL","","SS"
"whitede03","Gold Glove",1994,"AL","","OF"
"thomafr04","MVP",1994,"AL","",""
"smithle02","Rolaids Relief",1994,"AL","",""
"hamelbo01","Rookie of the Year",1994,"AL","",""
"mcgrifr01","AS MVP",1994,"ML","",""
"maddugr01","Cy Young",1994,"NL","",""
"bagweje01","Gold Glove",1994,"NL","","1B"
"biggicr01","Gold Glove",1994,"NL","","2B"
"bondsba01","Gold Glove",1994,"NL","","OF"
"grissma02","Gold Glove",1994,"NL","","OF"
"larkiba01","Gold Glove",1994,"NL","","SS"
"lewisda01","Gold Glove",1994,"NL","","OF"
"maddugr01","Gold Glove",1994,"NL","","P"
"pagnoto01","Gold Glove",1994,"NL","","C"
"willima04","Gold Glove",1994,"NL","","3B"
"bagweje01","MVP",1994,"NL","",""
"beckro01","Rolaids Relief",1994,"NL","",""
"mondera01","Rookie of the Year",1994,"NL","",""
"hershor01","ALCS MVP",1995,"AL","",""
"johnsra05","Cy Young",1995,"AL","",""
"alomaro01","Gold Glove",1995,"AL","","2B"
"boggswa01","Gold Glove",1995,"AL","","3B"
"griffke02","Gold Glove",1995,"AL","","OF"
"langsma01","Gold Glove",1995,"AL","","P"
"loftoke01","Gold Glove",1995,"AL","","OF"
"rodriiv01","Gold Glove",1995,"AL","","C"
"snowjt01","Gold Glove",1995,"AL","","1B"
"vizquom01","Gold Glove",1995,"AL","","SS"
"whitede03","Gold Glove",1995,"AL","","OF"
"vaughmo01","MVP",1995,"AL","",""
"mesajo01","Rolaids Relief",1995,"AL","",""
"cordoma01","Rookie of the Year",1995,"AL","",""
"coninje01","AS MVP",1995,"ML","",""
"glavito02","WS MVP",1995,"ML","",""
"maddugr01","Cy Young",1995,"NL","",""
"biggicr01","Gold Glove",1995,"NL","","2B"
"caminke01","Gold Glove",1995,"NL","","3B"
"finlest01","Gold Glove",1995,"NL","","OF"
"gracema01","Gold Glove",1995,"NL","","1B"
"grissma02","Gold Glove",1995,"NL","","OF"
"johnsch04","Gold Glove",1995,"NL","","C"
"larkiba01","Gold Glove",1995,"NL","","SS"
"maddugr01","Gold Glove",1995,"NL","","P"
"mondera01","Gold Glove",1995,"NL","","OF"
"larkiba01","MVP",1995,"NL","",""
"devermi01","NLCS MVP",1995,"NL","",""
"henketo01","Rolaids Relief",1995,"NL","",""
"nomohi01","Rookie of the Year",1995,"NL","",""
"willibe02","ALCS MVP",1996,"AL","",""
"hentgpa01","Cy Young",1996,"AL","",""
"alomaro01","Gold Glove",1996,"AL","","2B"
"buhneja01","Gold Glove",1996,"AL","","OF"
"griffke02","Gold Glove",1996,"AL","","OF"
"loftoke01","Gold Glove",1996,"AL","","OF"
"mussimi01","Gold Glove",1996,"AL","","P"
"rodriiv01","Gold Glove",1996,"AL","","C"
"snowjt01","Gold Glove",1996,"AL","","1B"
"venturo01","Gold Glove",1996,"AL","","3B"
"vizquom01","Gold Glove",1996,"AL","","SS"
"gonzaju03","MVP",1996,"AL","",""
"wettejo01","Rolaids Relief",1996,"AL","",""
"jeterde01","Rookie of the Year",1996,"AL","",""
"piazzmi01","AS MVP",1996,"ML","",""
"wettejo01","WS MVP",1996,"ML","",""
"smoltjo01","Cy Young",1996,"NL","",""
"biggicr01","Gold Glove",1996,"NL","","2B"
"bondsba01","Gold Glove",1996,"NL","","OF"
"caminke01","Gold Glove",1996,"NL","","3B"
"finlest01","Gold Glove",1996,"NL","","OF"
"gracema01","Gold Glove",1996,"NL","","1B"
"grissma02","Gold Glove",1996,"NL","","OF"
"johnsch04","Gold Glove",1996,"NL","","C"
"larkiba01","Gold Glove",1996,"NL","","SS"
"maddugr01","Gold Glove",1996,"NL","","P"
"caminke01","MVP",1996,"NL","",""
"lopezja01","NLCS MVP",1996,"NL","",""
"brantje01","Rolaids Relief",1996,"NL","",""
"hollato01","Rookie of the Year",1996,"NL","",""
"grissma02","ALCS MVP",1997,"AL","",""
"clemero02","Cy Young",1997,"AL","",""
"edmonji01","Gold Glove",1997,"AL","","OF"
"griffke02","Gold Glove",1997,"AL","","OF"
"knoblch01","Gold Glove",1997,"AL","","2B"
"mussimi01","Gold Glove",1997,"AL","","P"
"palmera01","Gold Glove",1997,"AL","","1B"
"rodriiv01","Gold Glove",1997,"AL","","C"
"vizquom01","Gold Glove",1997,"AL","","SS"
"willibe02","Gold Glove",1997,"AL","","OF"
"willima04","Gold Glove",1997,"AL","","3B"
"griffke02","MVP",1997,"AL","",""
"myersra01","Rolaids Relief",1997,"AL","",""
"garcino01","Rookie of the Year",1997,"AL","",""
"clemero02","Triple Crown",1997,"AL","",""
"alomasa02","AS MVP",1997,"ML","",""
"hernali01","WS MVP",1997,"ML","",""
"martipe02","Cy Young",1997,"NL","",""
"biggicr01","Gold Glove",1997,"NL","","2B"
"bondsba01","Gold Glove",1997,"NL","","OF"
"caminke01","Gold Glove",1997,"NL","","3B"
"johnsch04","Gold Glove",1997,"NL","","C"
"maddugr01","Gold Glove",1997,"NL","","P"
"mondera01","Gold Glove",1997,"NL","","OF"
"ordonre01","Gold Glove",1997,"NL","","SS"
"snowjt01","Gold Glove",1997,"NL","","1B"
"walkela01","Gold Glove",1997,"NL","","OF"
"walkela01","MVP",1997,"NL","",""
"hernali01","NLCS MVP",1997,"NL","",""
"shawje01","Rolaids Relief",1997,"NL","",""
"rolensc01","Rookie of the Year",1997,"NL","",""
"wellsda01","ALCS MVP",1998,"AL","",""
"clemero02","Cy Young",1998,"AL","",""
"alomaro01","Gold Glove",1998,"AL","","2B"
"edmonji01","Gold Glove",1998,"AL","","OF"
"griffke02","Gold Glove",1998,"AL","","OF"
"mussimi01","Gold Glove",1998,"AL","","P"
"palmera01","Gold Glove",1998,"AL","","1B"
"rodriiv01","Gold Glove",1998,"AL","","C"
"venturo01","Gold Glove",1998,"AL","","3B"
"vizquom01","Gold Glove",1998,"AL","","SS"
"willibe02","Gold Glove",1998,"AL","","OF"
"gonzaju03","MVP",1998,"AL","",""
"gordoto01","Rolaids Relief",1998,"AL","",""
"grievbe01","Rookie of the Year",1998,"AL","",""
"clemero02","Triple Crown",1998,"AL","",""
"alomaro01","AS MVP",1998,"ML","",""
"brosisc01","WS MVP",1998,"ML","",""
"glavito02","Cy Young",1998,"NL","",""
"bondsba01","Gold Glove",1998,"NL","","OF"
"boonebr01","Gold Glove",1998,"NL","","2B"
"johnsch04","Gold Glove",1998,"NL","","C"
"jonesan01","Gold Glove",1998,"NL","","OF"
"maddugr01","Gold Glove",1998,"NL","","P"
"ordonre01","Gold Glove",1998,"NL","","SS"
"rolensc01","Gold Glove",1998,"NL","","3B"
"snowjt01","Gold Glove",1998,"NL","","1B"
"walkela01","Gold Glove",1998,"NL","","OF"
"sosasa01","MVP",1998,"NL","",""
"hitchst01","NLCS MVP",1998,"NL","",""
"hoffmtr01","Rolaids Relief",1998,"NL","",""
"woodke02","Rookie of the Year",1998,"NL","",""
"hernaor01","ALCS MVP",1999,"AL","",""
"martipe02","Cy Young",1999,"AL","",""
"alomaro01","Gold Glove",1999,"AL","","2B"
"brosisc01","Gold Glove",1999,"AL","","3B"
"greensh01","Gold Glove",1999,"AL","","OF"
"griffke02","Gold Glove",1999,"AL","","OF"
"mussimi01","Gold Glove",1999,"AL","","P"
"palmera01","Gold Glove",1999,"AL","","1B"
"rodriiv01","Gold Glove",1999,"AL","","C"
"vizquom01","Gold Glove",1999,"AL","","SS"
"willibe02","Gold Glove",1999,"AL","","OF"
"rodriiv01","MVP",1999,"AL","",""
"riverma01","Rolaids Relief",1999,"AL","",""
"beltrca01","Rookie of the Year",1999,"AL","",""
"martipe02","Triple Crown",1999,"AL","",""
"martipe02","AS MVP",1999,"ML","",""
"riverma01","WS MVP",1999,"ML","",""
"johnsra05","Cy Young",1999,"NL","",""
"finlest01","Gold Glove",1999,"NL","","OF"
"jonesan01","Gold Glove",1999,"NL","","OF"
"liebemi01","Gold Glove",1999,"NL","","C"
"maddugr01","Gold Glove",1999,"NL","","P"
"ordonre01","Gold Glove",1999,"NL","","SS"
"reesepo01","Gold Glove",1999,"NL","","2B"
"snowjt01","Gold Glove",1999,"NL","","1B"
"venturo01","Gold Glove",1999,"NL","","3B"
"walkela01","Gold Glove",1999,"NL","","OF"
"jonesch06","MVP",1999,"NL","",""
"perezed02","NLCS MVP",1999,"NL","",""
"wagnebi02","Rolaids Relief",1999,"NL","",""
"willisc01","Rookie of the Year",1999,"NL","",""
"justida01","ALCS MVP",2000,"AL","",""
"martipe02","Cy Young",2000,"AL","",""
"alomaro01","Gold Glove",2000,"AL","","2B"
"dyeje01","Gold Glove",2000,"AL","","OF"
"erstada01","Gold Glove",2000,"AL","","OF"
"frymatr01","Gold Glove",2000,"AL","","3B"
"olerujo01","Gold Glove",2000,"AL","","1B"
"rodriiv01","Gold Glove",2000,"AL","","C"
"rogerke01","Gold Glove",2000,"AL","","P"
"vizquom01","Gold Glove",2000,"AL","","SS"
"willibe02","Gold Glove",2000,"AL","","OF"
"giambja01","MVP",2000,"AL","",""
"jonesto02","Rolaids Relief",2000,"AL","",""
"sasakka01","Rookie of the Year",2000,"AL","",""
"jeterde01","AS MVP",2000,"ML","",""
"jeterde01","WS MVP",2000,"ML","",""
"johnsra05","Cy Young",2000,"NL","",""
"edmonji01","Gold Glove",2000,"NL","","OF"
"finlest01","Gold Glove",2000,"NL","","OF"
"jonesan01","Gold Glove",2000,"NL","","OF"
"maddugr01","Gold Glove",2000,"NL","","P"
"mathemi01","Gold Glove",2000,"NL","","C"
"perezne01","Gold Glove",2000,"NL","","SS"
"reesepo01","Gold Glove",2000,"NL","","2B"
"rolensc01","Gold Glove",2000,"NL","","3B"
"snowjt01","Gold Glove",2000,"NL","","1B"
"kentje01","MVP",2000,"NL","",""
"hamptmi01","NLCS MVP",2000,"NL","",""
"alfonan01","Rolaids Relief",2000,"NL","",""
"furcara01","Rookie of the Year",2000,"NL","",""
"pettian01","ALCS MVP",2001,"AL","",""
"clemero02","Cy Young",2001,"AL","",""
"alomaro01","Gold Glove",2001,"AL","","2B"
"camermi01","Gold Glove",2001,"AL","","OF"
"chaveer01","Gold Glove",2001,"AL","","3B"
"hunteto01","Gold Glove",2001,"AL","","OF"
"mientdo01","Gold Glove",2001,"AL","","1B"
"mussimi01","Gold Glove",2001,"AL","","P"
"rodriiv01","Gold Glove",2001,"AL","","C"
"suzukic01","Gold Glove",2001,"AL","","OF"
"vizquom01","Gold Glove",2001,"AL","","SS"
"suzukic01","MVP",2001,"AL","",""
"riverma01","Rolaids Relief",2001,"AL","",""
"suzukic01","Rookie of the Year",2001,"AL","",""
"ripkeca01","AS MVP",2001,"ML","",""
"johnsra05","WS MVP",2001,"ML","Y",""
"schilcu01","WS MVP",2001,"ML","Y",""
"johnsra05","Cy Young",2001,"NL","",""
"ausmubr01","Gold Glove",2001,"NL","","C"
"cabreor01","Gold Glove",2001,"NL","","SS"
"edmonji01","Gold Glove",2001,"NL","","OF"
"heltoto01","Gold Glove",2001,"NL","","1B"
"jonesan01","Gold Glove",2001,"NL","","OF"
"maddugr01","Gold Glove",2001,"NL","","P"
"rolensc01","Gold Glove",2001,"NL","","3B"
"vinafe01","Gold Glove",2001,"NL","","2B"
"walkela01","Gold Glove",2001,"NL","","OF"
"bondsba01","MVP",2001,"NL","",""
"counscr01","NLCS MVP",2001,"NL","",""
"benitar01","Rolaids Relief",2001,"NL","",""
"pujolal01","Rookie of the Year",2001,"NL","",""
"kennead01","ALCS MVP",2002,"AL","",""
"zitoba01","Cy Young",2002,"AL","",""
"johnsra05","Cy Young",2002,"NL","",""
"boonebr01","Gold Glove",2002,"AL","","2B"
"erstada01","Gold Glove",2002,"AL","","OF"
"chaveer01","Gold Glove",2002,"AL","","3B"
"hunteto01","Gold Glove",2002,"AL","","OF"
"olerujo01","Gold Glove",2002,"AL","","1B"
"rogerke01","Gold Glove",2002,"AL","","P"
"molinbe01","Gold Glove",2002,"AL","","C"
"suzukic01","Gold Glove",2002,"AL","","OF"
"rodrial01","Gold Glove",2002,"AL","","SS"
"ausmubr01","Gold Glove",2002,"NL","","C"
"renteed01","Gold Glove",2002,"NL","","SS"
"edmonji01","Gold Glove",2002,"NL","","OF"
"heltoto01","Gold Glove",2002,"NL","","1B"
"jonesan01","Gold Glove",2002,"NL","","OF"
"maddugr01","Gold Glove",2002,"NL","","P"
"rolensc01","Gold Glove",2002,"NL","","3B"
"vinafe01","Gold Glove",2002,"NL","","2B"
"walkela01","Gold Glove",2002,"NL","","OF"
"tejadmi01","MVP",2002,"AL","",""
"bondsba01","MVP",2002,"NL","",""
"santibe01","NLCS MVP",2002,"NL","",""
"kochbi01","Rolaids Relief",2002,"AL","",""
"smoltjo01","Rolaids Relief",2002,"NL","",""
"hinsker01","Rookie of the Year",2002,"AL","",""
"jennija01","Rookie of the Year",2002,"NL","",""
"glaustr01","WS MVP",2002,"ML","",""
