"ansonca01m",1892,"CHN","NL",1,71,31,39,8
"ansonca01m",1892,"CHN","NL",2,76,39,37,7
"barnibi01m",1892,"WSN","NL",1,2,0,2,7
"buckeal99m",1892,"PIT","NL",1,29,15,14,6
"buckeal99m",1892,"PIT","NL",2,66,38,27,4
"burnsto01m",1892,"PIT","NL",1,47,22,25,6
"burnsto01m",1892,"PIT","NL",2,13,5,7,4
"carutbo01m",1892,"SLN","NL",2,50,16,32,11
"chapmja01m",1892,"LS3","NL",1,54,21,33,11
"comisch01m",1892,"CIN","NL",1,77,44,31,4
"comisch01m",1892,"CIN","NL",2,78,38,37,8
"crookja01m",1892,"SLN","NL",1,47,24,22,9
"crookja01m",1892,"SLN","NL",2,15,3,11,11
"glassja01m",1892,"SLN","NL",1,4,1,3,9
"gorege01m",1892,"SLN","NL",2,16,6,9,11
"hanlone01m",1892,"BLN","NL",1,56,17,39,12
"hanlone01m",1892,"BLN","NL",2,77,26,46,10
"irwinar01m",1892,"WSN","NL",1,74,35,39,7
"irwinar01m",1892,"WSN","NL",2,34,11,21,12
"pfefffr01m",1892,"LS3","NL",1,23,9,14,11
"pfefffr01m",1892,"LS3","NL",2,77,33,42,9
"powerpa99m",1892,"NY1","NL",1,74,31,43,10
"powerpa99m",1892,"NY1","NL",2,79,40,37,6
"richada01m",1892,"WSN","NL",2,43,12,31,12
"seleefr99m",1892,"BSN","NL",1,75,52,22,1
"seleefr99m",1892,"BSN","NL",2,77,50,26,2
"striccu01m",1892,"SLN","NL",1,23,6,17,9
"tebeapa01m",1892,"CL4","NL",1,74,40,33,5
"tebeapa01m",1892,"CL4","NL",2,79,53,23,1
"vanhage01m",1892,"BLN","NL",1,11,1,10,12
"waltzjo99m",1892,"BLN","NL",1,8,2,6,12
"wardjo01m",1892,"BRO","NL",1,78,51,26,2
"wardjo01m",1892,"BRO","NL",2,80,44,33,3
"wrighha01m",1892,"PHI","NL",1,77,46,30,3
"wrighha01m",1892,"PHI","NL",2,78,41,36,5
"andersp01m",1981,"DET","AL",1,57,31,26,4
"andersp01m",1981,"DET","AL",2,52,29,23,2
"fregoji01m",1981,"CAL","AL",1,47,22,25,4
"freyji99m",1981,"KCA","AL",1,50,20,30,5
"freyji99m",1981,"KCA","AL",2,20,10,10,1
"garcida99m",1981,"CLE","AL",1,50,26,24,6
"garcida99m",1981,"CLE","AL",2,53,26,27,5
"gardnbi02m",1981,"MIN","AL",1,20,6,14,7
"gardnbi02m",1981,"MIN","AL",2,53,24,29,4
"goryljo01m",1981,"MIN","AL",1,37,11,25,7
"houkra01m",1981,"BOS","AL",1,56,30,26,5
"houkra01m",1981,"BOS","AL",2,52,29,23,2
"howsedi01m",1981,"KCA","AL",2,33,20,13,1
"lachere01m",1981,"SEA","AL",1,33,15,18,6
"lachere01m",1981,"SEA","AL",2,52,23,29,5
"larusto01m",1981,"CHA","AL",1,53,31,22,3
"larusto01m",1981,"CHA","AL",2,53,23,30,6
"lemonbo01m",1981,"NYA","AL",2,25,11,14,6
"martibi02m",1981,"OAK","AL",1,60,37,23,1
"martibi02m",1981,"OAK","AL",2,49,27,22,2
"mattibo01m",1981,"TOR","AL",1,58,16,42,7
"mattibo01m",1981,"TOR","AL",2,48,21,27,7
"mauchge01m",1981,"CAL","AL",1,13,9,4,4
"mauchge01m",1981,"CAL","AL",2,50,20,30,7
"michage01m",1981,"NYA","AL",1,56,34,22,1
"michage01m",1981,"NYA","AL",2,26,14,12,6
"rodgebu01m",1981,"ML4","AL",1,56,31,25,3
"rodgebu01m",1981,"ML4","AL",2,53,31,22,1
"weaveea99m",1981,"BAL","AL",1,54,31,23,2
"weaveea99m",1981,"BAL","AL",2,51,28,23,4
"willsma01m",1981,"SEA","AL",1,25,6,18,6
"zimmedo01m",1981,"TEX","AL",1,55,33,22,2
"zimmedo01m",1981,"TEX","AL",2,50,24,26,3
"amalfjo01m",1981,"CHN","NL",1,54,15,37,6
"amalfjo01m",1981,"CHN","NL",2,52,23,28,5
"coxbo01m",1981,"ATL","NL",1,55,25,29,4
"coxbo01m",1981,"ATL","NL",2,52,25,27,5
"fanniji01m",1981,"MON","NL",2,27,16,11,1
"greenda02m",1981,"PHI","NL",1,55,34,21,1
"greenda02m",1981,"PHI","NL",2,52,25,27,3
"herzowh01m",1981,"SLN","NL",1,51,30,20,2
"herzowh01m",1981,"SLN","NL",2,52,29,23,2
"howarfr01m",1981,"SDN","NL",1,56,23,33,6
"howarfr01m",1981,"SDN","NL",2,54,18,36,6
"lasorto01m",1981,"LAN","NL",1,57,36,21,1
"lasorto01m",1981,"LAN","NL",2,53,27,26,4
"mcnamjo99m",1981,"CIN","NL",1,56,35,21,2
"mcnamjo99m",1981,"CIN","NL",2,52,31,21,2
"robinfr02m",1981,"SFN","NL",1,59,27,32,5
"robinfr02m",1981,"SFN","NL",2,52,29,23,3
"tannech01m",1981,"PIT","NL",1,49,25,23,4
"tannech01m",1981,"PIT","NL",2,54,21,33,6
"torrejo01m",1981,"NYN","NL",1,52,17,34,5
"torrejo01m",1981,"NYN","NL",2,53,24,28,4
"virdobi01m",1981,"HOU","NL",1,57,28,29,3
"virdobi01m",1981,"HOU","NL",2,53,33,20,1
"willidi02m",1981,"MON","NL",1,55,30,25,3
"willidi02m",1981,"MON","NL",2,26,14,12,1
