"RecNum","LahmanID","Award","Tie","Year","League","Pos"
1,"whitefr01","ALCS MVP",,1980,"AL",
2,"nettlgr01","ALCS MVP",,1981,"AL",
3,"lynnfr01","ALCS MVP",,1982,"AL",
4,"boddimi01","ALCS MVP",,1983,"AL",
5,"gibsoki01","ALCS MVP",,1984,"AL",
6,"brettge01","ALCS MVP",,1985,"AL",
7,"barrema02","ALCS MVP",,1986,"AL",
8,"gaettga01","ALCS MVP",,1987,"AL",
9,"eckerde01","ALCS MVP",,1988,"AL",
10,"henderi01","ALCS MVP",,1989,"AL",
11,"stewada01","ALCS MVP",,1990,"AL",
12,"puckeki01","ALCS MVP",,1991,"AL",
13,"alomaro01","ALCS MVP",,1992,"AL",
14,"stewada01","ALCS MVP",,1993,"AL",
15,"hershor01","ALCS MVP",,1995,"AL",
16,"willibe02","ALCS MVP",,1996,"AL",
17,"grissma02","ALCS MVP",,1997,"AL",
18,"wellsda01","ALCS MVP",,1998,"AL",
19,"wagnele01","AS MVP",,1962,"ML","1st Game"
20,"willsma01","AS MVP",,1962,"ML","2nd Game"
21,"mayswi01","AS MVP",,1963,"ML",
22,"callijo01","AS MVP",,1964,"ML",
23,"maricju01","AS MVP",,1965,"ML",
24,"robinbr01","AS MVP",,1966,"ML",
25,"perezto01","AS MVP",,1967,"ML",
26,"mayswi01","AS MVP",,1968,"ML",
27,"mccovwi01","AS MVP",,1969,"ML",
28,"yastrca01","AS MVP",,1970,"ML",
29,"robinfr02","AS MVP",,1971,"ML",
30,"morgajo02","AS MVP",,1972,"ML",
31,"bondsbo01","AS MVP",,1973,"ML",
32,"garvest01","AS MVP",,1974,"ML",
33,"madlobi01","AS MVP","Y",1975,"ML",
34,"matlajo01","AS MVP","Y",1975,"ML",
35,"fostege01","AS MVP",,1976,"ML",
36,"suttodo01","AS MVP",,1977,"ML",
37,"garvest01","AS MVP",,1978,"ML",
38,"parkeda01","AS MVP",,1979,"ML",
39,"griffke01","AS MVP",,1980,"ML",
40,"cartega01","AS MVP",,1981,"ML",
41,"conceda01","AS MVP",,1982,"ML",
42,"lynnfr01","AS MVP",,1983,"ML",
43,"cartega01","AS MVP",,1984,"ML",
44,"hoytla01","AS MVP",,1985,"ML",
45,"clemero02","AS MVP",,1986,"ML",
46,"raineti01","AS MVP",,1987,"ML",
47,"steinte01","AS MVP",,1988,"ML",
48,"jacksbo01","AS MVP",,1989,"ML",
49,"francju01","AS MVP",,1990,"ML",
50,"ripkeca01","AS MVP",,1991,"ML",
51,"griffke02","AS MVP",,1992,"ML",
52,"puckeki01","AS MVP",,1993,"ML",
53,"mcgrifr01","AS MVP",,1994,"ML",
54,"coninje01","AS MVP",,1995,"ML",
55,"piazzmi01","AS MVP",,1996,"ML",
56,"alomasa02","AS MVP",,1997,"ML",
57,"alomaro01","AS MVP",,1998,"ML",
58,"newcodo01","Cy Young",,1956,"ML",
59,"spahnwa01","Cy Young",,1957,"ML",
60,"turlebo01","Cy Young",,1958,"ML",
61,"wynnea01","Cy Young",,1959,"ML",
62,"lawve01","Cy Young",,1960,"ML",
63,"fordwh01","Cy Young",,1961,"ML",
64,"drysddo01","Cy Young",,1962,"ML",
65,"koufasa01","Cy Young",,1963,"ML",
66,"chancde01","Cy Young",,1964,"ML",
67,"koufasa01","Cy Young",,1965,"ML",
68,"koufasa01","Cy Young",,1966,"ML",
69,"lonboji01","Cy Young",,1967,"AL",
70,"mccormi03","Cy Young",,1967,"NL",
71,"mclaide01","Cy Young",,1968,"AL",
72,"gibsobo01","Cy Young",,1968,"NL",
73,"cuellmi01","Cy Young","Y",1969,"AL",
74,"mclaide01","Cy Young","Y",1969,"AL",
75,"seaveto01","Cy Young",,1969,"NL",
76,"perryji01","Cy Young",,1970,"AL",
77,"gibsobo01","Cy Young",,1970,"NL",
78,"bluevi01","Cy Young",,1971,"AL",
79,"jenkife01","Cy Young",,1971,"NL",
80,"carltst01","Cy Young",,1972,"AL",
81,"perryga01","Cy Young",,1972,"NL",
82,"seaveto01","Cy Young",,1973,"AL",
83,"palmeji01","Cy Young",,1973,"NL",
84,"hunteca01","Cy Young",,1974,"AL",
85,"marshmi01","Cy Young",,1974,"NL",
86,"seaveto01","Cy Young",,1975,"AL",
87,"palmeji01","Cy Young",,1975,"NL",
88,"palmeji01","Cy Young",,1976,"AL",
89,"jonesra01","Cy Young",,1976,"NL",
90,"lylesp01","Cy Young",,1977,"AL",
91,"carltst01","Cy Young",,1977,"NL",
92,"guidrro01","Cy Young",,1978,"AL",
93,"perryga01","Cy Young",,1978,"NL",
94,"flanami01","Cy Young",,1979,"AL",
95,"suttebr01","Cy Young",,1979,"NL",
96,"stonest01","Cy Young",,1980,"AL",
97,"carltst01","Cy Young",,1980,"NL",
98,"fingero01","Cy Young",,1981,"AL",
99,"valenfe01","Cy Young",,1981,"NL",
100,"vuckope01","Cy Young",,1982,"AL",
101,"carltst01","Cy Young",,1982,"NL",
102,"hoytla01","Cy Young",,1983,"AL",
103,"dennyjo01","Cy Young",,1983,"NL",
104,"hernawi01","Cy Young",,1984,"AL",
105,"sutclri01","Cy Young",,1984,"NL",
106,"saberbr01","Cy Young",,1985,"AL",
107,"goodedw01","Cy Young",,1985,"NL",
108,"clemero02","Cy Young",,1986,"AL",
109,"scottmi03","Cy Young",,1986,"NL",
110,"clemero02","Cy Young",,1987,"AL",
111,"bedrost01","Cy Young",,1987,"NL",
112,"violafr01","Cy Young",,1988,"AL",
113,"hershor01","Cy Young",,1988,"NL",
114,"saberbr01","Cy Young",,1989,"AL",
115,"davisma01","Cy Young",,1989,"NL",
116,"welchbo01","Cy Young",,1990,"AL",
117,"drabedo01","Cy Young",,1990,"NL",
118,"clemero02","Cy Young",,1991,"AL",
119,"glavito02","Cy Young",,1991,"NL",
120,"eckerde01","Cy Young",,1992,"AL",
121,"maddugr01","Cy Young",,1992,"NL",
122,"mcdowja01","Cy Young",,1993,"AL",
123,"maddugr01","Cy Young",,1993,"NL",
124,"coneda01","Cy Young",,1994,"AL",
125,"maddugr01","Cy Young",,1994,"NL",
126,"johnsra05","Cy Young",,1995,"AL",
127,"maddugr01","Cy Young",,1995,"NL",
128,"hentgpa01","Cy Young",,1996,"AL",
129,"smoltjo01","Cy Young",,1996,"NL",
130,"clemero02","Cy Young",,1997,"AL",
131,"martipe03","Cy Young",,1997,"NL",
132,"clemero02","Cy Young",,1998,"AL",
133,"glavito02","Cy Young",,1998,"NL",
134,"hodgegi01","Gold Glove",,1957,"ML","1B"
135,"foxne01","Gold Glove",,1957,"ML","2B"
136,"malzofr01","Gold Glove",,1957,"ML","3B"
137,"lollash01","Gold Glove",,1957,"ML","C"
138,"mayswi01","Gold Glove",,1957,"ML","CF"
139,"minosmi01","Gold Glove",,1957,"ML","LF"
140,"shantbo01","Gold Glove",,1957,"ML","P"
141,"kalinal01","Gold Glove",,1957,"ML","RF"
142,"mcmilro01","Gold Glove",,1957,"ML","SS"
143,"powervi01","Gold Glove",,1958,"AL","1B"
144,"bollifr01","Gold Glove",,1958,"AL","2B"
145,"malzofr01","Gold Glove",,1958,"AL","3B"
146,"lollash01","Gold Glove",,1958,"AL","C"
147,"piersji01","Gold Glove",,1958,"AL","CF"
148,"siebeno01","Gold Glove",,1958,"AL","LF"
149,"shantbo01","Gold Glove",,1958,"AL","P"
150,"kalinal01","Gold Glove",,1958,"AL","RF"
151,"aparilu01","Gold Glove",,1958,"AL","SS"
152,"hodgegi01","Gold Glove",,1958,"NL","1B"
153,"mazerbi01","Gold Glove",,1958,"NL","2B"
154,"boyerke01","Gold Glove",,1958,"NL","3B"
155,"crandde01","Gold Glove",,1958,"NL","C"
156,"mayswi01","Gold Glove",,1958,"NL","CF"
157,"robinfr02","Gold Glove",,1958,"NL","LF"
158,"haddiha01","Gold Glove",,1958,"NL","P"
159,"aaronha01","Gold Glove",,1958,"NL","RF"
160,"mcmilro01","Gold Glove",,1958,"NL","SS"
161,"powervi01","Gold Glove",,1959,"AL","1B"
162,"foxne01","Gold Glove",,1959,"AL","2B"
163,"malzofr01","Gold Glove",,1959,"AL","3B"
164,"lollash01","Gold Glove",,1959,"AL","C"
165,"kalinal01","Gold Glove",,1959,"AL","CF"
166,"minosmi01","Gold Glove",,1959,"AL","LF"
167,"shantbo01","Gold Glove",,1959,"AL","P"
168,"jenseja01","Gold Glove",,1959,"AL","RF"
169,"aparilu01","Gold Glove",,1959,"AL","SS"
170,"hodgegi01","Gold Glove",,1959,"NL","1B"
171,"nealch01","Gold Glove",,1959,"NL","2B"
172,"boyerke01","Gold Glove",,1959,"NL","3B"
173,"crandde01","Gold Glove",,1959,"NL","C"
174,"mayswi01","Gold Glove",,1959,"NL","CF"
175,"brandja01","Gold Glove",,1959,"NL","LF"
176,"haddiha01","Gold Glove",,1959,"NL","P"
177,"aaronha01","Gold Glove",,1959,"NL","RF"
178,"mcmilro01","Gold Glove",,1959,"NL","SS"
179,"powervi01","Gold Glove",,1960,"AL","1B"
180,"foxne01","Gold Glove",,1960,"AL","2B"
181,"robinbr01","Gold Glove",,1960,"AL","3B"
182,"batteea01","Gold Glove",,1960,"AL","C"
183,"landiji01","Gold Glove",,1960,"AL","CF"
184,"minosmi01","Gold Glove",,1960,"AL","LF"
185,"shantbo01","Gold Glove",,1960,"AL","P"
186,"marisro01","Gold Glove",,1960,"AL","RF"
187,"aparilu01","Gold Glove",,1960,"AL","SS"
188,"whitebi03","Gold Glove",,1960,"NL","1B"
189,"mazerbi01","Gold Glove",,1960,"NL","2B"
190,"boyerke01","Gold Glove",,1960,"NL","3B"
191,"crandde01","Gold Glove",,1960,"NL","C"
192,"mayswi01","Gold Glove",,1960,"NL","CF"
193,"moonwa01","Gold Glove",,1960,"NL","LF"
194,"haddiha01","Gold Glove",,1960,"NL","P"
195,"aaronha01","Gold Glove",,1960,"NL","RF"
196,"bankser01","Gold Glove",,1960,"NL","SS"
197,"powervi01","Gold Glove",,1961,"AL","1B"
198,"richabo01","Gold Glove",,1961,"AL","2B"
199,"robinbr01","Gold Glove",,1961,"AL","3B"
200,"batteea01","Gold Glove",,1961,"AL","C"
201,"kalinal01","Gold Glove",,1961,"AL","OF"
202,"landiji01","Gold Glove",,1961,"AL","OF"
203,"piersji01","Gold Glove",,1961,"AL","OF"
204,"laryfr01","Gold Glove",,1961,"AL","P"
205,"aparilu01","Gold Glove",,1961,"AL","SS"
206,"whitebi03","Gold Glove",,1961,"NL","1B"
207,"mazerbi01","Gold Glove",,1961,"NL","2B"
208,"boyerke01","Gold Glove",,1961,"NL","3B"
209,"rosebjo01","Gold Glove",,1961,"NL","C"
210,"clemero01","Gold Glove",,1961,"NL","OF"
211,"mayswi01","Gold Glove",,1961,"NL","OF"
212,"pinsova01","Gold Glove",,1961,"NL","OF"
213,"shantbo01","Gold Glove",,1961,"NL","P"
214,"willsma01","Gold Glove",,1961,"NL","SS"
215,"powervi01","Gold Glove",,1962,"AL","1B"
216,"richabo01","Gold Glove",,1962,"AL","2B"
217,"robinbr01","Gold Glove",,1962,"AL","3B"
218,"batteea01","Gold Glove",,1962,"AL","C"
219,"kalinal01","Gold Glove",,1962,"AL","OF"
220,"mantlmi01","Gold Glove",,1962,"AL","OF"
221,"landiji01","Gold Glove",,1962,"AL","OF"
222,"kaatji01","Gold Glove",,1962,"AL","P"
223,"aparilu01","Gold Glove",,1962,"AL","SS"
224,"whitebi03","Gold Glove",,1962,"NL","1B"
225,"hubbske01","Gold Glove",,1962,"NL","2B"
226,"davenji01","Gold Glove",,1962,"NL","3B"
227,"crandde01","Gold Glove",,1962,"NL","C"
228,"clemero01","Gold Glove",,1962,"NL","OF"
229,"mayswi01","Gold Glove",,1962,"NL","OF"
230,"virdobi01","Gold Glove",,1962,"NL","OF"
231,"shantbo01","Gold Glove",,1962,"NL","P"
232,"willsma01","Gold Glove",,1962,"NL","SS"
233,"powervi01","Gold Glove",,1963,"AL","1B"
234,"richabo01","Gold Glove",,1963,"AL","2B"
235,"robinbr01","Gold Glove",,1963,"AL","3B"
236,"howarel01","Gold Glove",,1963,"AL","C"
237,"kalinal01","Gold Glove",,1963,"AL","OF"
238,"yastrca01","Gold Glove",,1963,"AL","OF"
239,"landiji01","Gold Glove",,1963,"AL","OF"
240,"kaatji01","Gold Glove",,1963,"AL","P"
241,"versazo01","Gold Glove",,1963,"AL","SS"
242,"whitebi03","Gold Glove",,1963,"NL","1B"
243,"mazerbi01","Gold Glove",,1963,"NL","2B"
244,"boyerke01","Gold Glove",,1963,"NL","3B"
245,"edwarjo01","Gold Glove",,1963,"NL","C"
246,"clemero01","Gold Glove",,1963,"NL","OF"
247,"floodcu01","Gold Glove",,1963,"NL","OF"
248,"mayswi01","Gold Glove",,1963,"NL","OF"
249,"shantbo01","Gold Glove",,1963,"NL","P"
250,"winebo01","Gold Glove",,1963,"NL","SS"
251,"powervi01","Gold Glove",,1964,"AL","1B"
252,"richabo01","Gold Glove",,1964,"AL","2B"
253,"robinbr01","Gold Glove",,1964,"AL","3B"
254,"howarel01","Gold Glove",,1964,"AL","C"
255,"kalinal01","Gold Glove",,1964,"AL","OF"
256,"davalvi01","Gold Glove",,1964,"AL","OF"
257,"landiji01","Gold Glove",,1964,"AL","OF"
258,"kaatji01","Gold Glove",,1964,"AL","P"
259,"aparilu01","Gold Glove",,1964,"AL","SS"
260,"whitebi03","Gold Glove",,1964,"NL","1B"
261,"mazerbi01","Gold Glove",,1964,"NL","2B"
262,"santoro01","Gold Glove",,1964,"NL","3B"
263,"edwarjo01","Gold Glove",,1964,"NL","C"
264,"clemero01","Gold Glove",,1964,"NL","OF"
265,"floodcu01","Gold Glove",,1964,"NL","OF"
266,"mayswi01","Gold Glove",,1964,"NL","OF"
267,"shantbo01","Gold Glove",,1964,"NL","P"
268,"amaroru01","Gold Glove",,1964,"NL","SS"
269,"pepitjo01","Gold Glove",,1965,"AL","1B"
270,"richabo01","Gold Glove",,1965,"AL","2B"
271,"robinbr01","Gold Glove",,1965,"AL","3B"
272,"freehbi01","Gold Glove",,1965,"AL","C"
273,"kalinal01","Gold Glove",,1965,"AL","OF"
274,"yastrca01","Gold Glove",,1965,"AL","OF"
275,"treshto01","Gold Glove",,1965,"AL","OF"
276,"kaatji01","Gold Glove",,1965,"AL","P"
277,"versazo01","Gold Glove",,1965,"AL","SS"
278,"whitebi03","Gold Glove",,1965,"NL","1B"
279,"mazerbi01","Gold Glove",,1965,"NL","2B"
280,"santoro01","Gold Glove",,1965,"NL","3B"
281,"torrejo01","Gold Glove",,1965,"NL","C"
282,"clemero01","Gold Glove",,1965,"NL","OF"
283,"floodcu01","Gold Glove",,1965,"NL","OF"
284,"mayswi01","Gold Glove",,1965,"NL","OF"
285,"gibsobo01","Gold Glove",,1965,"NL","P"
286,"cardele01","Gold Glove",,1965,"NL","SS"
287,"pepitjo01","Gold Glove",,1966,"AL","1B"
288,"knoopbo01","Gold Glove",,1966,"AL","2B"
289,"robinbr01","Gold Glove",,1966,"AL","3B"
290,"freehbi01","Gold Glove",,1966,"AL","C"
291,"kalinal01","Gold Glove",,1966,"AL","OF"
292,"ageeto01","Gold Glove",,1966,"AL","OF"
293,"olivato01","Gold Glove",,1966,"AL","OF"
294,"kaatji01","Gold Glove",,1966,"AL","P"
295,"aparilu01","Gold Glove",,1966,"AL","SS"
296,"whitebi03","Gold Glove",,1966,"NL","1B"
297,"mazerbi01","Gold Glove",,1966,"NL","2B"
298,"santoro01","Gold Glove",,1966,"NL","3B"
299,"rosebjo01","Gold Glove",,1966,"NL","C"
300,"clemero01","Gold Glove",,1966,"NL","OF"
301,"floodcu01","Gold Glove",,1966,"NL","OF"
302,"mayswi01","Gold Glove",,1966,"NL","OF"
303,"gibsobo01","Gold Glove",,1966,"NL","P"
304,"alleyge01","Gold Glove",,1966,"NL","SS"
305,"scottge02","Gold Glove",,1967,"AL","1B"
306,"knoopbo01","Gold Glove",,1967,"AL","2B"
307,"robinbr01","Gold Glove",,1967,"AL","3B"
308,"freehbi01","Gold Glove",,1967,"AL","C"
309,"blairpa01","Gold Glove",,1967,"AL","OF"
310,"kalinal01","Gold Glove",,1967,"AL","OF"
311,"yastrca01","Gold Glove",,1967,"AL","OF"
312,"kaatji01","Gold Glove",,1967,"AL","P"
313,"fregoji01","Gold Glove",,1967,"AL","SS"
314,"parkewe01","Gold Glove",,1967,"NL","1B"
315,"mazerbi01","Gold Glove",,1967,"NL","2B"
316,"santoro01","Gold Glove",,1967,"NL","3B"
317,"hundlra01","Gold Glove",,1967,"NL","C"
318,"clemero01","Gold Glove",,1967,"NL","OF"
319,"floodcu01","Gold Glove",,1967,"NL","OF"
320,"mayswi01","Gold Glove",,1967,"NL","OF"
321,"gibsobo01","Gold Glove",,1967,"NL","P"
322,"alleyge01","Gold Glove",,1967,"NL","SS"
323,"scottge02","Gold Glove",,1968,"AL","1B"
324,"knoopbo01","Gold Glove",,1968,"AL","2B"
325,"robinbr01","Gold Glove",,1968,"AL","3B"
326,"freehbi01","Gold Glove",,1968,"AL","C"
327,"yastrca01","Gold Glove",,1968,"AL","OF"
328,"smithre06","Gold Glove",,1968,"AL","OF"
329,"stanlmi01","Gold Glove",,1968,"AL","OF"
330,"kaatji01","Gold Glove",,1968,"AL","P"
331,"aparilu01","Gold Glove",,1968,"AL","SS"
332,"parkewe01","Gold Glove",,1968,"NL","1B"
333,"beckegl01","Gold Glove",,1968,"NL","2B"
334,"santoro01","Gold Glove",,1968,"NL","3B"
335,"benchjo01","Gold Glove",,1968,"NL","C"
336,"clemero01","Gold Glove",,1968,"NL","OF"
337,"floodcu01","Gold Glove",,1968,"NL","OF"
338,"mayswi01","Gold Glove",,1968,"NL","OF"
339,"gibsobo01","Gold Glove",,1968,"NL","P"
340,"maxvida01","Gold Glove",,1968,"NL","SS"
341,"pepitjo01","Gold Glove",,1969,"AL","1B"
342,"johnsda02","Gold Glove",,1969,"AL","2B"
343,"robinbr01","Gold Glove",,1969,"AL","3B"
344,"freehbi01","Gold Glove",,1969,"AL","C"
345,"blairpa01","Gold Glove",,1969,"AL","OF"
346,"yastrca01","Gold Glove",,1969,"AL","OF"
347,"stanlmi01","Gold Glove",,1969,"AL","OF"
348,"kaatji01","Gold Glove",,1969,"AL","P"
349,"belanma01","Gold Glove",,1969,"AL","SS"
350,"parkewe01","Gold Glove",,1969,"NL","1B"
351,"millafe01","Gold Glove",,1969,"NL","2B"
352,"boyercl02","Gold Glove",,1969,"NL","3B"
353,"benchjo01","Gold Glove",,1969,"NL","C"
354,"clemero01","Gold Glove",,1969,"NL","OF"
355,"floodcu01","Gold Glove",,1969,"NL","OF"
356,"rosepe01","Gold Glove",,1969,"NL","OF"
357,"gibsobo01","Gold Glove",,1969,"NL","P"
358,"kessido01","Gold Glove",,1969,"NL","SS"
359,"spencji01","Gold Glove",,1970,"AL","1B"
360,"johnsda02","Gold Glove",,1970,"AL","2B"
361,"robinbr01","Gold Glove",,1970,"AL","3B"
362,"fossera01","Gold Glove",,1970,"AL","C"
363,"blairpa01","Gold Glove",,1970,"AL","OF"
364,"berryke01","Gold Glove",,1970,"AL","OF"
365,"stanlmi01","Gold Glove",,1970,"AL","OF"
366,"kaatji01","Gold Glove",,1970,"AL","P"
367,"aparilu01","Gold Glove",,1970,"AL","SS"
368,"parkewe01","Gold Glove",,1970,"NL","1B"
369,"helmsto01","Gold Glove",,1970,"NL","2B"
370,"raderdo02","Gold Glove",,1970,"NL","3B"
371,"benchjo01","Gold Glove",,1970,"NL","C"
372,"clemero01","Gold Glove",,1970,"NL","OF"
373,"ageeto01","Gold Glove",,1970,"NL","OF"
374,"rosepe01","Gold Glove",,1970,"NL","OF"
375,"gibsobo01","Gold Glove",,1970,"NL","P"
376,"kessido01","Gold Glove",,1970,"NL","SS"
377,"scottge02","Gold Glove",,1971,"AL","1B"
378,"johnsda02","Gold Glove",,1971,"AL","2B"
379,"robinbr01","Gold Glove",,1971,"AL","3B"
380,"fossera01","Gold Glove",,1971,"AL","C"
381,"blairpa01","Gold Glove",,1971,"AL","OF"
382,"otisam01","Gold Glove",,1971,"AL","OF"
383,"yastrca01","Gold Glove",,1971,"AL","OF"
384,"kaatji01","Gold Glove",,1971,"AL","P"
385,"belanma01","Gold Glove",,1971,"AL","SS"
386,"parkewe01","Gold Glove",,1971,"NL","1B"
387,"helmsto01","Gold Glove",,1971,"NL","2B"
388,"raderdo02","Gold Glove",,1971,"NL","3B"
389,"benchjo01","Gold Glove",,1971,"NL","C"
390,"clemero01","Gold Glove",,1971,"NL","OF"
391,"daviswi02","Gold Glove",,1971,"NL","OF"
392,"bondsbo01","Gold Glove",,1971,"NL","OF"
393,"gibsobo01","Gold Glove",,1971,"NL","P"
394,"harrebu01","Gold Glove",,1971,"NL","SS"
395,"scottge02","Gold Glove",,1972,"AL","1B"
396,"griffdo01","Gold Glove",,1972,"AL","2B"
397,"robinbr01","Gold Glove",,1972,"AL","3B"
398,"fiskca01","Gold Glove",,1972,"AL","C"
399,"blairpa01","Gold Glove",,1972,"AL","OF"
400,"berryke01","Gold Glove",,1972,"AL","OF"
401,"murcebo01","Gold Glove",,1972,"AL","OF"
402,"kaatji01","Gold Glove",,1972,"AL","P"
403,"brinked01","Gold Glove",,1972,"AL","SS"
404,"parkewe01","Gold Glove",,1972,"NL","1B"
405,"millafe01","Gold Glove",,1972,"NL","2B"
406,"raderdo02","Gold Glove",,1972,"NL","3B"
407,"benchjo01","Gold Glove",,1972,"NL","C"
408,"cedence01","Gold Glove",,1972,"NL","OF"
409,"clemero01","Gold Glove",,1972,"NL","OF"
410,"daviswi02","Gold Glove",,1972,"NL","OF"
411,"gibsobo01","Gold Glove",,1972,"NL","P"
412,"bowala01","Gold Glove",,1972,"NL","SS"
413,"scottge02","Gold Glove",,1973,"AL","1B"
414,"grichbo01","Gold Glove",,1973,"AL","2B"
415,"robinbr01","Gold Glove",,1973,"AL","3B"
416,"munsoth01","Gold Glove",,1973,"AL","C"
417,"blairpa01","Gold Glove",,1973,"AL","OF"
418,"otisam01","Gold Glove",,1973,"AL","OF"
419,"stanlmi01","Gold Glove",,1973,"AL","OF"
420,"kaatji01","Gold Glove",,1973,"AL","P"
421,"belanma01","Gold Glove",,1973,"AL","SS"
422,"jorgemi01","Gold Glove",,1973,"NL","1B"
423,"morgajo02","Gold Glove",,1973,"NL","2B"
424,"raderdo02","Gold Glove",,1973,"NL","3B"
425,"benchjo01","Gold Glove",,1973,"NL","C"
426,"cedence01","Gold Glove",,1973,"NL","OF"
427,"daviswi02","Gold Glove",,1973,"NL","OF"
428,"bondsbo01","Gold Glove",,1973,"NL","OF"
429,"gibsobo01","Gold Glove",,1973,"NL","P"
430,"metzgro01","Gold Glove",,1973,"NL","SS"
431,"scottge02","Gold Glove",,1974,"AL","1B"
432,"grichbo01","Gold Glove",,1974,"AL","2B"
433,"robinbr01","Gold Glove",,1974,"AL","3B"
434,"munsoth01","Gold Glove",,1974,"AL","C"
435,"blairpa01","Gold Glove",,1974,"AL","OF"
436,"otisam01","Gold Glove",,1974,"AL","OF"
437,"rudijo01","Gold Glove",,1974,"AL","OF"
438,"kaatji01","Gold Glove",,1974,"AL","P"
439,"belanma01","Gold Glove",,1974,"AL","SS"
440,"garvest01","Gold Glove",,1974,"NL","1B"
441,"morgajo02","Gold Glove",,1974,"NL","2B"
442,"raderdo02","Gold Glove",,1974,"NL","3B"
443,"benchjo01","Gold Glove",,1974,"NL","C"
444,"cedence01","Gold Glove",,1974,"NL","OF"
445,"geronce01","Gold Glove",,1974,"NL","OF"
446,"bondsbo01","Gold Glove",,1974,"NL","OF"
447,"messean01","Gold Glove",,1974,"NL","P"
448,"conceda01","Gold Glove",,1974,"NL","SS"
449,"scottge02","Gold Glove",,1975,"AL","1B"
450,"grichbo01","Gold Glove",,1975,"AL","2B"
451,"robinbr01","Gold Glove",,1975,"AL","3B"
452,"munsoth01","Gold Glove",,1975,"AL","C"
453,"blairpa01","Gold Glove",,1975,"AL","OF"
454,"lynnfr01","Gold Glove",,1975,"AL","OF"
455,"rudijo01","Gold Glove",,1975,"AL","OF"
456,"kaatji01","Gold Glove",,1975,"AL","P"
457,"belanma01","Gold Glove",,1975,"AL","SS"
458,"garvest01","Gold Glove",,1975,"NL","1B"
459,"morgajo02","Gold Glove",,1975,"NL","2B"
460,"reitzke01","Gold Glove",,1975,"NL","3B"
461,"benchjo01","Gold Glove",,1975,"NL","C"
462,"cedence01","Gold Glove",,1975,"NL","OF"
463,"geronce01","Gold Glove",,1975,"NL","OF"
464,"maddoga01","Gold Glove",,1975,"NL","OF"
465,"messean01","Gold Glove",,1975,"NL","P"
466,"conceda01","Gold Glove",,1975,"NL","SS"
467,"scottge02","Gold Glove",,1976,"AL","1B"
468,"grichbo01","Gold Glove",,1976,"AL","2B"
469,"rodriau01","Gold Glove",,1976,"AL","3B"
470,"sundbji01","Gold Glove",,1976,"AL","C"
471,"evansdw01","Gold Glove",,1976,"AL","OF"
472,"manniri01","Gold Glove",,1976,"AL","OF"
473,"rudijo01","Gold Glove",,1976,"AL","OF"
474,"palmeji01","Gold Glove",,1976,"AL","P"
475,"belanma01","Gold Glove",,1976,"AL","SS"
476,"garvest01","Gold Glove",,1976,"NL","1B"
477,"morgajo02","Gold Glove",,1976,"NL","2B"
478,"schmimi01","Gold Glove",,1976,"NL","3B"
479,"benchjo01","Gold Glove",,1976,"NL","C"
480,"cedence01","Gold Glove",,1976,"NL","OF"
481,"geronce01","Gold Glove",,1976,"NL","OF"
482,"maddoga01","Gold Glove",,1976,"NL","OF"
483,"kaatji01","Gold Glove",,1976,"NL","P"
484,"conceda01","Gold Glove",,1976,"NL","SS"
485,"spencji01","Gold Glove",,1977,"AL","1B"
486,"whitefr01","Gold Glove",,1977,"AL","2B"
487,"nettlgr01","Gold Glove",,1977,"AL","3B"
488,"sundbji01","Gold Glove",,1977,"AL","C"
489,"beniqju01","Gold Glove",,1977,"AL","OF"
490,"yastrca01","Gold Glove",,1977,"AL","OF"
491,"cowenal01","Gold Glove",,1977,"AL","OF"
492,"palmeji01","Gold Glove",,1977,"AL","P"
493,"belanma01","Gold Glove",,1977,"AL","SS"
494,"garvest01","Gold Glove",,1977,"NL","1B"
495,"morgajo02","Gold Glove",,1977,"NL","2B"
496,"schmimi01","Gold Glove",,1977,"NL","3B"
497,"benchjo01","Gold Glove",,1977,"NL","C"
498,"geronce01","Gold Glove",,1977,"NL","OF"
499,"maddoga01","Gold Glove",,1977,"NL","OF"
500,"parkeda01","Gold Glove",,1977,"NL","OF"
501,"kaatji01","Gold Glove",,1977,"NL","P"
502,"conceda01","Gold Glove",,1977,"NL","SS"
503,"chambch01","Gold Glove",,1978,"AL","1B"
504,"whitefr01","Gold Glove",,1978,"AL","2B"
505,"nettlgr01","Gold Glove",,1978,"AL","3B"
506,"sundbji01","Gold Glove",,1978,"AL","C"
507,"evansdw01","Gold Glove",,1978,"AL","OF"
508,"lynnfr01","Gold Glove",,1978,"AL","OF"
509,"milleri01","Gold Glove",,1978,"AL","OF"
510,"palmeji01","Gold Glove",,1978,"AL","P"
511,"belanma01","Gold Glove",,1978,"AL","SS"
512,"hernake01","Gold Glove",,1978,"NL","1B"
513,"lopesda01","Gold Glove",,1978,"NL","2B"
514,"schmimi01","Gold Glove",,1978,"NL","3B"
515,"boonebo01","Gold Glove",,1978,"NL","C"
516,"maddoga01","Gold Glove",,1978,"NL","OF"
517,"parkeda01","Gold Glove",,1978,"NL","OF"
518,"valenel01","Gold Glove",,1978,"NL","OF"
519,"niekrph01","Gold Glove",,1978,"NL","P"
520,"bowala01","Gold Glove",,1978,"NL","SS"
521,"coopece01","Gold Glove",,1979,"AL","1B"
522,"whitefr01","Gold Glove",,1979,"AL","2B"
523,"bellbu01","Gold Glove",,1979,"AL","3B"
524,"sundbji01","Gold Glove",,1979,"AL","C"
525,"evansdw01","Gold Glove",,1979,"AL","OF"
526,"lynnfr01","Gold Glove",,1979,"AL","OF"
527,"lezcasi01","Gold Glove",,1979,"AL","OF"
528,"palmeji01","Gold Glove",,1979,"AL","P"
529,"burleri01","Gold Glove",,1979,"AL","SS"
530,"hernake01","Gold Glove",,1979,"NL","1B"
531,"trillma01","Gold Glove",,1979,"NL","2B"
532,"schmimi01","Gold Glove",,1979,"NL","3B"
533,"boonebo01","Gold Glove",,1979,"NL","C"
534,"maddoga01","Gold Glove",,1979,"NL","OF"
535,"parkeda01","Gold Glove",,1979,"NL","OF"
536,"winfida01","Gold Glove",,1979,"NL","OF"
537,"niekrph01","Gold Glove",,1979,"NL","P"
538,"conceda01","Gold Glove",,1979,"NL","SS"
539,"coopece01","Gold Glove",,1980,"AL","1B"
540,"whitefr01","Gold Glove",,1980,"AL","2B"
541,"bellbu01","Gold Glove",,1980,"AL","3B"
542,"sundbji01","Gold Glove",,1980,"AL","C"
543,"lynnfr01","Gold Glove",,1980,"AL","OF"
544,"murphdw01","Gold Glove",,1980,"AL","OF"
545,"wilsowi02","Gold Glove",,1980,"AL","OF"
546,"norrimi01","Gold Glove",,1980,"AL","P"
547,"trammal01","Gold Glove",,1980,"AL","SS"
548,"hernake01","Gold Glove",,1980,"NL","1B"
549,"flynndo01","Gold Glove",,1980,"NL","2B"
550,"schmimi01","Gold Glove",,1980,"NL","3B"
551,"cartega01","Gold Glove",,1980,"NL","C"
552,"dawsoan01","Gold Glove",,1980,"NL","OF"
553,"maddoga01","Gold Glove",,1980,"NL","OF"
554,"winfida01","Gold Glove",,1980,"NL","OF"
555,"niekrph01","Gold Glove",,1980,"NL","P"
556,"smithoz01","Gold Glove",,1980,"NL","SS"
557,"squirmi01","Gold Glove",,1981,"AL","1B"
558,"whitefr01","Gold Glove",,1981,"AL","2B"
559,"bellbu01","Gold Glove",,1981,"AL","3B"
560,"sundbji01","Gold Glove",,1981,"AL","C"
561,"evansdw01","Gold Glove",,1981,"AL","OF"
562,"henderi01","Gold Glove",,1981,"AL","OF"
563,"murphdw01","Gold Glove",,1981,"AL","OF"
564,"norrimi01","Gold Glove",,1981,"AL","P"
565,"trammal01","Gold Glove",,1981,"AL","SS"
566,"hernake01","Gold Glove",,1981,"NL","1B"
567,"trillma01","Gold Glove",,1981,"NL","2B"
568,"schmimi01","Gold Glove",,1981,"NL","3B"
569,"cartega01","Gold Glove",,1981,"NL","C"
570,"bakerdu01","Gold Glove",,1981,"NL","OF"
571,"dawsoan01","Gold Glove",,1981,"NL","OF"
572,"maddoga01","Gold Glove",,1981,"NL","OF"
573,"carltst01","Gold Glove",,1981,"NL","P"
574,"smithoz01","Gold Glove",,1981,"NL","SS"
575,"murraed02","Gold Glove",,1982,"AL","1B"
576,"whitefr01","Gold Glove",,1982,"AL","2B"
577,"bellbu01","Gold Glove",,1982,"AL","3B"
578,"boonebo01","Gold Glove",,1982,"AL","C"
579,"evansdw01","Gold Glove",,1982,"AL","OF"
580,"murphdw01","Gold Glove",,1982,"AL","OF"
581,"winfida01","Gold Glove",,1982,"AL","OF"
582,"guidrro01","Gold Glove",,1982,"AL","P"
583,"yountro01","Gold Glove",,1982,"AL","SS"
584,"hernake01","Gold Glove",,1982,"NL","1B"
585,"trillma01","Gold Glove",,1982,"NL","2B"
586,"schmimi01","Gold Glove",,1982,"NL","3B"
587,"cartega01","Gold Glove",,1982,"NL","C"
588,"dawsoan01","Gold Glove",,1982,"NL","OF"
589,"maddoga01","Gold Glove",,1982,"NL","OF"
590,"murphda05","Gold Glove",,1982,"NL","OF"
591,"niekrph01","Gold Glove",,1982,"NL","P"
592,"smithoz01","Gold Glove",,1982,"NL","SS"
593,"murraed02","Gold Glove",,1983,"AL","1B"
594,"whitalo01","Gold Glove",,1983,"AL","2B"
595,"bellbu01","Gold Glove",,1983,"AL","3B"
596,"parrila02","Gold Glove",,1983,"AL","C"
597,"evansdw01","Gold Glove",,1983,"AL","OF"
598,"murphdw01","Gold Glove",,1983,"AL","OF"
599,"winfida01","Gold Glove",,1983,"AL","OF"
600,"guidrro01","Gold Glove",,1983,"AL","P"
601,"trammal01","Gold Glove",,1983,"AL","SS"
602,"hernake01","Gold Glove",,1983,"NL","1B"
603,"sandbry01","Gold Glove",,1983,"NL","2B"
604,"schmimi01","Gold Glove",,1983,"NL","3B"
605,"penato01","Gold Glove",,1983,"NL","C"
606,"dawsoan01","Gold Glove",,1983,"NL","OF"
607,"mcgeewi01","Gold Glove",,1983,"NL","OF"
608,"murphda05","Gold Glove",,1983,"NL","OF"
609,"niekrph01","Gold Glove",,1983,"NL","P"
610,"smithoz01","Gold Glove",,1983,"NL","SS"
611,"murraed02","Gold Glove",,1984,"AL","1B"
612,"whitalo01","Gold Glove",,1984,"AL","2B"
613,"bellbu01","Gold Glove",,1984,"AL","3B"
614,"parrila02","Gold Glove",,1984,"AL","C"
615,"evansdw01","Gold Glove",,1984,"AL","OF"
616,"murphdw01","Gold Glove",,1984,"AL","OF"
617,"winfida01","Gold Glove",,1984,"AL","OF"
618,"guidrro01","Gold Glove",,1984,"AL","P"
619,"trammal01","Gold Glove",,1984,"AL","SS"
620,"hernake01","Gold Glove",,1984,"NL","1B"
621,"sandbry01","Gold Glove",,1984,"NL","2B"
622,"schmimi01","Gold Glove",,1984,"NL","3B"
623,"penato01","Gold Glove",,1984,"NL","C"
624,"dawsoan01","Gold Glove",,1984,"NL","OF"
625,"murphda05","Gold Glove",,1984,"NL","OF"
626,"dernibo01","Gold Glove",,1984,"NL","OF"
627,"andujjo01","Gold Glove",,1984,"NL","P"
628,"smithoz01","Gold Glove",,1984,"NL","SS"
629,"mattido01","Gold Glove",,1985,"AL","1B"
630,"whitalo01","Gold Glove",,1985,"AL","2B"
631,"brettge01","Gold Glove",,1985,"AL","3B"
632,"parrila02","Gold Glove",,1985,"AL","C"
633,"evansdw01","Gold Glove","Y",1985,"AL","OF"
634,"murphdw01","Gold Glove","Y",1985,"AL","OF"
635,"pettiga01","Gold Glove",,1985,"AL","OF"
636,"winfida01","Gold Glove",,1985,"AL","OF"
637,"guidrro01","Gold Glove",,1985,"AL","P"
638,"griffal01","Gold Glove",,1985,"AL","SS"
639,"hernake01","Gold Glove",,1985,"NL","1B"
640,"sandbry01","Gold Glove",,1985,"NL","2B"
641,"wallati01","Gold Glove",,1985,"NL","3B"
642,"penato01","Gold Glove",,1985,"NL","C"
643,"dawsoan01","Gold Glove",,1985,"NL","OF"
644,"mcgeewi01","Gold Glove",,1985,"NL","OF"
645,"murphda05","Gold Glove",,1985,"NL","OF"
646,"reuscri01","Gold Glove",,1985,"NL","P"
647,"smithoz01","Gold Glove",,1985,"NL","SS"
648,"mattido01","Gold Glove",,1986,"AL","1B"
649,"whitefr01","Gold Glove",,1986,"AL","2B"
650,"gaettga01","Gold Glove",,1986,"AL","3B"
651,"boonebo01","Gold Glove",,1986,"AL","C"
652,"barfije01","Gold Glove",,1986,"AL","OF"
653,"pettiga01","Gold Glove",,1986,"AL","OF"
654,"puckeki01","Gold Glove",,1986,"AL","OF"
655,"guidrro01","Gold Glove",,1986,"AL","P"
656,"fernato01","Gold Glove",,1986,"AL","SS"
657,"hernake01","Gold Glove",,1986,"NL","1B"
658,"sandbry01","Gold Glove",,1986,"NL","2B"
659,"schmimi01","Gold Glove",,1986,"NL","3B"
660,"davisjo02","Gold Glove",,1986,"NL","C"
661,"gwynnto01","Gold Glove",,1986,"NL","OF"
662,"mcgeewi01","Gold Glove",,1986,"NL","OF"
663,"murphda05","Gold Glove",,1986,"NL","OF"
664,"valenfe01","Gold Glove",,1986,"NL","P"
665,"smithoz01","Gold Glove",,1986,"NL","SS"
666,"mattido01","Gold Glove",,1987,"AL","1B"
667,"whitefr01","Gold Glove",,1987,"AL","2B"
668,"gaettga01","Gold Glove",,1987,"AL","3B"
669,"boonebo01","Gold Glove",,1987,"AL","C"
670,"barfije01","Gold Glove",,1987,"AL","OF"
671,"puckeki01","Gold Glove",,1987,"AL","OF"
672,"winfida01","Gold Glove",,1987,"AL","OF"
673,"langsma01","Gold Glove",,1987,"AL","P"
674,"fernato01","Gold Glove",,1987,"AL","SS"
675,"hernake01","Gold Glove",,1987,"NL","1B"
676,"sandbry01","Gold Glove",,1987,"NL","2B"
677,"pendlte01","Gold Glove",,1987,"NL","3B"
678,"lavalmi01","Gold Glove",,1987,"NL","C"
679,"daviser01","Gold Glove",,1987,"NL","OF"
680,"dawsoan01","Gold Glove",,1987,"NL","OF"
681,"gwynnto01","Gold Glove",,1987,"NL","OF"
682,"reuscri01","Gold Glove",,1987,"NL","P"
683,"smithoz01","Gold Glove",,1987,"NL","SS"
684,"mattido01","Gold Glove",,1988,"AL","1B"
685,"reynoha01","Gold Glove",,1988,"AL","2B"
686,"gaettga01","Gold Glove",,1988,"AL","3B"
687,"boonebo01","Gold Glove",,1988,"AL","C"
688,"pettiga01","Gold Glove",,1988,"AL","OF"
689,"puckeki01","Gold Glove",,1988,"AL","OF"
690,"whitede03","Gold Glove",,1988,"AL","OF"
691,"langsma01","Gold Glove",,1988,"AL","P"
692,"fernato01","Gold Glove",,1988,"AL","SS"
693,"hernake01","Gold Glove",,1988,"NL","1B"
694,"sandbry01","Gold Glove",,1988,"NL","2B"
695,"wallati01","Gold Glove",,1988,"NL","3B"
696,"santibe01","Gold Glove",,1988,"NL","C"
697,"daviser01","Gold Glove",,1988,"NL","OF"
698,"dawsoan01","Gold Glove",,1988,"NL","OF"
699,"vanslan01","Gold Glove",,1988,"NL","OF"
700,"hershor01","Gold Glove",,1988,"NL","P"
701,"smithoz01","Gold Glove",,1988,"NL","SS"
702,"mattido01","Gold Glove",,1989,"AL","1B"
703,"reynoha01","Gold Glove",,1989,"AL","2B"
704,"gaettga01","Gold Glove",,1989,"AL","3B"
705,"boonebo01","Gold Glove",,1989,"AL","C"
706,"pettiga01","Gold Glove",,1989,"AL","OF"
707,"puckeki01","Gold Glove",,1989,"AL","OF"
708,"whitede03","Gold Glove",,1989,"AL","OF"
709,"saberbr01","Gold Glove",,1989,"AL","P"
710,"fernato01","Gold Glove",,1989,"AL","SS"
711,"galaran01","Gold Glove",,1989,"NL","1B"
712,"sandbry01","Gold Glove",,1989,"NL","2B"
713,"pendlte01","Gold Glove",,1989,"NL","3B"
714,"santibe01","Gold Glove",,1989,"NL","C"
715,"daviser01","Gold Glove",,1989,"NL","OF"
716,"gwynnto01","Gold Glove",,1989,"NL","OF"
717,"vanslan01","Gold Glove",,1989,"NL","OF"
718,"darliro01","Gold Glove",,1989,"NL","P"
719,"smithoz01","Gold Glove",,1989,"NL","SS"
720,"mcgwima01","Gold Glove",,1990,"AL","1B"
721,"reynoha01","Gold Glove",,1990,"AL","2B"
722,"grubeke01","Gold Glove",,1990,"AL","3B"
723,"alomasa02","Gold Glove",,1990,"AL","C"
724,"burksel01","Gold Glove",,1990,"AL","OF"
725,"griffke02","Gold Glove",,1990,"AL","OF"
726,"pettiga01","Gold Glove",,1990,"AL","OF"
727,"boddimi01","Gold Glove",,1990,"AL","P"
728,"guilloz01","Gold Glove",,1990,"AL","SS"
729,"galaran01","Gold Glove",,1990,"NL","1B"
730,"sandbry01","Gold Glove",,1990,"NL","2B"
731,"wallati01","Gold Glove",,1990,"NL","3B"
732,"santibe01","Gold Glove",,1990,"NL","C"
733,"bondsba01","Gold Glove",,1990,"NL","OF"
734,"gwynnto01","Gold Glove",,1990,"NL","OF"
735,"vanslan01","Gold Glove",,1990,"NL","OF"
736,"maddugr01","Gold Glove",,1990,"NL","P"
737,"smithoz01","Gold Glove",,1990,"NL","SS"
738,"mattido01","Gold Glove",,1991,"AL","1B"
739,"alomaro01","Gold Glove",,1991,"AL","2B"
740,"venturo01","Gold Glove",,1991,"AL","3B"
741,"penato01","Gold Glove",,1991,"AL","C"
742,"griffke02","Gold Glove",,1991,"AL","OF"
743,"puckeki01","Gold Glove",,1991,"AL","OF"
744,"whitede03","Gold Glove",,1991,"AL","OF"
745,"langsma01","Gold Glove",,1991,"AL","P"
746,"ripkeca01","Gold Glove",,1991,"AL","SS"
747,"clarkwi02","Gold Glove",,1991,"NL","1B"
748,"sandbry01","Gold Glove",,1991,"NL","2B"
749,"willima04","Gold Glove",,1991,"NL","3B"
750,"pagnoto01","Gold Glove",,1991,"NL","C"
751,"bondsba01","Gold Glove",,1991,"NL","OF"
752,"gwynnto01","Gold Glove",,1991,"NL","OF"
753,"vanslan01","Gold Glove",,1991,"NL","OF"
754,"maddugr01","Gold Glove",,1991,"NL","P"
755,"smithoz01","Gold Glove",,1991,"NL","SS"
756,"mattido01","Gold Glove",,1992,"AL","1B"
757,"alomaro01","Gold Glove",,1992,"AL","2B"
758,"venturo01","Gold Glove",,1992,"AL","3B"
759,"rodriiv01","Gold Glove",,1992,"AL","C"
760,"griffke02","Gold Glove",,1992,"AL","OF"
761,"puckeki01","Gold Glove",,1992,"AL","OF"
762,"whitede03","Gold Glove",,1992,"AL","OF"
763,"langsma01","Gold Glove",,1992,"AL","P"
764,"ripkeca01","Gold Glove",,1992,"AL","SS"
765,"gracema01","Gold Glove",,1992,"NL","1B"
766,"lindjo01","Gold Glove",,1992,"NL","2B"
767,"pendlte01","Gold Glove",,1992,"NL","3B"
768,"pagnoto01","Gold Glove",,1992,"NL","C"
769,"bondsba01","Gold Glove",,1992,"NL","OF"
770,"vanslan01","Gold Glove",,1992,"NL","OF"
771,"walkela01","Gold Glove",,1992,"NL","OF"
772,"maddugr01","Gold Glove",,1992,"NL","P"
773,"smithoz01","Gold Glove",,1992,"NL","SS"
774,"mattido01","Gold Glove",,1993,"AL","1B"
775,"alomaro01","Gold Glove",,1993,"AL","2B"
776,"venturo01","Gold Glove",,1993,"AL","3B"
777,"rodriiv01","Gold Glove",,1993,"AL","C"
778,"griffke02","Gold Glove",,1993,"AL","OF"
779,"loftoke01","Gold Glove",,1993,"AL","OF"
780,"whitede03","Gold Glove",,1993,"AL","OF"
781,"langsma01","Gold Glove",,1993,"AL","P"
782,"vizquom01","Gold Glove",,1993,"AL","SS"
783,"gracema01","Gold Glove",,1993,"NL","1B"
784,"thompro01","Gold Glove",,1993,"NL","2B"
785,"willima04","Gold Glove",,1993,"NL","3B"
786,"manwaki01","Gold Glove",,1993,"NL","C"
787,"bondsba01","Gold Glove",,1993,"NL","OF"
788,"grissma02","Gold Glove",,1993,"NL","OF"
789,"walkela01","Gold Glove",,1993,"NL","OF"
790,"maddugr01","Gold Glove",,1993,"NL","P"
791,"bellja01","Gold Glove",,1993,"NL","SS"
792,"mattido01","Gold Glove",,1994,"AL","1B"
793,"alomaro01","Gold Glove",,1994,"AL","2B"
794,"boggswa01","Gold Glove",,1994,"AL","3B"
795,"rodriiv01","Gold Glove",,1994,"AL","C"
796,"griffke02","Gold Glove",,1994,"AL","OF"
797,"loftoke01","Gold Glove",,1994,"AL","OF"
798,"whitede03","Gold Glove",,1994,"AL","OF"
799,"langsma01","Gold Glove",,1994,"AL","P"
800,"vizquom01","Gold Glove",,1994,"AL","SS"
801,"bagweje01","Gold Glove",,1994,"NL","1B"
802,"biggicr01","Gold Glove",,1994,"NL","2B"
803,"willima04","Gold Glove",,1994,"NL","3B"
804,"pagnoto01","Gold Glove",,1994,"NL","C"
805,"bondsba01","Gold Glove",,1994,"NL","OF"
806,"grissma02","Gold Glove",,1994,"NL","OF"
807,"lewisda01","Gold Glove",,1994,"NL","OF"
808,"maddugr01","Gold Glove",,1994,"NL","P"
809,"larkiba01","Gold Glove",,1994,"NL","SS"
810,"snowj.01","Gold Glove",,1995,"AL","1B"
811,"alomaro01","Gold Glove",,1995,"AL","2B"
812,"boggswa01","Gold Glove",,1995,"AL","3B"
813,"rodriiv01","Gold Glove",,1995,"AL","C"
814,"griffke02","Gold Glove",,1995,"AL","OF"
815,"loftoke01","Gold Glove",,1995,"AL","OF"
816,"whitede03","Gold Glove",,1995,"AL","OF"
817,"langsma01","Gold Glove",,1995,"AL","P"
818,"vizquom01","Gold Glove",,1995,"AL","SS"
819,"gracema01","Gold Glove",,1995,"NL","1B"
820,"biggicr01","Gold Glove",,1995,"NL","2B"
821,"caminke01","Gold Glove",,1995,"NL","3B"
822,"johnsch04","Gold Glove",,1995,"NL","C"
823,"finlest01","Gold Glove",,1995,"NL","OF"
824,"grissma02","Gold Glove",,1995,"NL","OF"
825,"mondera01","Gold Glove",,1995,"NL","OF"
826,"maddugr01","Gold Glove",,1995,"NL","P"
827,"larkiba01","Gold Glove",,1995,"NL","SS"
828,"snowj.01","Gold Glove",,1996,"AL","1B"
829,"alomaro01","Gold Glove",,1996,"AL","2B"
830,"venturo01","Gold Glove",,1996,"AL","3B"
831,"rodriiv01","Gold Glove",,1996,"AL","C"
832,"buhneja01","Gold Glove",,1996,"AL","OF"
833,"griffke02","Gold Glove",,1996,"AL","OF"
834,"loftoke01","Gold Glove",,1996,"AL","OF"
835,"mussimi01","Gold Glove",,1996,"AL","P"
836,"vizquom01","Gold Glove",,1996,"AL","SS"
837,"gracema01","Gold Glove",,1996,"NL","1B"
838,"biggicr01","Gold Glove",,1996,"NL","2B"
839,"caminke01","Gold Glove",,1996,"NL","3B"
840,"johnsch04","Gold Glove",,1996,"NL","C"
841,"bondsba01","Gold Glove",,1996,"NL","OF"
842,"finlest01","Gold Glove",,1996,"NL","OF"
843,"grissma02","Gold Glove",,1996,"NL","OF"
844,"maddugr01","Gold Glove",,1996,"NL","P"
845,"larkiba01","Gold Glove",,1996,"NL","SS"
846,"palmera01","Gold Glove",,1997,"AL","1B"
847,"knoblch01","Gold Glove",,1997,"AL","2B"
848,"willima04","Gold Glove",,1997,"AL","3B"
849,"rodriiv01","Gold Glove",,1997,"AL","C"
850,"edmonji01","Gold Glove",,1997,"AL","OF"
851,"griffke02","Gold Glove",,1997,"AL","OF"
852,"willibe02","Gold Glove",,1997,"AL","OF"
853,"mussimi01","Gold Glove",,1997,"AL","P"
854,"vizquom01","Gold Glove",,1997,"AL","SS"
855,"snowj.01","Gold Glove",,1997,"NL","1B"
856,"biggicr01","Gold Glove",,1997,"NL","2B"
857,"caminke01","Gold Glove",,1997,"NL","3B"
858,"johnsch04","Gold Glove",,1997,"NL","C"
859,"bondsba01","Gold Glove",,1997,"NL","OF"
860,"mondera01","Gold Glove",,1997,"NL","OF"
861,"walkela01","Gold Glove",,1997,"NL","OF"
862,"maddugr01","Gold Glove",,1997,"NL","P"
863,"ordonre01","Gold Glove",,1997,"NL","SS"
864,"palmera01","Gold Glove",,1998,"AL","1B"
865,"alomaro01","Gold Glove",,1998,"AL","2B"
866,"venturo01","Gold Glove",,1998,"AL","3B"
867,"rodriiv01","Gold Glove",,1998,"AL","C"
868,"edmonji01","Gold Glove",,1998,"AL","OF"
869,"griffke02","Gold Glove",,1998,"AL","OF"
870,"willibe02","Gold Glove",,1998,"AL","OF"
871,"mussimi01","Gold Glove",,1998,"AL","P"
872,"vizquom01","Gold Glove",,1998,"AL","SS"
873,"snowj.01","Gold Glove",,1998,"NL","1B"
874,"boonebr01","Gold Glove",,1998,"NL","2B"
875,"rolensc01","Gold Glove",,1998,"NL","3B"
876,"johnsch04","Gold Glove",,1998,"NL","C"
877,"bondsba01","Gold Glove",,1998,"NL","OF"
878,"jonesan01","Gold Glove",,1998,"NL","OF"
879,"walkela01","Gold Glove",,1998,"NL","OF"
880,"maddugr01","Gold Glove",,1998,"NL","P"
881,"ordonre01","Gold Glove",,1998,"NL","SS"
882,"larusto01","Mgr of the year",,1983,"AL",
883,"lasorto01","Mgr of the year",,1983,"NL",
884,"andersp01","Mgr of the year",,1984,"AL",
885,"freyji99","Mgr of the year",,1984,"NL",
886,"coxbo01","Mgr of the year",,1985,"AL",
887,"herzowh01","Mgr of the year",,1985,"NL",
888,"mcnamjo99","Mgr of the year",,1986,"AL",
889,"lanieha01","Mgr of the year",,1986,"NL",
890,"andersp01","Mgr of the year",,1987,"AL",
891,"rodgebu01","Mgr of the year",,1987,"NL",
892,"larusto01","Mgr of the year",,1988,"AL",
893,"lasorto01","Mgr of the year",,1988,"NL",
894,"robinfr02","Mgr of the year",,1989,"AL",
895,"zimmedo01","Mgr of the year",,1989,"NL",
896,"torboje01","Mgr of the year",,1990,"AL",
897,"leylaji99","Mgr of the year",,1990,"NL",
898,"kellyto01","Mgr of the year",,1991,"AL",
899,"coxbo01","Mgr of the year",,1991,"NL",
900,"larusto01","Mgr of the year",,1992,"AL",
901,"leylaji99","Mgr of the year",,1992,"NL",
902,"lamonge01","Mgr of the year",,1993,"AL",
903,"bakerdu01","Mgr of the year",,1993,"NL",
904,"showabu99","Mgr of the year",,1994,"AL",
905,"aloufe01","Mgr of the year",,1994,"NL",
906,"pinielo01","Mgr of the year",,1995,"AL",
907,"baylodo01","Mgr of the year",,1995,"NL",
908,"oatesjo01","Mgr of the year","Y",1996,"AL",
909,"torrejo01","Mgr of the year","Y",1996,"AL",
910,"bochybr01","Mgr of the year",,1996,"NL",
911,"johnsda02","Mgr of the year",,1997,"AL",
912,"bakerdu01","Mgr of the year",,1997,"NL",
913,"torrejo01","Mgr of the year",,1998,"AL",
914,"dierkla01","Mgr of the year",,1998,"NL",
915,"cobbty01","MVP",,1911,"AL",
916,"schulfr01","MVP",,1911,"NL",
917,"speaktr01","MVP",,1912,"AL",
918,"doylela01","MVP",,1912,"NL",
919,"johnswa01","MVP",,1913,"AL",
920,"daubeja01","MVP",,1913,"NL",
921,"collied01","MVP",,1914,"AL",
922,"eversjo01","MVP",,1914,"NL",
923,"sislege01","MVP",,1922,"AL",
924,"ruthba01","MVP",,1923,"AL",
925,"johnswa01","MVP",,1924,"AL",
926,"vanceda01","MVP",,1924,"NL",
927,"peckiro01","MVP",,1925,"AL",
928,"hornsro01","MVP",,1925,"NL",
929,"burnsge02","MVP",,1926,"AL",
930,"o'farbo01","MVP",,1926,"NL",
931,"gehrilo01","MVP",,1927,"AL",
932,"wanerpa01","MVP",,1927,"NL",
933,"cochrmi01","MVP",,1928,"AL",
934,"bottoji01","MVP",,1928,"NL",
935,"hornsro01","MVP",,1929,"NL",
936,"grovele01","MVP",,1931,"AL",
937,"friscfr01","MVP",,1931,"NL",
938,"foxxji01","MVP",,1932,"AL",
939,"kleinch01","MVP",,1932,"NL",
940,"foxxji01","MVP",,1933,"AL",
941,"hubbeca01","MVP",,1933,"NL",
942,"cochrmi01","MVP",,1934,"AL",
943,"deandi01","MVP",,1934,"NL",
944,"greenha01","MVP",,1935,"AL",
945,"hartnga01","MVP",,1935,"NL",
946,"gehrilo01","MVP",,1936,"AL",
947,"hubbeca01","MVP",,1936,"NL",
948,"gehrich01","MVP",,1937,"AL",
949,"medwijo01","MVP",,1937,"NL",
950,"foxxji01","MVP",,1938,"AL",
951,"lombaer01","MVP",,1938,"NL",
952,"dimagjo01","MVP",,1939,"AL",
953,"waltebu01","MVP",,1939,"NL",
954,"greenha01","MVP",,1940,"AL",
955,"mccorfr01","MVP",,1940,"NL",
956,"dimagjo01","MVP",,1941,"AL",
957,"camildo01","MVP",,1941,"NL",
958,"gordojo01","MVP",,1942,"AL",
959,"coopemo01","MVP",,1942,"NL",
960,"chandsp01","MVP",,1943,"AL",
961,"musiast01","MVP",,1943,"NL",
962,"newhoha01","MVP",,1944,"AL",
963,"marioma01","MVP",,1944,"NL",
964,"newhoha01","MVP",,1945,"AL",
965,"cavarph01","MVP",,1945,"NL",
966,"willite01","MVP",,1946,"AL",
967,"musiast01","MVP",,1946,"NL",
968,"dimagjo01","MVP",,1947,"AL",
969,"elliobo01","MVP",,1947,"NL",
970,"boudrlo01","MVP",,1948,"AL",
971,"musiast01","MVP",,1948,"NL",
972,"willite01","MVP",,1949,"AL",
973,"robinja02","MVP",,1949,"NL",
974,"rizzuph01","MVP",,1950,"AL",
975,"konstji01","MVP",,1950,"NL",
976,"berrayo01","MVP",,1951,"AL",
977,"camparo01","MVP",,1951,"NL",
978,"sauerha01","MVP",,1952,"AL",
979,"shantbo01","MVP",,1952,"NL",
980,"rosenal01","MVP",,1953,"AL",
981,"camparo01","MVP",,1953,"NL",
982,"berrayo01","MVP",,1954,"AL",
983,"mayswi01","MVP",,1954,"NL",
984,"berrayo01","MVP",,1955,"AL",
985,"camparo01","MVP",,1955,"NL",
986,"mantlmi01","MVP",,1956,"AL",
987,"newcodo01","MVP",,1956,"NL",
988,"mantlmi01","MVP",,1957,"AL",
989,"aaronha01","MVP",,1957,"NL",
990,"jenseja01","MVP",,1958,"AL",
991,"bankser01","MVP",,1958,"NL",
992,"foxne01","MVP",,1959,"AL",
993,"bankser01","MVP",,1959,"NL",
994,"marisro01","MVP",,1960,"AL",
995,"groatdi01","MVP",,1960,"NL",
996,"marisro01","MVP",,1961,"AL",
997,"robinfr02","MVP",,1961,"NL",
998,"mantlmi01","MVP",,1962,"AL",
999,"willsma01","MVP",,1962,"NL",
1000,"howarel01","MVP",,1963,"AL",
1001,"koufasa01","MVP",,1963,"NL",
1002,"robinbr01","MVP",,1964,"AL",
1003,"boyerke01","MVP",,1964,"NL",
1004,"versazo01","MVP",,1965,"AL",
1005,"mayswi01","MVP",,1965,"NL",
1006,"robinfr02","MVP",,1966,"AL",
1007,"clemero01","MVP",,1966,"NL",
1008,"yastrca01","MVP",,1967,"AL",
1009,"cepedor01","MVP",,1967,"NL",
1010,"mclaide01","MVP",,1968,"AL",
1011,"gibsobo01","MVP",,1968,"NL",
1012,"killeha01","MVP",,1969,"AL",
1013,"mccovwi01","MVP",,1969,"NL",
1014,"powelbo01","MVP",,1970,"AL",
1015,"benchjo01","MVP",,1970,"NL",
1016,"bluevi01","MVP",,1971,"AL",
1017,"torrejo01","MVP",,1971,"NL",
1018,"allendi01","MVP",,1972,"AL",
1019,"benchjo01","MVP",,1972,"NL",
1020,"jacksre01","MVP",,1973,"AL",
1021,"rosepe01","MVP",,1973,"NL",
1022,"burroje01","MVP",,1974,"AL",
1023,"garvest01","MVP",,1974,"NL",
1024,"lynnfr01","MVP",,1975,"AL",
1025,"morgajo02","MVP",,1975,"NL",
1026,"munsoth01","MVP",,1976,"AL",
1027,"morgajo02","MVP",,1976,"NL",
1028,"carewro01","MVP",,1977,"AL",
1029,"fostege01","MVP",,1977,"NL",
1030,"riceji01","MVP",,1978,"AL",
1031,"parkeda01","MVP",,1978,"NL",
1032,"baylodo01","MVP",,1979,"AL",
1033,"hernake01","MVP",,1979,"NL",
1034,"stargwi01","MVP",,1979,"NL",
1035,"brettge01","MVP",,1980,"AL",
1036,"schmimi01","MVP",,1980,"NL",
1037,"fingero01","MVP",,1981,"AL",
1038,"schmimi01","MVP",,1981,"NL",
1039,"yountro01","MVP",,1982,"AL",
1040,"murphda05","MVP",,1982,"NL",
1041,"ripkeca01","MVP",,1983,"AL",
1042,"murphda05","MVP",,1983,"NL",
1043,"hernawi01","MVP",,1984,"AL",
1044,"sandbry01","MVP",,1984,"NL",
1045,"mattido01","MVP",,1985,"AL",
1046,"mcgeewi01","MVP",,1985,"NL",
1047,"clemero02","MVP","Y",1986,"AL",
1048,"schmimi01","MVP",,1986,"NL",
1049,"bellge02","MVP","Y",1987,"AL",
1050,"dawsoan01","MVP",,1987,"NL",
1051,"cansejo01","MVP",,1988,"AL",
1052,"gibsoki01","MVP",,1988,"NL",
1053,"yountro01","MVP",,1989,"AL",
1054,"mitchke01","MVP",,1989,"NL",
1055,"henderi01","MVP",,1990,"AL",
1056,"bondsba01","MVP",,1990,"NL",
1057,"ripkeca01","MVP",,1991,"AL",
1058,"pendlte01","MVP",,1991,"NL",
1059,"eckerde01","MVP",,1992,"AL",
1060,"bondsba01","MVP",,1992,"NL",
1061,"thomafr04","MVP",,1993,"AL",
1062,"bondsba01","MVP",,1993,"NL",
1063,"thomafr04","MVP",,1994,"AL",
1064,"bagweje01","MVP",,1994,"NL",
1065,"vaughmo01","MVP",,1995,"AL",
1066,"larkiba01","MVP",,1995,"NL",
1067,"gonzaju03","MVP",,1996,"AL",
1068,"caminke01","MVP",,1996,"NL",
1069,"griffke02","MVP",,1997,"AL",
1070,"walkela01","MVP",,1997,"NL",
1071,"gonzaju03","MVP",,1998,"AL",
1072,"sosasa01","MVP",,1998,"NL",
1073,"bakerdu01","NLCS MVP",,1977,"NL",
1074,"garvest01","NLCS MVP",,1978,"NL",
1075,"stargwi01","NLCS MVP",,1979,"NL",
1076,"trillma01","NLCS MVP",,1980,"NL",
1077,"hootobu01","NLCS MVP",,1981,"NL",
1078,"porteda02","NLCS MVP",,1982,"NL",
1079,"matthga01","NLCS MVP",,1983,"NL",
1080,"garvest01","NLCS MVP",,1984,"NL",
1081,"smithoz01","NLCS MVP",,1985,"NL",
1082,"scottmi03","NLCS MVP",,1986,"NL",
1083,"leonaje01","NLCS MVP",,1987,"NL",
1084,"hershor01","NLCS MVP",,1988,"NL",
1085,"clarkwi02","NLCS MVP",,1989,"NL",
1086,"dibblro01","NLCS MVP",,1990,"NL",
1087,"myersra01","NLCS MVP",,1990,"NL",
1088,"averyst01","NLCS MVP",,1991,"NL",
1089,"smoltjo01","NLCS MVP",,1992,"NL",
1090,"schilcu01","NLCS MVP",,1993,"NL",
1091,"devermi01","NLCS MVP",,1995,"NL",
1092,"lopezja01","NLCS MVP",,1996,"NL",
1093,"hernali01","NLCS MVP",,1997,"NL",
1094,"hitchst01","NLCS MVP",,1998,"NL",
1095,"campbbi02","Rolaids Relief",,1976,"AL",
1096,"eastwra01","Rolaids Relief",,1976,"NL",
1097,"campbbi02","Rolaids Relief",,1977,"AL",
1098,"fingero01","Rolaids Relief",,1977,"NL",
1099,"gossari01","Rolaids Relief",,1978,"AL",
1100,"fingero01","Rolaids Relief",,1978,"NL",
1101,"kernji01","Rolaids Relief",,1979,"AL",
1102,"suttebr01","Rolaids Relief",,1979,"NL",
1103,"quiseda01","Rolaids Relief",,1980,"AL",
1104,"fingero01","Rolaids Relief",,1980,"NL",
1105,"fingero01","Rolaids Relief",,1981,"AL",
1106,"suttebr01","Rolaids Relief",,1981,"NL",
1107,"quiseda01","Rolaids Relief",,1982,"AL",
1108,"suttebr01","Rolaids Relief",,1982,"NL",
1109,"quiseda01","Rolaids Relief",,1983,"AL",
1110,"hollaal01","Rolaids Relief",,1983,"NL",
1111,"quiseda01","Rolaids Relief",,1984,"AL",
1112,"suttebr01","Rolaids Relief",,1984,"NL",
1113,"quiseda01","Rolaids Relief",,1985,"AL",
1114,"reardje01","Rolaids Relief",,1985,"NL",
1115,"righeda01","Rolaids Relief",,1986,"AL",
1116,"worreto01","Rolaids Relief",,1986,"NL",
1117,"righeda01","Rolaids Relief",,1987,"AL",
1118,"bedrost01","Rolaids Relief",,1987,"NL",
1119,"eckerde01","Rolaids Relief",,1988,"AL",
1120,"francjo01","Rolaids Relief",,1988,"NL",
1121,"russeje01","Rolaids Relief",,1989,"AL",
1122,"davisma01","Rolaids Relief",,1989,"NL",
1123,"thigpbo01","Rolaids Relief",,1990,"AL",
1124,"francjo01","Rolaids Relief",,1990,"NL",
1125,"harvebr01","Rolaids Relief",,1991,"AL",
1126,"smithle02","Rolaids Relief",,1991,"NL",
1127,"eckerde01","Rolaids Relief",,1992,"AL",
1128,"smithle02","Rolaids Relief",,1992,"NL",
1129,"montgje01","Rolaids Relief",,1993,"AL",
1130,"myersra01","Rolaids Relief",,1993,"NL",
1131,"smithle02","Rolaids Relief",,1994,"AL",
1132,"beckro01","Rolaids Relief",,1994,"NL",
1133,"mesajo01","Rolaids Relief",,1995,"AL",
1134,"henketo01","Rolaids Relief",,1995,"NL",
1135,"wettejo01","Rolaids Relief",,1996,"AL",
1136,"brantje01","Rolaids Relief",,1996,"NL",
1137,"myersra01","Rolaids Relief",,1997,"AL",
1138,"shawje01","Rolaids Relief",,1997,"NL",
1139,"hoffmtr01","Rolaids Relief",,1998,"AL",
1140,"gordoto01","Rolaids Relief",,1998,"NL",
1141,"robinja02","Rookie of the Year",,1947,"ML",
1142,"darkal01","Rookie of the Year",,1948,"ML",
1143,"sievero01","Rookie of the Year",,1949,"AL",
1144,"newcodo01","Rookie of the Year",,1949,"NL",
1145,"dropowa01","Rookie of the Year",,1950,"AL",
1146,"jethrsa01","Rookie of the Year",,1950,"NL",
1147,"mcdougi01","Rookie of the Year",,1951,"AL",
1148,"mayswi01","Rookie of the Year",,1951,"NL",
1149,"byrdha01","Rookie of the Year",,1952,"AL",
1150,"blackjo02","Rookie of the Year",,1952,"NL",
1151,"kuennha01","Rookie of the Year",,1953,"AL",
1152,"gilliji01","Rookie of the Year",,1953,"NL",
1153,"grimbo01","Rookie of the Year",,1954,"AL",
1154,"moonwa01","Rookie of the Year",,1954,"NL",
1155,"scorehe01","Rookie of the Year",,1955,"AL",
1156,"virdobi01","Rookie of the Year",,1955,"NL",
1157,"aparilu01","Rookie of the Year",,1956,"AL",
1158,"robinfr02","Rookie of the Year",,1956,"NL",
1159,"kubekto01","Rookie of the Year",,1957,"AL",
1160,"sanfoja02","Rookie of the Year",,1957,"NL",
1161,"pearsal02","Rookie of the Year",,1958,"AL",
1162,"cepedor01","Rookie of the Year",,1958,"NL",
1163,"allisbo01","Rookie of the Year",,1959,"AL",
1164,"mccovwi01","Rookie of the Year",,1959,"NL",
1165,"hansero02","Rookie of the Year",,1960,"AL",
1166,"howarfr01","Rookie of the Year",,1960,"NL",
1167,"schwado01","Rookie of the Year",,1961,"AL",
1168,"willibi01","Rookie of the Year",,1961,"NL",
1169,"treshto01","Rookie of the Year",,1962,"AL",
1170,"hubbske01","Rookie of the Year",,1962,"NL",
1171,"peterga01","Rookie of the Year",,1963,"AL",
1172,"rosepe01","Rookie of the Year",,1963,"NL",
1173,"olivato01","Rookie of the Year",,1964,"AL",
1174,"allendi01","Rookie of the Year",,1964,"NL",
1175,"blefacu01","Rookie of the Year",,1965,"AL",
1176,"lefebji01","Rookie of the Year",,1965,"NL",
1177,"ageeto01","Rookie of the Year",,1966,"AL",
1178,"helmsto01","Rookie of the Year",,1966,"NL",
1179,"carewro01","Rookie of the Year",,1967,"AL",
1180,"seaveto01","Rookie of the Year",,1967,"NL",
1181,"bahnsst01","Rookie of the Year",,1968,"AL",
1182,"benchjo01","Rookie of the Year",,1968,"NL",
1183,"pinielo01","Rookie of the Year",,1969,"AL",
1184,"sizemte01","Rookie of the Year",,1969,"NL",
1185,"munsoth01","Rookie of the Year",,1970,"AL",
1186,"mortoca01","Rookie of the Year",,1970,"NL",
1187,"chambch01","Rookie of the Year",,1971,"AL",
1188,"williea02","Rookie of the Year",,1971,"NL",
1189,"fiskca01","Rookie of the Year",,1972,"AL",
1190,"matlajo01","Rookie of the Year",,1972,"NL",
1191,"bumbral01","Rookie of the Year",,1973,"AL",
1192,"matthga01","Rookie of the Year",,1973,"NL",
1193,"hargrmi01","Rookie of the Year",,1974,"AL",
1194,"mcbriba01","Rookie of the Year",,1974,"NL",
1195,"lynnfr01","Rookie of the Year",,1975,"AL",
1196,"montejo01","Rookie of the Year",,1975,"NL",
1197,"fidryma01","Rookie of the Year",,1976,"AL",
1198,"metzgbu01","Rookie of the Year",,1976,"NL",
1199,"murraed02","Rookie of the Year",,1977,"AL",
1200,"dawsoan01","Rookie of the Year",,1977,"NL",
1201,"whitalo01","Rookie of the Year",,1978,"AL",
1202,"hornebo01","Rookie of the Year",,1978,"NL",
1203,"castijo01","Rookie of the Year",,1979,"AL",
1204,"sutclri01","Rookie of the Year",,1979,"NL",
1205,"charbjo01","Rookie of the Year",,1980,"AL",
1206,"howest01","Rookie of the Year",,1980,"NL",
1207,"righeda01","Rookie of the Year",,1981,"AL",
1208,"valenfe01","Rookie of the Year",,1981,"NL",
1209,"ripkeca01","Rookie of the Year",,1982,"AL",
1210,"saxst01","Rookie of the Year",,1982,"NL",
1211,"kittlro01","Rookie of the Year",,1983,"AL",
1212,"strawda01","Rookie of the Year",,1983,"NL",
1213,"davisal01","Rookie of the Year",,1984,"AL",
1214,"goodedw01","Rookie of the Year",,1984,"NL",
1215,"guilloz01","Rookie of the Year",,1985,"AL",
1216,"colemvi01","Rookie of the Year",,1985,"NL",
1217,"cansejo01","Rookie of the Year",,1986,"AL",
1218,"worreto01","Rookie of the Year",,1986,"NL",
1219,"mcgwima01","Rookie of the Year",,1987,"AL",
1220,"santibe01","Rookie of the Year",,1987,"NL",
1221,"weisswa01","Rookie of the Year",,1988,"AL",
1222,"saboch01","Rookie of the Year",,1988,"NL",
1223,"olsongr01","Rookie of the Year",,1989,"AL",
1224,"waltoje01","Rookie of the Year",,1989,"NL",
1225,"alomasa02","Rookie of the Year",,1990,"AL",
1226,"justida01","Rookie of the Year",,1990,"NL",
1227,"knoblch01","Rookie of the Year",,1991,"AL",
1228,"bagweje01","Rookie of the Year",,1991,"NL",
1229,"listapa01","Rookie of the Year",,1992,"AL",
1230,"karroer01","Rookie of the Year",,1992,"NL",
1231,"salmoti01","Rookie of the Year",,1993,"AL",
1232,"piazzmi01","Rookie of the Year",,1993,"NL",
1233,"hamelbo01","Rookie of the Year",,1994,"AL",
1234,"mondera01","Rookie of the Year",,1994,"NL",
1235,"cordoma01","Rookie of the Year",,1995,"AL",
1236,"nomohi01","Rookie of the Year",,1995,"NL",
1237,"hollato01","Rookie of the Year",,1996,"AL",
1238,"jeterde01","Rookie of the Year",,1996,"NL",
1239,"garcino01","Rookie of the Year",,1997,"AL",
1240,"rolensc01","Rookie of the Year",,1997,"NL",
1241,"grievbe01","Rookie of the Year",,1998,"AL",
1242,"woodke02","Rookie of the Year",,1998,"NL",
1243,"hinespa01","Triple Crown",,1878,"NL",
1244,"duffyhu01","Triple Crown",,1894,"NL",
1245,"lajoina01","Triple Crown",,1901,"AL",
1246,"cobbty01","Triple Crown",,1909,"AL",
1247,"zimmehe01","Triple Crown",,1912,"NL",
1248,"hornsro01","Triple Crown",,1922,"NL",
1249,"hornsro01","Triple Crown",,1925,"NL",
1250,"foxxji01","Triple Crown",,1932,"AL",
1251,"foxxji01","Triple Crown",,1933,"AL",
1252,"kleinch01","Triple Crown",,1933,"NL",
1253,"gehrilo01","Triple Crown",,1934,"AL",
1254,"medwijo01","Triple Crown",,1937,"NL",
1255,"willite01","Triple Crown",,1942,"AL",
1256,"willite01","Triple Crown",,1947,"AL",
1257,"mantlmi01","Triple Crown",,1956,"AL",
1258,"robinfr02","Triple Crown",,1966,"AL",
1259,"yastrca01","Triple Crown",,1967,"AL",
1260,"podrejo01","WS MVP",,1955,"ML",
1261,"larsedo01","WS MVP",,1956,"ML",
1262,"burdele01","WS MVP",,1957,"ML",
1263,"turlebo01","WS MVP",,1958,"ML",
1264,"sherrla01","WS MVP",,1959,"ML",
1265,"richabo01","WS MVP",,1960,"ML",
1266,"fordwh01","WS MVP",,1961,"ML",
1267,"terryra01","WS MVP",,1962,"ML",
1268,"koufasa01","WS MVP",,1963,"ML",
1269,"gibsobo01","WS MVP",,1964,"ML",
1270,"koufasa01","WS MVP",,1965,"ML",
1271,"robinfr02","WS MVP",,1966,"ML",
1272,"gibsobo01","WS MVP",,1967,"ML",
1273,"lolicmi01","WS MVP",,1968,"ML",
1274,"clenddo01","WS MVP",,1969,"ML",
1275,"robinbr01","WS MVP",,1970,"ML",
1276,"clemero01","WS MVP",,1971,"ML",
1277,"tenacge01","WS MVP",,1972,"ML",
1278,"jacksre01","WS MVP",,1973,"ML",
1279,"fingero01","WS MVP",,1974,"ML",
1280,"rosepe01","WS MVP",,1975,"ML",
1281,"benchjo01","WS MVP",,1976,"ML",
1282,"jacksre01","WS MVP",,1977,"ML",
1283,"dentbu01","WS MVP",,1978,"ML",
1284,"stargwi01","WS MVP",,1979,"ML",
1285,"schmimi01","WS MVP",,1980,"ML",
1286,"ceyro01","WS MVP","Y",1981,"ML",
1287,"guerrpe01","WS MVP","Y",1981,"ML",
1288,"yeagest01","WS MVP","Y",1981,"ML",
1289,"porteda02","WS MVP",,1982,"ML",
1290,"dempsri01","WS MVP",,1983,"ML",
1291,"trammal01","WS MVP",,1984,"ML",
1292,"saberbr01","WS MVP",,1985,"ML",
1293,"knighra01","WS MVP",,1986,"ML",
1294,"violafr01","WS MVP",,1987,"ML",
1295,"hershor01","WS MVP",,1988,"ML",
1296,"stewada01","WS MVP",,1989,"ML",
1297,"rijojo01","WS MVP",,1990,"ML",
1298,"morrija02","WS MVP",,1991,"ML",
1299,"bordepa01","WS MVP",,1992,"ML",
1300,"molitpa01","WS MVP",,1993,"ML",
1301,"glavito02","WS MVP",,1995,"ML",
1302,"wettejo01","WS MVP",,1996,"ML",
1303,"hernali01","WS MVP",,1997,"ML",
1304,"brosisc01","WS MVP",,1998,"ML",
1305,"willisc01","Rookie of the Year",,1999,"N",
1306,"beltrca01","Rookie of the Year",,1999,"A",
1307,"johnsra05","Cy Young",,1999,"N",
1308,"riverma01","WS MVP",,1999,"ML",
1309,"mckeoja99","Mgr of the Year",,1999,"NL",
1310,"williji03","Mgr of the Year",,1999,"AL",
1311,"jonesch06","MVP",,1999,"NL",
1312,"rodriiv01","MVP",,1999,"AL",
1313,"wagnebi02","Rolaids Relief",,1999,"NL",
1314,"hoffmtr01","Rolaids Relief",,1999,"NL",
1315,"urbinug01","Rolaids Relief",,1999,"NL",
1316,"rockejo01","Rolaids Relief",,1999,"NL",
1317,"shawje01","Rolaids Relief",,1999,"NL",
1318,"wickmbo01","Rolaids Relief",,1999,"NL",
1319,"nenro01","Rolaids Relief",,1999,"NL",
1320,"mantema01","Rolaids Relief",,1999,"NL",
1321,"veresda01","Rolaids Relief",,1999,"NL",
1322,"graveda01","Rolaids Relief",,1999,"NL",
1323,"riverma01","Rolaids Relief",,1999,"AL",
1324,"hernaro01","Rolaids Relief",,1999,"AL",
1325,"wettejo01","Rolaids Relief",,1999,"AL",
1326,"jacksmi02","Rolaids Relief",,1999,"AL",
1327,"mesajo01","Rolaids Relief",,1999,"AL",
1328,"jonesto02","Rolaids Relief",,1999,"AL",
1329,"howrybo01","Rolaids Relief",,1999,"AL",
1330,"kochbi01","Rolaids Relief",,1999,"AL",
1331,"taylobi04","Rolaids Relief",,1999,"AL",
1332,"percitr01","Rolaids Relief",,1999,"AL",
1333,"palmera01","Gold Glove",,1999,"AL","1B"
1334,"griffke02","Gold Glove",,1999,"AL","OF"
1335,"greensh01","Gold Glove",,1999,"AL","OF"
1336,"alomaro01","Gold Glove",,1999,"AL","2B"
1337,"vizquom01","Gold Glove",,1999,"AL","SS"
1338,"willibe02","Gold Glove",,1999,"AL","OF"
1339,"brosisc01","Gold Glove",,1999,"AL","3B"
1340,"rodriiv01","Gold Glove",,1999,"AL","C"
1341,"ordonre01","Gold Glove",,1999,"NL","SS"
1342,"venturo01","Gold Glove",,1999,"NL","3B"
1343,"snowj.01","Gold Glove",,1999,"NL","1B"
1344,"reesepo01","Gold Glove",,1999,"NL","2B"
1345,"maddugr01","Gold Glove",,1999,"NL","P"
1346,"liebemi01","Gold Glove",,1999,"NL","C"
