"RecNum","LahmanID","Inducted","By","Ballots","Votes","Pct","Pos","Category"
1,"cobbty01",1936,"BW",226,222,98.23,"CF","Player"
2,"johnswa01",1936,"BW",226,189,83.63,"P","Player"
3,"mathech01",1936,"BW",226,205,90.71,"P","Player"
4,"ruthba01",1936,"BW",226,215,95.13,"RF","Player"
5,"wagneho01",1936,"BW",226,215,95.13,"SS","Player"
6,"bulkemo99",1937,"VC",,,,,"Pioneer/Executive"
7,"johnsba99",1937,"VC",,,,,"Pioneer/Executive"
8,"lajoina01",1937,"BW",201,168,83.58,"2B","Player"
9,"mackco01",1937,"VC",,,,,"Manager"
10,"mcgrajo01",1937,"VC",,,,,"Manager"
11,"speaktr01",1937,"BW",201,165,82.09,"CF","Player"
12,"wrighge01",1937,"VC",,,,,"Pioneer/Executive"
13,"youngcy01",1937,"BW",201,153,76.12,"P","Player"
14,"alexape01",1938,"BW",262,212,80.92,"P","Player"
15,"cartwal99",1938,"VC",,,,,"Pioneer/Executive"
16,"chadwhe99",1938,"VC",,,,,"Pioneer/Executive"
17,"ansonca01",1939,"VC",,,,"1B","Player"
18,"collied01",1939,"BW",274,213,77.74,"2B","Player"
19,"comisch01",1939,"VC",,,,,"Pioneer/Executive"
20,"cummica01",1939,"VC",,,,,"Pioneer/Executive"
21,"ewingbu01",1939,"VC",,,,"C","Player"
22,"gehrilo01",1939,"BW",,,,"1B","Player"
23,"keelewi01",1939,"BW",274,207,75.55,"RF","Player"
24,"radboch01",1939,"VC",,,,"P","Player"
25,"sislege01",1939,"BW",274,235,85.77,"1B","Player"
26,"spaldal01",1939,"VC",,,,,"Pioneer/Executive"
27,"hornsro01",1942,"BW",233,182,78.11,"2B","Player"
28,"landike99",1944,"VC",,,,,"Pioneer/Executive"
29,"bresnro01",1945,"VC",,,,"C","Player"
30,"broutda01",1945,"VC",,,,"1B","Player"
31,"clarkfr01",1945,"VC",,,,"LF","Player"
32,"colliji01",1945,"VC",,,,"3B","Player"
33,"delahed01",1945,"VC",,,,"LF","Player"
34,"duffyhu01",1945,"VC",,,,"CF","Player"
35,"jennihu01",1945,"VC",,,,"SS","Player"
36,"kellyki01",1945,"VC",,,,"RF","Player"
37,"o'rouji01",1945,"VC",,,,"LF","Player"
38,"robinwi01",1945,"VC",,,,,"Manager"
39,"burkeje01",1946,"VC",,,,"LF","Player"
40,"chancfr01",1946,"VC",,,,"1B","Player"
41,"chesbja01",1946,"VC",,,,"P","Player"
42,"eversjo01",1946,"VC",,,,"2B","Player"
43,"griffcl01",1946,"VC",,,,,"Pioneer/Executive"
44,"mccarto01",1946,"VC",,,,"RF","Player"
45,"mcginjo01",1946,"VC",,,,"P","Player"
46,"planked01",1946,"VC",,,,"P","Player"
47,"tinkejo01",1946,"VC",,,,"SS","Player"
48,"wadderu01",1946,"VC",,,,"P","Player"
49,"walshed01",1946,"VC",,,,"P","Player"
50,"cochrmi01",1947,"BW",161,128,79.50,"C","Player"
51,"friscfr01",1947,"BW",161,136,84.47,"2B","Player"
52,"grovele01",1947,"BW",161,123,76.40,"P","Player"
53,"hubbeca01",1947,"BW",161,140,86.96,"P","Player"
54,"pennohe01",1948,"BW",121,94,77.69,"P","Player"
55,"traynpi01",1948,"BW",121,93,76.86,"3B","Player"
56,"brownmo01",1949,"VC",,,,"P","Player"
57,"gehrich01",1949,"BW",187,159,85.03,"2B","Player"
58,"nichoki01",1949,"VC",,,,"P","Player"
59,"foxxji01",1951,"BW",226,179,79.20,"1B","Player"
60,"ottme01",1951,"BW",226,197,87.17,"RF","Player"
61,"heilmha01",1952,"BW",234,203,86.75,"RF","Player"
62,"wanerpa01",1952,"BW",,,,"RF","Player"
63,"barroed99",1953,"VC",,,,,"Pioneer/Executive"
64,"bendech01",1953,"VC",,,,"P","Player"
65,"connoto99",1953,"VC",,,,,"Umpire"
66,"deandi01",1953,"BW",264,209,79.17,"P","Player"
67,"klembi99",1953,"VC",,,,,"Umpire"
68,"simmoal01",1953,"BW",264,199,75.38,"LF","Player"
69,"wallabo01",1953,"VC",,,,"SS","Player"
70,"wrighha01",1953,"VC",,,,,"Pioneer/Executive"
71,"dickebi01",1954,"BW",252,202,80.16,"C","Player"
72,"maranra01",1954,"BW",252,209,82.94,"SS","Player"
73,"terrybi01",1954,"BW",252,195,77.38,"1B","Player"
74,"bakerfr01",1955,"VC",,,,"3B","Player"
75,"dimagjo01",1955,"BW",251,223,88.84,"CF","Player"
76,"hartnga01",1955,"BW",251,195,77.69,"C","Player"
77,"lyonste01",1955,"BW",251,217,86.45,"P","Player"
78,"schalra01",1955,"VC",,,,"C","Player"
79,"vanceda01",1955,"BW",251,205,81.67,"P","Player"
80,"cronijo01",1956,"BW",193,152,78.76,"SS","Player"
81,"greenha01",1956,"BW",193,164,84.97,"1B","Player"
82,"crawfsa01",1957,"VC",,,,"RF","Player"
83,"mccarjo99",1957,"VC",,,,,"Manager"
84,"wheatza01",1959,"VC",,,,"LF","Player"
85,"careyma01",1961,"VC",,,,"CF","Player"
86,"hamilbi01",1961,"VC",,,,"CF","Player"
87,"fellebo01",1962,"BW",160,150,93.75,"P","Player"
88,"mckecbi01",1962,"VC",,,,,"Manager"
89,"robinja02",1962,"BW",160,124,77.50,"2B","Player"
90,"roushed01",1962,"VC",,,,"CF","Player"
91,"clarkjo01",1963,"VC",,,,"P","Player"
92,"flickel01",1963,"VC",,,,"RF","Player"
93,"ricesa01",1963,"VC",,,,"RF","Player"
94,"rixeyep01",1963,"VC",,,,"P","Player"
95,"applilu01",1964,"BW",225,189,84.00,"SS","Player"
96,"faberre01",1964,"VC",,,,"P","Player"
97,"galvipu01",1964,"VC",,,,"P","Player"
98,"grimebu01",1964,"VC",,,,"P","Player"
99,"huggimi01",1964,"VC",,,,,"Manager"
100,"keefeti01",1964,"VC",,,,"P","Player"
101,"manushe01",1964,"VC",,,,"LF","Player"
102,"wardjo01",1964,"VC",,,,"SS","Player"
103,"stengca01",1966,"VC",,,,,"Manager"
104,"willite01",1966,"BW",302,282,93.38,"LF","Player"
105,"rickeybr01",1967,"VC",,,,,"Pioneer/Executive"
106,"ruffire01",1967,"BW",306,266,86.93,"P","Player"
107,"wanerll01",1967,"VC",234,195,83.33,"CF","Player"
108,"cuyleki01",1968,"VC",,,,"RF","Player"
109,"gosligo01",1968,"VC",,,,"LF","Player"
110,"medwijo01",1968,"BW",283,240,84.81,"LF","Player"
111,"camparo01",1969,"BW",340,270,79.41,"C","Player"
112,"covelst01",1969,"VC",,,,"P","Player"
113,"hoytwa01",1969,"VC",,,,"P","Player"
114,"musiast01",1969,"BW",340,317,93.24,"LF","Player"
115,"boudrlo01",1970,"BW",300,232,77.33,"SS","Player"
116,"combsea01",1970,"VC",,,,"CF","Player"
117,"frickfo99",1970,"VC",,,,,"Pioneer/Executive"
118,"haineje01",1970,"VC",,,,"P","Player"
119,"bancrda01",1971,"VC",,,,"SS","Player"
120,"becklja01",1971,"VC",,,,"1B","Player"
121,"hafeych01",1971,"VC",,,,"LF","Player"
122,"hoopeha01",1971,"VC",,,,"RF","Player"
123,"kellejo01",1971,"VC",,,,"LF","Player"
124,"marquru01",1971,"VC",,,,"P","Player"
125,"paigesa01",1971,"NL",,,,"P","Player"
126,"weissge99",1971,"VC",,,,,"Pioneer/Executive"
127,"berrayo01",1972,"BW",396,339,85.61,"C","Player"
128,"gibsojo99",1972,"NL",,,,"C","Player"
129,"gomezle01",1972,"VC",,,,"P","Player"
130,"harriwi99",1972,"VC",,,,,"Pioneer/Executive"
131,"koufasa01",1972,"BW",396,344,86.87,"P","Player"
132,"leonabu99",1972,"NL",,,,"1B","Player"
133,"wynnea01",1972,"BW",396,301,76.01,"P","Player"
134,"youngro01",1972,"VC",,,,"RF","Player"
135,"clemero01",1973,"BW",424,393,92.69,"RF","Player"
136,"evansbi99",1973,"VC",,,,,"Umpire"
137,"irvinmo01",1973,"NL",,,,"LF","Player"
138,"kellyge01",1973,"VC",,,,"1B","Player"
139,"spahnwa01",1973,"BW",380,315,82.89,"P","Player"
140,"welchmi01",1973,"VC",,,,"P","Player"
141,"bellda01",1974,"NL",,,,"CF","Player"
142,"bottoji01",1974,"VC",,,,"1B","Player"
143,"conlojo01",1974,"VC",,,,,"Umpire"
144,"fordwh01",1974,"BW",365,284,77.81,"P","Player"
145,"mantlmi01",1974,"BW",365,322,88.22,"CF","Player"
146,"thompsa01",1974,"VC",,,,"RF","Player"
147,"averiea01",1975,"VC",,,,"CF","Player"
148,"harribu01",1975,"VC",,,,,"Manager"
149,"hermabi01",1975,"VC",,,,"2B","Player"
150,"johnsju99",1975,"NL",,,,"3B","Player"
151,"kinerra01",1975,"BW",362,273,75.41,"LF","Player"
152,"charlos99",1976,"NL",,,,"1B-CF","Player"
153,"connoro01",1976,"VC",,,,"1B","Player"
154,"hubbaca99",1976,"VC",,,,,"Umpire"
155,"lemonbo01",1976,"BW",388,305,78.61,"P","Player"
156,"lindsfr01",1976,"VC",,,,"3B","Player"
157,"roberro01",1976,"BW",388,337,86.86,"P","Player"
158,"bankser01",1977,"BW",383,321,83.81,"SS","Player"
159,"dihigma99",1977,"NL",,,,"P-OF","Player"
160,"lloydjo99",1977,"NL",,,,"SS","Player"
161,"lopezal01",1977,"VC",,,,,"Manager"
162,"rusieam01",1977,"VC",,,,"P","Player"
163,"seweljo01",1977,"VC",,,,"SS","Player"
164,"jossad01",1978,"VC",,,,"P","Player"
165,"macphla99",1978,"VC",,,,,"Pioneer/Executive"
166,"matheed01",1978,"BW",379,301,79.42,"3B","Player"
167,"gileswa99",1979,"VC",,,,,"Pioneer/Executive"
168,"mayswi01",1979,"BW",432,409,94.68,"CF","Player"
169,"wilsoha01",1979,"VC",,,,"CF","Player"
170,"kalinal01",1980,"BW",385,340,88.31,"RF","Player"
171,"kleinch01",1980,"VC",,,,"RF","Player"
172,"snidedu01",1980,"BW",385,333,86.49,"CF","Player"
173,"yawketo99",1980,"VC",,,,,"Pioneer/Executive"
174,"fosteru99",1981,"VC",,,,,"Manager"
175,"gibsobo01",1981,"BW",401,337,84.04,"P","Player"
176,"mizejo01",1981,"VC",,,,"1B","Player"
177,"aaronha01",1982,"BW",415,406,97.83,"RF","Player"
178,"chandha99",1982,"VC",,,,,"Pioneer/Executive"
179,"jackstr01",1982,"VC",,,,"SS","Player"
180,"robinfr02",1982,"BW",415,370,89.16,"RF","Player"
181,"alstowa01",1983,"VC",,,,,"Manager"
182,"kellge01",1983,"VC",,,,"3B","Player"
183,"maricju01",1983,"BW",374,313,83.69,"P","Player"
184,"robinbr01",1983,"BW",374,344,91.98,"3B","Player"
185,"aparilu01",1984,"BW",403,341,84.62,"SS","Player"
186,"drysddo01",1984,"BW",403,316,78.41,"P","Player"
187,"ferreri01",1984,"VC",,,,"C","Player"
188,"killeha01",1984,"BW",403,335,83.13,"1B","Player"
189,"reesepe01",1984,"VC",,,,"SS","Player"
190,"brocklo01",1985,"BW",395,315,79.75,"LF","Player"
191,"slaugen01",1985,"VC",,,,"RF","Player"
192,"vaughar01",1985,"VC",,,,"SS","Player"
193,"wilheho01",1985,"BW",395,331,83.80,"P","Player"
194,"doerrbo01",1986,"VC",,,,"2B","Player"
195,"lombaer01",1986,"VC",,,,"C","Player"
196,"mccovwi01",1986,"BW",425,346,81.41,"1B","Player"
197,"dandrra99",1987,"VC",,,,"3B","Player"
198,"hunteca01",1987,"BW",413,315,76.27,"P","Player"
199,"willibi01",1987,"BW",413,354,85.71,"LF","Player"
200,"stargwi01",1988,"BW",427,352,82.44,"LF","Player"
201,"barlial99",1989,"VC",,,,,"Umpire"
202,"benchjo01",1989,"BW",447,431,96.42,"C","Player"
203,"schoere01",1989,"VC",,,,"2B","Player"
204,"yastrca01",1989,"BW",447,423,94.63,"LF","Player"
205,"morgajo02",1990,"BW",444,363,81.76,"2B","Player"
206,"palmeji01",1990,"BW",444,411,92.57,"P","Player"
207,"carewro01",1991,"BW",443,401,90.52,"2B","Player"
208,"jenkife01",1991,"BW",443,334,75.40,"P","Player"
209,"lazzeto01",1991,"VC",,,,"2B","Player"
210,"perryga01",1991,"BW",443,342,77.20,"P","Player"
211,"veeckbi99",1991,"VC",,,,,"Pioneer/Executive"
212,"fingero01",1992,"BW",430,349,81.16,"P","Player"
213,"mcgowbi99",1992,"VC",,,,,"Umpire"
214,"newhoha01",1992,"VC",,,,"P","Player"
215,"seaveto01",1992,"BW",430,425,98.84,"P","Player"
216,"jacksre01",1993,"BW",423,396,93.62,"RF","Player"
217,"carltst01",1994,"BW",455,436,95.82,"P","Player"
218,"durocle01",1994,"VC",,,,,"Manager"
219,"rizzuph01",1994,"VC",,,,"SS","Player"
220,"ashburi01",1995,"VC",,,,"CF","Player"
221,"dayle99",1995,"VC",,,,"P-2B-OF","Player"
222,"hulbewi99",1995,"VC",,,,,"Pioneer/Executive"
223,"schmimi01",1995,"BW",460,444,96.52,"3B","Player"
224,"willivi01",1995,"VC",,,,"P","Player"
225,"bunniji01",1996,"VC",,,,"P","Player"
226,"fostebi99",1996,"VC",,,,"P","Player"
227,"hanlone01",1996,"VC",,,,,"Manager"
228,"weaveea99",1996,"VC",,,,,"Manager"
229,"foxne01",1997,"VC",,,,"2B","Player"
230,"lasorto01",1997,"VC",,,,,"Manager"
231,"niekrph01",1997,"BW",473,380,80.34,"P","Player"
232,"wellswi99",1997,"VC",,,,"SS","Player"
233,"suttodo01",1998,"BW",473,386,81.60,"P","Player"
234,"dobyla01",1998,"VC",,,,"OF","Player"
235,"davisge01",1998,"VC",,,,"SS","Player"
236,"macphle99",1998,"VC",,,,,"Pioneer/Executive"
237,"brettge01",1999,"BW",497,488,98.20,"3B","Player"
238,"ryanno01",1999,"BW",497,491,98.80,"P","Player"
239,"yountro01",1999,"BW",497,385,77.50,"SS-CF","Player"
