"aaronha01",1955,"NL"
"aaronha01",1956,"NL"
"aaronha01",1957,"NL"
"aaronha01",1958,"NL"
"aaronha01",1959,"NL"
"aaronha01",1960,"NL"
"aaronha01",1961,"NL"
"aaronha01",1962,"NL"
"aaronha01",1963,"NL"
"aaronha01",1964,"NL"
"aaronha01",1965,"NL"
"aaronha01",1966,"NL"
"aaronha01",1967,"NL"
"aaronha01",1968,"NL"
"aaronha01",1969,"NL"
"aaronha01",1970,"NL"
"aaronha01",1971,"NL"
"aaronha01",1972,"NL"
"aaronha01",1973,"NL"
"aaronha01",1974,"NL"
"aaronha01",1975,"AL"
"aasedo01",1986,"AL"
"abreubo01",2004,"NL"
"abreubo01",2005,"NL"
"adamsac01",1943,"NL"
"adcocjo01",1960,"NL"
"ageeto01",1966,"AL"
"ageeto01",1967,"AL"
"aguilri01",1991,"AL"
"aguilri01",1992,"AL"
"aguilri01",1993,"AL"
"aguirha01",1962,"AL"
"alexado01",1988,"AL"
"alfoned01",2000,"NL"
"allendi01",1965,"NL"
"allendi01",1966,"NL"
"allendi01",1967,"NL"
"allendi01",1970,"NL"
"allendi01",1972,"AL"
"allendi01",1973,"AL"
"allendi01",1974,"AL"
"allenjo02",1938,"AL"
"alleyge01",1967,"NL"
"alleyge01",1968,"NL"
"allisbo01",1959,"AL"
"allisbo01",1963,"AL"
"allisbo01",1964,"AL"
"alomaro01",1990,"NL"
"alomaro01",1991,"AL"
"alomaro01",1992,"AL"
"alomaro01",1993,"AL"
"alomaro01",1994,"AL"
"alomaro01",1995,"AL"
"alomaro01",1996,"AL"
"alomaro01",1997,"AL"
"alomaro01",1998,"AL"
"alomaro01",1999,"AL"
"alomaro01",2000,"AL"
"alomaro01",2001,"AL"
"alomasa01",1970,"AL"
"alomasa02",1990,"AL"
"alomasa02",1991,"AL"
"alomasa02",1992,"AL"
"alomasa02",1996,"AL"
"alomasa02",1997,"AL"
"alomasa02",1998,"AL"
"aloufe01",1962,"NL"
"aloufe01",1966,"NL"
"aloufe01",1968,"NL"
"alouma01",1968,"NL"
"alouma01",1969,"NL"
"aloumo01",1994,"NL"
"aloumo01",1997,"NL"
"aloumo01",1998,"NL"
"aloumo01",2001,"NL"
"aloumo01",2004,"NL"
"aloumo01",2005,"NL"
"altmage01",1961,"NL"
"altmage01",1962,"NL"
"alvarwi01",1994,"AL"
"alvisma01",1965,"AL"
"alvisma01",1967,"AL"
"anderbr01",1992,"AL"
"anderbr01",1996,"AL"
"anderbr01",1997,"AL"
"anderga01",2002,"AL"
"anderga01",2003,"AL"
"anderga01",2005,"AL"
"andremi01",1969,"AL"
"andrena01",1944,"NL"
"andujjo01",1977,"NL"
"andujjo01",1979,"NL"
"andujjo01",1984,"NL"
"andujjo01",1985,"NL"
"antonjo02",1954,"NL"
"antonjo02",1956,"NL"
"antonjo02",1957,"NL"
"antonjo02",1958,"NL"
"antonjo02",1959,"NL"
"aparilu01",1958,"AL"
"aparilu01",1959,"AL"
"aparilu01",1960,"AL"
"aparilu01",1961,"AL"
"aparilu01",1962,"AL"
"aparilu01",1963,"AL"
"aparilu01",1964,"AL"
"aparilu01",1970,"AL"
"aparilu01",1971,"AL"
"aparilu01",1972,"AL"
"appieke01",1995,"AL"
"applilu01",1936,"AL"
"applilu01",1939,"AL"
"applilu01",1940,"AL"
"applilu01",1941,"AL"
"applilu01",1943,"AL"
"applilu01",1946,"AL"
"applilu01",1947,"AL"
"armasto01",1981,"AL"
"armasto01",1984,"AL"
"armstja01",1990,"NL"
"arnovmo01",1939,"NL"
"arrojro01",1998,"AL"
"arroybr01",2006,"NL"
"arroylu01",1955,"NL"
"arroylu01",1961,"AL"
"ashburi01",1948,"NL"
"ashburi01",1951,"NL"
"ashburi01",1953,"NL"
"ashburi01",1958,"NL"
"ashburi01",1962,"NL"
"ashbyan01",1998,"NL"
"ashbyan01",1999,"NL"
"atwelto01",1952,"NL"
"aurilri01",2001,"NL"
"ausmubr01",1999,"AL"
"averiea01",1933,"AL"
"averiea01",1934,"AL"
"averiea01",1935,"AL"
"averiea01",1936,"AL"
"averiea01",1937,"AL"
"averiea01",1938,"AL"
"averyst01",1993,"NL"
"avilabo01",1952,"AL"
"avilabo01",1954,"AL"
"avilabo01",1955,"AL"
"azcuejo01",1968,"AL"
"baergca01",1992,"AL"
"baergca01",1993,"AL"
"baergca01",1995,"AL"
"baezda01",2005,"AL"
"bagbyji02",1942,"AL"
"bagbyji02",1943,"AL"
"bagweje01",1994,"NL"
"bagweje01",1996,"NL"
"bagweje01",1997,"NL"
"bagweje01",1999,"NL"
"baileed01",1956,"NL"
"baileed01",1957,"NL"
"baileed01",1960,"NL"
"baileed01",1961,"NL"
"baileed01",1963,"NL"
"baineha01",1985,"AL"
"baineha01",1986,"AL"
"baineha01",1987,"AL"
"baineha01",1989,"AL"
"baineha01",1991,"AL"
"baineha01",1999,"AL"
"bakerdu01",1981,"NL"
"bakerdu01",1982,"NL"
"bakerge02",1955,"NL"
"baldwja01",2000,"AL"
"bandosa01",1969,"AL"
"bandosa01",1972,"AL"
"bandosa01",1973,"AL"
"bandosa01",1974,"AL"
"bankser01",1955,"NL"
"bankser01",1956,"NL"
"bankser01",1957,"NL"
"bankser01",1958,"NL"
"bankser01",1959,"NL"
"bankser01",1960,"NL"
"bankser01",1961,"NL"
"bankser01",1962,"NL"
"bankser01",1965,"NL"
"bankser01",1967,"NL"
"bankser01",1969,"NL"
"bannifl01",1982,"AL"
"barbest01",1963,"AL"
"barbest01",1966,"AL"
"barfije01",1986,"AL"
"barkele01",1981,"AL"
"barrere01",1945,"NL"
"bartedi01",1933,"NL"
"bartedi01",1937,"NL"
"basske01",1986,"NL"
"batisto01",2000,"AL"
"batisto01",2002,"AL"
"batteea01",1962,"AL"
"batteea01",1963,"AL"
"batteea01",1965,"AL"
"batteea01",1966,"AL"
"bauerha01",1952,"AL"
"bauerha01",1953,"AL"
"bauerha01",1954,"AL"
"bayja01",2005,"NL"
"bayja01",2006,"NL"
"baylodo01",1979,"AL"
"beckegl01",1969,"NL"
"beckegl01",1970,"NL"
"beckegl01",1971,"NL"
"beckegl01",1972,"NL"
"beckro01",1993,"NL"
"beckro01",1994,"NL"
"beckro01",1997,"NL"
"bedrost01",1987,"NL"
"belanma01",1976,"AL"
"bellbe01",1937,"AL"
"bellbu01",1973,"AL"
"bellbu01",1980,"AL"
"bellbu01",1981,"AL"
"bellbu01",1982,"AL"
"bellbu01",1984,"AL"
"belleal01",1993,"AL"
"belleal01",1994,"AL"
"belleal01",1995,"AL"
"belleal01",1996,"AL"
"belleal01",1997,"AL"
"bellga01",1960,"AL"
"bellga01",1966,"AL"
"bellga01",1968,"AL"
"bellge02",1987,"AL"
"bellge02",1990,"AL"
"bellge02",1991,"NL"
"bellgu01",1953,"NL"
"bellgu01",1954,"NL"
"bellgu01",1956,"NL"
"bellgu01",1957,"NL"
"belliro01",2004,"AL"
"bellja01",1993,"NL"
"bellja01",1999,"NL"
"beltrca01",2004,"NL"
"beltrca01",2005,"NL"
"beltrca01",2006,"NL"
"benchjo01",1968,"NL"
"benchjo01",1969,"NL"
"benchjo01",1970,"NL"
"benchjo01",1971,"NL"
"benchjo01",1972,"NL"
"benchjo01",1973,"NL"
"benchjo01",1974,"NL"
"benchjo01",1975,"NL"
"benchjo01",1976,"NL"
"benchjo01",1977,"NL"
"benchjo01",1978,"NL"
"benchjo01",1979,"NL"
"benchjo01",1980,"NL"
"benchjo01",1983,"NL"
"benedbr01",1981,"NL"
"benedbr01",1983,"NL"
"benesan01",1993,"NL"
"benitar01",2003,"NL"
"benitar01",2004,"NL"
"bentoal01",1941,"AL"
"bentoal01",1942,"AL"
"bereja01",1994,"AL"
"bergewa01",1933,"NL"
"bergewa01",1934,"NL"
"bergewa01",1935,"NL"
"bergewa01",1936,"NL"
"berkmla01",2001,"NL"
"berkmla01",2002,"NL"
"berkmla01",2004,"NL"
"berkmla01",2006,"NL"
"berrayo01",1948,"AL"
"berrayo01",1949,"AL"
"berrayo01",1950,"AL"
"berrayo01",1951,"AL"
"berrayo01",1952,"AL"
"berrayo01",1953,"AL"
"berrayo01",1954,"AL"
"berrayo01",1955,"AL"
"berrayo01",1956,"AL"
"berrayo01",1957,"AL"
"berrayo01",1958,"AL"
"berrayo01",1959,"AL"
"berrayo01",1960,"AL"
"berrayo01",1961,"AL"
"berrayo01",1962,"AL"
"berryke01",1967,"AL"
"bibbyji01",1980,"NL"
"bicheda01",1994,"NL"
"bicheda01",1995,"NL"
"bicheda01",1996,"NL"
"bicheda01",1998,"NL"
"bickfve01",1949,"NL"
"biggicr01",1991,"NL"
"biggicr01",1992,"NL"
"biggicr01",1994,"NL"
"biggicr01",1995,"NL"
"biggicr01",1996,"NL"
"biggicr01",1997,"NL"
"biggicr01",1998,"NL"
"billija01",1973,"NL"
"blackew01",1946,"NL"
"blackew01",1947,"NL"
"blackew01",1948,"NL"
"blackew01",1949,"NL"
"blackew01",1950,"NL"
"blackew01",1951,"NL"
"blairpa01",1969,"AL"
"blairpa01",1973,"AL"
"blaloha01",2003,"AL"
"blaloha01",2004,"AL"
"blantcy01",1937,"NL"
"blantcy01",1941,"NL"
"blasido01",1958,"NL"
"blassst01",1972,"NL"
"blausje01",1993,"NL"
"blausje01",1997,"NL"
"bluegos01",1935,"AL"
"bluevi01",1971,"AL"
"bluevi01",1975,"AL"
"bluevi01",1977,"AL"
"bluevi01",1978,"NL"
"bluevi01",1980,"NL"
"bluevi01",1981,"NL"
"blylebe01",1973,"AL"
"blylebe01",1985,"AL"
"bochtbr01",1979,"AL"
"boddimi01",1984,"AL"
"boggswa01",1985,"AL"
"boggswa01",1986,"AL"
"boggswa01",1987,"AL"
"boggswa01",1988,"AL"
"boggswa01",1989,"AL"
"boggswa01",1990,"AL"
"boggswa01",1991,"AL"
"boggswa01",1992,"AL"
"boggswa01",1993,"AL"
"boggswa01",1994,"AL"
"boggswa01",1995,"AL"
"boggswa01",1996,"AL"
"bollifr01",1961,"NL"
"bollifr01",1962,"NL"
"bondsba01",1990,"NL"
"bondsba01",1992,"NL"
"bondsba01",1993,"NL"
"bondsba01",1994,"NL"
"bondsba01",1995,"NL"
"bondsba01",1996,"NL"
"bondsba01",1997,"NL"
"bondsba01",1998,"NL"
"bondsba01",2000,"NL"
"bondsba01",2001,"NL"
"bondsba01",2002,"NL"
"bondsba01",2003,"NL"
"bondsba01",2004,"NL"
"bondsbo01",1971,"NL"
"bondsbo01",1973,"NL"
"bondsbo01",1975,"AL"
"bonesri01",1994,"AL"
"bonhati01",1942,"AL"
"bonhati01",1943,"AL"
"bonilbo01",1988,"NL"
"bonilbo01",1989,"NL"
"bonilbo01",1990,"NL"
"bonilbo01",1991,"NL"
"bonilbo01",1993,"NL"
"bonilbo01",1995,"NL"
"booneaa01",2003,"NL"
"boonebo01",1976,"NL"
"boonebo01",1978,"NL"
"boonebo01",1979,"NL"
"boonebo01",1983,"AL"
"boonebr01",1998,"NL"
"boonebr01",2001,"AL"
"boonebr01",2003,"AL"
"boonera01",1954,"AL"
"boonera01",1956,"AL"
"bordimi01",2000,"AL"
"borowha01",1944,"AL"
"borowha01",1945,"AL"
"bottari01",1996,"NL"
"botteke01",1999,"NL"
"boudrlo01",1940,"AL"
"boudrlo01",1941,"AL"
"boudrlo01",1942,"AL"
"boudrlo01",1943,"AL"
"boudrlo01",1944,"AL"
"boudrlo01",1945,"AL"
"boudrlo01",1947,"AL"
"boudrlo01",1948,"AL"
"boutoji01",1963,"AL"
"bowala01",1974,"NL"
"bowala01",1975,"NL"
"bowala01",1976,"NL"
"bowala01",1978,"NL"
"bowala01",1979,"NL"
"boyerke01",1956,"NL"
"boyerke01",1959,"NL"
"boyerke01",1960,"NL"
"boyerke01",1961,"NL"
"boyerke01",1962,"NL"
"boyerke01",1963,"NL"
"boyerke01",1964,"NL"
"bradlph01",1985,"AL"
"brancra01",1947,"NL"
"brancra01",1948,"NL"
"brancra01",1949,"NL"
"brandja01",1961,"AL"
"brantje01",1990,"NL"
"brechha01",1947,"NL"
"brechha01",1948,"NL"
"brenlbo01",1984,"NL"
"bressed01",1964,"AL"
"brettge01",1976,"AL"
"brettge01",1977,"AL"
"brettge01",1978,"AL"
"brettge01",1979,"AL"
"brettge01",1980,"AL"
"brettge01",1981,"AL"
"brettge01",1982,"AL"
"brettge01",1983,"AL"
"brettge01",1984,"AL"
"brettge01",1985,"AL"
"brettge01",1986,"AL"
"brettge01",1987,"AL"
"brettge01",1988,"AL"
"brettke01",1974,"NL"
"breweji01",1973,"NL"
"breweto01",1956,"AL"
"bridgro01",1958,"AL"
"bridgto01",1934,"AL"
"bridgto01",1935,"AL"
"bridgto01",1936,"AL"
"bridgto01",1937,"AL"
"bridgto01",1939,"AL"
"bridgto01",1940,"AL"
"brinked01",1973,"AL"
"brisslo01",1949,"AL"
"brocklo01",1967,"NL"
"brocklo01",1971,"NL"
"brocklo01",1972,"NL"
"brocklo01",1974,"NL"
"brocklo01",1975,"NL"
"brocklo01",1979,"NL"
"brookhu01",1986,"NL"
"brookhu01",1987,"NL"
"brosisc01",1998,"AL"
"brownch02",1986,"NL"
"brownji03",1942,"NL"
"brownke01",1992,"AL"
"brownke01",1996,"NL"
"brownke01",1997,"NL"
"brownke01",1998,"NL"
"brownke01",2000,"NL"
"brownke01",2003,"NL"
"brownma01",1938,"NL"
"brownto05",1991,"NL"
"brunato01",1985,"AL"
"bucknbi01",1981,"NL"
"buehrma01",2002,"AL"
"buehrma01",2005,"AL"
"buehrma01",2006,"AL"
"bufordo01",1971,"AL"
"buhlbo01",1960,"NL"
"buhneja01",1996,"AL"
"bumbral01",1980,"AL"
"bunniji01",1957,"AL"
"bunniji01",1959,"AL"
"bunniji01",1961,"AL"
"bunniji01",1962,"AL"
"bunniji01",1963,"AL"
"bunniji01",1964,"NL"
"bunniji01",1966,"NL"
"burdele01",1957,"NL"
"burdele01",1959,"NL"
"burgesm01",1954,"NL"
"burgesm01",1955,"NL"
"burgesm01",1959,"NL"
"burgesm01",1960,"NL"
"burgesm01",1961,"NL"
"burgesm01",1964,"NL"
"burgmto01",1980,"AL"
"burkejo03",1993,"NL"
"burkejo03",2001,"NL"
"burketi01",1989,"NL"
"burksel01",1990,"AL"
"burksel01",1996,"NL"
"burleri01",1977,"AL"
"burleri01",1978,"AL"
"burleri01",1979,"AL"
"burleri01",1981,"AL"
"burnije01",1999,"NL"
"burnsbr01",1981,"AL"
"burroje01",1974,"AL"
"burroje01",1978,"NL"
"busbyji01",1951,"AL"
"busbyst01",1974,"AL"
"busbyst01",1975,"AL"
"butlebr01",1991,"NL"
"byrdpa01",1999,"NL"
"byrneto01",1950,"AL"
"cabremi01",2004,"NL"
"cabremi01",2005,"NL"
"cabremi01",2006,"NL"
"caldeiv01",1991,"NL"
"callijo01",1962,"NL"
"callijo01",1964,"NL"
"callijo01",1965,"NL"
"camermi01",2001,"AL"
"camildo01",1939,"NL"
"camildo01",1941,"NL"
"caminke01",1994,"NL"
"caminke01",1996,"NL"
"caminke01",1997,"NL"
"campabe01",1968,"AL"
"campabe01",1972,"AL"
"campabe01",1973,"AL"
"campabe01",1974,"AL"
"campabe01",1975,"AL"
"campabe01",1977,"AL"
"camparo01",1949,"NL"
"camparo01",1950,"NL"
"camparo01",1951,"NL"
"camparo01",1952,"NL"
"camparo01",1953,"NL"
"camparo01",1954,"NL"
"camparo01",1955,"NL"
"camparo01",1956,"NL"
"campbbi02",1977,"AL"
"candejo01",1977,"NL"
"cannich01",1969,"NL"
"canoro01",2006,"AL"
"cansejo01",1986,"AL"
"cansejo01",1988,"AL"
"cansejo01",1989,"AL"
"cansejo01",1990,"AL"
"cansejo01",1992,"AL"
"cansejo01",1999,"AL"
"caprabu01",1974,"NL"
"capuach01",2006,"NL"
"cardele01",1964,"NL"
"cardele01",1965,"NL"
"cardele01",1966,"NL"
"cardele01",1968,"NL"
"cardele01",1971,"AL"
"carewro01",1967,"AL"
"carewro01",1968,"AL"
"carewro01",1969,"AL"
"carewro01",1970,"AL"
"carewro01",1971,"AL"
"carewro01",1972,"AL"
"carewro01",1973,"AL"
"carewro01",1974,"AL"
"carewro01",1975,"AL"
"carewro01",1976,"AL"
"carewro01",1977,"AL"
"carewro01",1978,"AL"
"carewro01",1979,"AL"
"carewro01",1980,"AL"
"carewro01",1981,"AL"
"carewro01",1982,"AL"
"carewro01",1983,"AL"
"carewro01",1984,"AL"
"carltst01",1968,"NL"
"carltst01",1969,"NL"
"carltst01",1971,"NL"
"carltst01",1972,"NL"
"carltst01",1974,"NL"
"carltst01",1977,"NL"
"carltst01",1979,"NL"
"carltst01",1980,"NL"
"carltst01",1981,"NL"
"carltst01",1982,"NL"
"carpech01",2005,"NL"
"carpech01",2006,"NL"
"carrach01",1951,"AL"
"carrach01",1953,"AL"
"carrach01",1954,"AL"
"carrach01",1955,"AL"
"carrocl02",1971,"NL"
"carrocl02",1972,"NL"
"cartega01",1975,"NL"
"cartega01",1979,"NL"
"cartega01",1980,"NL"
"cartega01",1981,"NL"
"cartega01",1982,"NL"
"cartega01",1983,"NL"
"cartega01",1984,"NL"
"cartega01",1985,"NL"
"cartega01",1986,"NL"
"cartega01",1987,"NL"
"cartega01",1988,"NL"
"cartejo01",1991,"AL"
"cartejo01",1992,"AL"
"cartejo01",1993,"AL"
"cartejo01",1994,"AL"
"cartejo01",1996,"AL"
"cartela02",2003,"AL"
"cartyri01",1970,"NL"
"casanpa01",1967,"AL"
"casege01",1939,"AL"
"casege01",1943,"AL"
"casege01",1944,"AL"
"casege01",1945,"AL"
"caseyse01",1999,"NL"
"caseyse01",2001,"NL"
"caseyse01",2004,"NL"
"cashda01",1974,"NL"
"cashda01",1975,"NL"
"cashda01",1976,"NL"
"cashno01",1961,"AL"
"cashno01",1966,"AL"
"cashno01",1971,"AL"
"cashno01",1972,"AL"
"castilu01",2002,"NL"
"castilu01",2003,"NL"
"castilu01",2005,"NL"
"castivi02",1995,"NL"
"castivi02",1998,"NL"
"caudibi01",1984,"AL"
"cavarph01",1944,"NL"
"cavarph01",1945,"NL"
"cavarph01",1946,"NL"
"cavarph01",1947,"NL"
"cedence01",1972,"NL"
"cedence01",1973,"NL"
"cedence01",1974,"NL"
"cedence01",1976,"NL"
"cepedor01",1959,"NL"
"cepedor01",1960,"NL"
"cepedor01",1961,"NL"
"cepedor01",1962,"NL"
"cepedor01",1963,"NL"
"cepedor01",1964,"NL"
"cepedor01",1967,"NL"
"cervbo01",1958,"AL"
"ceyro01",1974,"NL"
"ceyro01",1975,"NL"
"ceyro01",1976,"NL"
"ceyro01",1977,"NL"
"ceyro01",1978,"NL"
"ceyro01",1979,"NL"
"chacosh01",2003,"NL"
"chalkda01",1974,"AL"
"chalkda01",1975,"AL"
"chambch01",1976,"AL"
"chancde01",1964,"AL"
"chancde01",1967,"AL"
"chandsp01",1942,"AL"
"chandsp01",1943,"AL"
"chandsp01",1946,"AL"
"chandsp01",1947,"AL"
"chapmbe01",1933,"AL"
"chapmbe01",1934,"AL"
"chapmbe01",1935,"AL"
"chapmbe01",1936,"AL"
"chapmsa01",1946,"AL"
"charlno01",1992,"NL"
"chrisru01",1945,"AL"
"cimolgi01",1957,"NL"
"cirilje01",1997,"AL"
"cirilje01",2000,"NL"
"clancji01",1982,"AL"
"clarkja01",1978,"NL"
"clarkja01",1979,"NL"
"clarkja01",1985,"NL"
"clarkja01",1987,"NL"
"clarkto02",2001,"AL"
"clarkwi02",1988,"NL"
"clarkwi02",1989,"NL"
"clarkwi02",1990,"NL"
"clarkwi02",1991,"NL"
"clarkwi02",1992,"NL"
"clarkwi02",1994,"AL"
"claytro01",1997,"NL"
"clearma01",1979,"AL"
"clearma01",1982,"AL"
"clemema01",2005,"AL"
"clemero01",1960,"NL"
"clemero01",1961,"NL"
"clemero01",1962,"NL"
"clemero01",1963,"NL"
"clemero01",1964,"NL"
"clemero01",1965,"NL"
"clemero01",1966,"NL"
"clemero01",1967,"NL"
"clemero01",1969,"NL"
"clemero01",1970,"NL"
"clemero01",1971,"NL"
"clemero01",1972,"NL"
"clemero02",1986,"AL"
"clemero02",1988,"AL"
"clemero02",1990,"AL"
"clemero02",1991,"AL"
"clemero02",1992,"AL"
"clemero02",1997,"AL"
"clemero02",1998,"AL"
"clemero02",2001,"AL"
"clemero02",2003,"AL"
"clemero02",2004,"NL"
"clemero02",2005,"NL"
"cliftha01",1937,"AL"
"coateji01",1960,"AL"
"cochrmi01",1934,"AL"
"cochrmi01",1935,"AL"
"colavro01",1959,"AL"
"colavro01",1961,"AL"
"colavro01",1962,"AL"
"colavro01",1964,"AL"
"colavro01",1965,"AL"
"colavro01",1966,"AL"
"colbena01",1971,"NL"
"colbena01",1972,"NL"
"colbena01",1973,"NL"
"colboji01",1973,"AL"
"colemje01",1950,"AL"
"colemjo04",1948,"AL"
"colemjo05",1972,"AL"
"colemvi01",1988,"NL"
"colemvi01",1989,"NL"
"colliri02",1935,"NL"
"colliri02",1936,"NL"
"colliri02",1937,"NL"
"colonba01",1998,"AL"
"colonba01",2005,"AL"
"conceda01",1973,"NL"
"conceda01",1975,"NL"
"conceda01",1976,"NL"
"conceda01",1977,"NL"
"conceda01",1978,"NL"
"conceda01",1979,"NL"
"conceda01",1980,"NL"
"conceda01",1981,"NL"
"conceda01",1982,"NL"
"coneda01",1988,"NL"
"coneda01",1992,"NL"
"coneda01",1994,"AL"
"coneda01",1997,"AL"
"coneda01",1999,"AL"
"conigto01",1967,"AL"
"coninje01",1994,"NL"
"coninje01",1995,"NL"
"conlege01",1954,"NL"
"conlege01",1955,"NL"
"conlege01",1959,"NL"
"consusa01",1954,"AL"
"contrjo01",2006,"AL"
"coomero01",1999,"AL"
"coopece01",1979,"AL"
"coopece01",1980,"AL"
"coopece01",1982,"AL"
"coopece01",1983,"AL"
"coopece01",1985,"AL"
"coopemo01",1942,"NL"
"coopemo01",1943,"NL"
"coopemo01",1945,"NL"
"coopemo01",1946,"NL"
"coopesc01",1993,"AL"
"coopesc01",1994,"AL"
"coopewa01",1942,"NL"
"coopewa01",1943,"NL"
"coopewa01",1944,"NL"
"coopewa01",1946,"NL"
"coopewa01",1947,"NL"
"coopewa01",1948,"NL"
"coopewa01",1949,"NL"
"coopewa01",1950,"NL"
"corajo01",1997,"AL"
"corbedo01",1981,"AL"
"cordech01",2005,"NL"
"cordefr01",2004,"AL"
"cordewi01",1994,"NL"
"coscape01",1940,"NL"
"cramedo01",1935,"AL"
"cramedo01",1937,"AL"
"cramedo01",1938,"AL"
"cramedo01",1939,"AL"
"cramedo01",1940,"AL"
"crandde01",1953,"NL"
"crandde01",1954,"NL"
"crandde01",1955,"NL"
"crandde01",1956,"NL"
"crandde01",1958,"NL"
"crandde01",1959,"NL"
"crandde01",1960,"NL"
"crandde01",1962,"NL"
"crawfca02",2004,"AL"
"cronijo01",1933,"AL"
"cronijo01",1934,"AL"
"cronijo01",1935,"AL"
"cronijo01",1937,"AL"
"cronijo01",1938,"AL"
"cronijo01",1939,"AL"
"cronijo01",1941,"AL"
"crosefr01",1936,"AL"
"crosefr01",1939,"AL"
"crowdal01",1933,"AL"
"crowege01",1958,"NL"
"cruzjo01",1980,"NL"
"cruzjo01",1985,"NL"
"cuccito01",1933,"NL"
"cuccito01",1938,"NL"
"cuccito01",1945,"AL"
"cuellmi01",1967,"NL"
"cuellmi01",1970,"AL"
"cuellmi01",1971,"AL"
"cuellmi01",1974,"AL"
"cullero01",1941,"AL"
"cullero01",1944,"AL"
"culpra01",1963,"NL"
"culpra01",1969,"AL"
"cunnijo01",1959,"NL"
"cuyleki01",1934,"NL"
"dahlgba01",1943,"NL"
"daleybu01",1959,"AL"
"daleybu01",1960,"AL"
"damonjo01",2002,"AL"
"damonjo01",2005,"AL"
"danniha01",1938,"NL"
"danniha01",1939,"NL"
"danniha01",1940,"NL"
"danniha01",1941,"NL"
"darkal01",1951,"NL"
"darkal01",1952,"NL"
"darkal01",1954,"NL"
"darliro01",1985,"NL"
"daultda01",1992,"NL"
"daultda01",1993,"NL"
"daultda01",1995,"NL"
"davalvi01",1965,"AL"
"davenji01",1962,"NL"
"davisal01",1984,"AL"
"davisch01",1984,"NL"
"davisch01",1986,"NL"
"davisch01",1994,"AL"
"daviscu01",1936,"NL"
"daviscu01",1939,"NL"
"daviser01",1987,"NL"
"daviser01",1989,"NL"
"davisgl01",1986,"NL"
"davisgl01",1989,"NL"
"davisjo02",1984,"NL"
"davisjo02",1986,"NL"
"davisma01",1988,"NL"
"davisma01",1989,"NL"
"davisro02",1981,"AL"
"davisto02",1962,"NL"
"davisto02",1963,"NL"
"daviswi02",1971,"NL"
"daviswi02",1973,"NL"
"dawlebi01",1983,"NL"
"dawsoan01",1981,"NL"
"dawsoan01",1982,"NL"
"dawsoan01",1983,"NL"
"dawsoan01",1987,"NL"
"dawsoan01",1988,"NL"
"dawsoan01",1989,"NL"
"dawsoan01",1990,"NL"
"dawsoan01",1991,"NL"
"deandi01",1934,"NL"
"deandi01",1935,"NL"
"deandi01",1936,"NL"
"deandi01",1937,"NL"
"decindo01",1983,"AL"
"delgaca01",2000,"AL"
"delgaca01",2003,"AL"
"demaejo01",1957,"AL"
"demarfr02",1936,"NL"
"demarfr02",1937,"NL"
"dempsry01",2000,"NL"
"dentbu01",1975,"AL"
"dentbu01",1980,"AL"
"dentbu01",1981,"AL"
"derripa01",1935,"NL"
"derripa01",1938,"NL"
"derripa01",1939,"NL"
"derripa01",1940,"NL"
"derripa01",1941,"NL"
"derripa01",1942,"NL"
"diazbo01",1981,"AL"
"diazbo01",1987,"NL"
"dibblro01",1990,"NL"
"dibblro01",1991,"NL"
"dickebi01",1933,"AL"
"dickebi01",1934,"AL"
"dickebi01",1936,"AL"
"dickebi01",1937,"AL"
"dickebi01",1938,"AL"
"dickebi01",1939,"AL"
"dickebi01",1940,"AL"
"dickebi01",1941,"AL"
"dickebi01",1942,"AL"
"dickebi01",1943,"AL"
"dickebi01",1946,"AL"
"dicksja01",1997,"AL"
"dicksmu01",1953,"NL"
"dierkla01",1969,"NL"
"dierkla01",1971,"NL"
"dietzdi01",1970,"NL"
"dillibo01",1949,"AL"
"dimagdo01",1941,"AL"
"dimagdo01",1942,"AL"
"dimagdo01",1946,"AL"
"dimagdo01",1949,"AL"
"dimagdo01",1950,"AL"
"dimagdo01",1951,"AL"
"dimagdo01",1952,"AL"
"dimagjo01",1936,"AL"
"dimagjo01",1937,"AL"
"dimagjo01",1938,"AL"
"dimagjo01",1939,"AL"
"dimagjo01",1940,"AL"
"dimagjo01",1941,"AL"
"dimagjo01",1942,"AL"
"dimagjo01",1946,"AL"
"dimagjo01",1947,"AL"
"dimagjo01",1948,"AL"
"dimagjo01",1949,"AL"
"dimagjo01",1950,"AL"
"dimagjo01",1951,"AL"
"dimagvi01",1943,"NL"
"dimagvi01",1944,"NL"
"disarga01",1995,"AL"
"dobsojo01",1948,"AL"
"dobsopa01",1972,"AL"
"dobyla01",1949,"AL"
"dobyla01",1950,"AL"
"dobyla01",1951,"AL"
"dobyla01",1952,"AL"
"dobyla01",1953,"AL"
"dobyla01",1954,"AL"
"dobyla01",1955,"AL"
"doerrbo01",1941,"AL"
"doerrbo01",1942,"AL"
"doerrbo01",1943,"AL"
"doerrbo01",1944,"AL"
"doerrbo01",1946,"AL"
"doerrbo01",1947,"AL"
"doerrbo01",1948,"AL"
"doerrbo01",1950,"AL"
"doerrbo01",1951,"AL"
"donnebr01",2003,"AL"
"donovdi01",1955,"AL"
"donovdi01",1961,"AL"
"donovdi01",1962,"AL"
"dotsori01",1984,"AL"
"downial01",1967,"AL"
"downibr01",1979,"AL"
"drabedo01",1994,"NL"
"draveda01",1983,"NL"
"dropowa01",1950,"AL"
"drysddo01",1959,"NL"
"drysddo01",1961,"NL"
"drysddo01",1962,"NL"
"drysddo01",1963,"NL"
"drysddo01",1964,"NL"
"drysddo01",1965,"NL"
"drysddo01",1967,"NL"
"drysddo01",1968,"NL"
"duchsju01",2005,"AL"
"duncada01",1971,"AL"
"duncama01",1994,"NL"
"dunnad01",2002,"NL"
"dunstsh01",1988,"NL"
"dunstsh01",1990,"NL"
"durenry01",1958,"AL"
"durenry01",1959,"AL"
"durenry01",1961,"AL"
"durhale01",1982,"NL"
"durhale01",1983,"NL"
"durhara01",1998,"AL"
"durhara01",2000,"AL"
"durocle01",1936,"NL"
"durocle01",1938,"NL"
"durocle01",1940,"NL"
"dyeje01",2000,"AL"
"dyeje01",2006,"AL"
"dykesji01",1933,"AL"
"dykesji01",1934,"AL"
"dykstle01",1990,"NL"
"dykstle01",1994,"NL"
"dykstle01",1995,"NL"
"earlyja01",1943,"AL"
"easleda01",1998,"AL"
"easlemi01",1981,"NL"
"eckerde01",1977,"AL"
"eckerde01",1982,"AL"
"eckerde01",1988,"AL"
"eckerde01",1990,"AL"
"eckerde01",1991,"AL"
"eckerde01",1992,"AL"
"eckstda01",2005,"NL"
"eckstda01",2006,"NL"
"edmonji01",1995,"AL"
"edmonji01",2000,"NL"
"edmonji01",2003,"NL"
"edmonji01",2005,"NL"
"edwarbr01",1947,"NL"
"edwarbr01",1951,"NL"
"edwarjo01",1963,"NL"
"edwarjo01",1964,"NL"
"edwarjo01",1965,"NL"
"elliobo01",1941,"NL"
"elliobo01",1942,"NL"
"elliobo01",1944,"NL"
"elliobo01",1945,"NL"
"elliobo01",1947,"NL"
"elliobo01",1948,"NL"
"elliobo01",1951,"NL"
"ellisdo01",1971,"NL"
"ellissa01",1965,"NL"
"ellswdi01",1964,"NL"
"elstodo01",1959,"NL"
"engleda01",1984,"AL"
"engliwo01",1933,"NL"
"ennisde01",1946,"NL"
"ennisde01",1951,"NL"
"ennisde01",1955,"NL"
"ensbemo01",2005,"NL"
"erskica01",1954,"NL"
"erstada01",1998,"AL"
"erstada01",2000,"AL"
"estessh01",1997,"NL"
"estrach01",1960,"AL"
"estrajo01",2004,"NL"
"etchean01",1966,"AL"
"etchean01",1967,"AL"
"ettenni01",1945,"AL"
"evansda01",1973,"NL"
"evansda01",1983,"NL"
"evansdw01",1978,"AL"
"evansdw01",1981,"AL"
"evansdw01",1987,"AL"
"evereca01",2000,"AL"
"evereca01",2003,"AL"
"eversho01",1948,"AL"
"eversho01",1950,"AL"
"facero01",1959,"NL"
"facero01",1960,"NL"
"facero01",1961,"NL"
"fainfe01",1950,"AL"
"fainfe01",1951,"AL"
"fainfe01",1952,"AL"
"fainfe01",1953,"AL"
"fainfe01",1954,"AL"
"fairlro01",1973,"NL"
"fairlro01",1977,"AL"
"farmeed01",1980,"AL"
"farretu01",1958,"NL"
"farretu01",1962,"NL"
"farretu01",1964,"NL"
"farretu01",1965,"NL"
"fellebo01",1938,"AL"
"fellebo01",1939,"AL"
"fellebo01",1940,"AL"
"fellebo01",1941,"AL"
"fellebo01",1946,"AL"
"fellebo01",1947,"AL"
"fellebo01",1948,"AL"
"fellebo01",1950,"AL"
"fernasi01",1986,"NL"
"fernasi01",1987,"NL"
"fernato01",1986,"AL"
"fernato01",1987,"AL"
"fernato01",1989,"AL"
"fernato01",1992,"NL"
"fernato01",1999,"AL"
"ferreri01",1933,"AL"
"ferreri01",1934,"AL"
"ferreri01",1935,"AL"
"ferreri01",1936,"AL"
"ferreri01",1937,"AL"
"ferreri01",1938,"AL"
"ferreri01",1944,"AL"
"ferreri01",1945,"AL"
"ferrewe01",1933,"AL"
"ferrewe01",1937,"AL"
"ferrida01",1945,"AL"
"ferrida01",1946,"AL"
"fettelo01",1939,"NL"
"fickro01",2002,"AL"
"fidryma01",1976,"AL"
"fidryma01",1977,"AL"
"fieldce01",1990,"AL"
"fieldce01",1991,"AL"
"fieldce01",1993,"AL"
"fingero01",1973,"AL"
"fingero01",1974,"AL"
"fingero01",1975,"AL"
"fingero01",1976,"AL"
"fingero01",1978,"NL"
"fingero01",1981,"AL"
"fingero01",1982,"AL"
"finigji01",1954,"AL"
"finigji01",1955,"AL"
"finlech01",1989,"AL"
"finlech01",1990,"AL"
"finlech01",1995,"AL"
"finlech01",1996,"AL"
"finlech01",2000,"AL"
"finlest01",1997,"NL"
"finlest01",2000,"NL"
"finnelo01",1940,"AL"
"fisheed02",1965,"AL"
"fiskca01",1972,"AL"
"fiskca01",1973,"AL"
"fiskca01",1974,"AL"
"fiskca01",1976,"AL"
"fiskca01",1977,"AL"
"fiskca01",1978,"AL"
"fiskca01",1980,"AL"
"fiskca01",1981,"AL"
"fiskca01",1982,"AL"
"fiskca01",1985,"AL"
"fiskca01",1991,"AL"
"flanami01",1978,"AL"
"fletcda01",1994,"NL"
"fletcel01",1943,"NL"
"floodcu01",1964,"NL"
"floodcu01",1966,"NL"
"floodcu01",1968,"NL"
"floydcl01",2001,"NL"
"foileha01",1957,"NL"
"fordwh01",1954,"AL"
"fordwh01",1955,"AL"
"fordwh01",1956,"AL"
"fordwh01",1958,"AL"
"fordwh01",1959,"AL"
"fordwh01",1960,"AL"
"fordwh01",1961,"AL"
"fordwh01",1964,"AL"
"fornimi01",1961,"AL"
"forscke01",1976,"NL"
"forscke01",1981,"AL"
"fossera01",1970,"AL"
"fossera01",1971,"AL"
"fostege01",1976,"NL"
"fostege01",1977,"NL"
"fostege01",1978,"NL"
"fostege01",1979,"NL"
"fostege01",1981,"NL"
"foulkke01",2003,"AL"
"foxne01",1951,"AL"
"foxne01",1952,"AL"
"foxne01",1953,"AL"
"foxne01",1954,"AL"
"foxne01",1955,"AL"
"foxne01",1956,"AL"
"foxne01",1957,"AL"
"foxne01",1958,"AL"
"foxne01",1959,"AL"
"foxne01",1960,"AL"
"foxne01",1961,"AL"
"foxne01",1963,"AL"
"foxpe01",1944,"AL"
"foxxji01",1933,"AL"
"foxxji01",1934,"AL"
"foxxji01",1935,"AL"
"foxxji01",1936,"AL"
"foxxji01",1937,"AL"
"foxxji01",1938,"AL"
"foxxji01",1939,"AL"
"foxxji01",1940,"AL"
"foxxji01",1941,"AL"
"francjo01",1986,"NL"
"francjo01",1987,"NL"
"francjo01",1989,"NL"
"francjo01",1990,"NL"
"francju01",1989,"AL"
"francju01",1990,"AL"
"francju01",1991,"AL"
"francti01",1961,"AL"
"frankfr02",1934,"NL"
"freehbi01",1964,"AL"
"freehbi01",1965,"AL"
"freehbi01",1966,"AL"
"freehbi01",1967,"AL"
"freehbi01",1968,"AL"
"freehbi01",1969,"AL"
"freehbi01",1970,"AL"
"freehbi01",1971,"AL"
"freehbi01",1972,"AL"
"freehbi01",1973,"AL"
"freehbi01",1975,"AL"
"fregoji01",1964,"AL"
"fregoji01",1966,"AL"
"fregoji01",1967,"AL"
"fregoji01",1968,"AL"
"fregoji01",1969,"AL"
"fregoji01",1970,"AL"
"frencla01",1940,"NL"
"freylo01",1939,"NL"
"freylo01",1941,"NL"
"freylo01",1943,"NL"
"frienbo01",1956,"NL"
"frienbo01",1958,"NL"
"frienbo01",1960,"NL"
"friscfr01",1933,"NL"
"friscfr01",1934,"NL"
"friscfr01",1935,"NL"
"frymatr01",1992,"AL"
"frymatr01",1993,"AL"
"frymatr01",1994,"AL"
"frymatr01",1996,"AL"
"frymatr01",2000,"AL"
"frymawo01",1968,"NL"
"frymawo01",1976,"NL"
"fuentbr01",2005,"NL"
"fuentbr01",2006,"NL"
"furcara01",2003,"NL"
"furilca01",1952,"NL"
"furilca01",1953,"NL"
"gaettga01",1988,"AL"
"gaettga01",1989,"AL"
"gagneer01",2002,"NL"
"gagneer01",2003,"NL"
"gagneer01",2004,"NL"
"galanau01",1936,"NL"
"galanau01",1943,"NL"
"galanau01",1944,"NL"
"galaran01",1988,"NL"
"galaran01",1993,"NL"
"galaran01",1997,"NL"
"galaran01",1998,"NL"
"galaran01",2000,"NL"
"gantro01",1992,"NL"
"gantro01",1995,"NL"
"garcica01",1994,"NL"
"garcida01",1984,"AL"
"garcida01",1985,"AL"
"garcifr02",2001,"AL"
"garcifr02",2002,"AL"
"garcimi01",1952,"AL"
"garcimi01",1953,"AL"
"garcimi01",1954,"AL"
"garcino01",1997,"AL"
"garcino01",1999,"AL"
"garcino01",2000,"AL"
"garcino01",2002,"AL"
"garcino01",2003,"AL"
"garcino01",2006,"NL"
"garlajo01",2005,"AL"
"garneph01",1976,"AL"
"garneph01",1980,"NL"
"garneph01",1981,"NL"
"garresc01",1985,"NL"
"garrra01",1974,"NL"
"garvene01",1951,"AL"
"garvest01",1974,"NL"
"garvest01",1975,"NL"
"garvest01",1976,"NL"
"garvest01",1977,"NL"
"garvest01",1978,"NL"
"garvest01",1979,"NL"
"garvest01",1980,"NL"
"garvest01",1981,"NL"
"garvest01",1984,"NL"
"garvest01",1985,"NL"
"gastoci01",1970,"NL"
"gedmari01",1985,"AL"
"gedmari01",1986,"AL"
"gehrich01",1933,"AL"
"gehrich01",1934,"AL"
"gehrich01",1935,"AL"
"gehrich01",1936,"AL"
"gehrich01",1937,"AL"
"gehrich01",1938,"AL"
"gehrilo01",1933,"AL"
"gehrilo01",1934,"AL"
"gehrilo01",1935,"AL"
"gehrilo01",1936,"AL"
"gehrilo01",1937,"AL"
"gehrilo01",1938,"AL"
"gehrilo01",1939,"AL"
"gentiji01",1960,"AL"
"gentiji01",1961,"AL"
"gentiji01",1962,"AL"
"giambja01",2000,"AL"
"giambja01",2001,"AL"
"giambja01",2002,"AL"
"giambja01",2003,"AL"
"giambja01",2004,"AL"
"gibsobo01",1962,"NL"
"gibsobo01",1965,"NL"
"gibsobo01",1966,"NL"
"gibsobo01",1967,"NL"
"gibsobo01",1968,"NL"
"gibsobo01",1969,"NL"
"gibsobo01",1970,"NL"
"gibsobo01",1972,"NL"
"gilesbr02",2000,"NL"
"gilesbr02",2001,"NL"
"gilesma01",2003,"NL"
"gilliji01",1956,"NL"
"gilliji01",1959,"NL"
"girarjo01",2000,"NL"
"giustda01",1973,"NL"
"glaustr01",2000,"AL"
"glaustr01",2001,"AL"
"glaustr01",2003,"AL"
"glaustr01",2006,"AL"
"glavito02",1991,"NL"
"glavito02",1992,"NL"
"glavito02",1993,"NL"
"glavito02",1996,"NL"
"glavito02",1997,"NL"
"glavito02",1998,"NL"
"glavito02",2000,"NL"
"glavito02",2002,"NL"
"glavito02",2004,"NL"
"glavito02",2006,"NL"
"gomezle01",1933,"AL"
"gomezle01",1934,"AL"
"gomezle01",1935,"AL"
"gomezle01",1936,"AL"
"gomezle01",1937,"AL"
"gomezle01",1938,"AL"
"gomezle01",1939,"AL"
"gonzaal02",1999,"NL"
"gonzaju03",1993,"AL"
"gonzaju03",1998,"AL"
"gonzaju03",2001,"AL"
"gonzalu01",1999,"NL"
"gonzalu01",2001,"NL"
"gonzalu01",2002,"NL"
"gonzalu01",2003,"NL"
"gonzalu01",2005,"NL"
"goodedw01",1984,"NL"
"goodedw01",1985,"NL"
"goodedw01",1986,"NL"
"goodedw01",1988,"NL"
"goodmbi01",1949,"AL"
"goodmbi01",1953,"AL"
"goodmiv01",1938,"NL"
"goodmiv01",1939,"NL"
"gordojo01",1939,"AL"
"gordojo01",1940,"AL"
"gordojo01",1941,"AL"
"gordojo01",1942,"AL"
"gordojo01",1943,"AL"
"gordojo01",1946,"AL"
"gordojo01",1947,"AL"
"gordojo01",1948,"AL"
"gordojo01",1949,"AL"
"gordosi01",1948,"NL"
"gordosi01",1949,"NL"
"gordoto01",1998,"AL"
"gordoto01",2004,"AL"
"gordoto01",2006,"NL"
"gosligo01",1936,"AL"
"gossari01",1975,"AL"
"gossari01",1976,"AL"
"gossari01",1977,"NL"
"gossari01",1978,"AL"
"gossari01",1980,"AL"
"gossari01",1981,"AL"
"gossari01",1982,"AL"
"gossari01",1984,"NL"
"gossari01",1985,"NL"
"grababi01",1970,"NL"
"gracema01",1993,"NL"
"gracema01",1995,"NL"
"gracema01",1997,"NL"
"grantmu01",1963,"AL"
"grantmu01",1965,"AL"
"graveda01",2000,"NL"
"graveda01",2004,"NL"
"grayte01",1950,"AL"
"greenha01",1937,"AL"
"greenha01",1938,"AL"
"greenha01",1939,"AL"
"greenha01",1940,"AL"
"greenha01",1945,"AL"
"greenmi01",1988,"AL"
"greenmi01",1989,"AL"
"greensh01",1999,"AL"
"greensh01",2002,"NL"
"greenty01",1995,"NL"
"greggha01",1945,"NL"
"grichbo01",1972,"AL"
"grichbo01",1974,"AL"
"grichbo01",1976,"AL"
"grichbo01",1979,"AL"
"grichbo01",1980,"AL"
"grichbo01",1982,"AL"
"grievbe01",1998,"AL"
"griffal01",1984,"AL"
"griffke01",1976,"NL"
"griffke01",1977,"NL"
"griffke01",1980,"NL"
"griffke02",1990,"AL"
"griffke02",1991,"AL"
"griffke02",1992,"AL"
"griffke02",1993,"AL"
"griffke02",1994,"AL"
"griffke02",1995,"AL"
"griffke02",1996,"AL"
"griffke02",1997,"AL"
"griffke02",1998,"AL"
"griffke02",1999,"AL"
"griffke02",2000,"NL"
"griffke02",2004,"NL"
"grimbo01",1957,"AL"
"grimeos01",1945,"AL"
"grimsro02",1978,"NL"
"grissle01",1937,"NL"
"grissma01",1954,"NL"
"grissma02",1993,"NL"
"grissma02",1994,"NL"
"groatdi01",1959,"NL"
"groatdi01",1960,"NL"
"groatdi01",1962,"NL"
"groatdi01",1963,"NL"
"groatdi01",1964,"NL"
"gromest01",1945,"AL"
"grosske01",1988,"NL"
"grosswa01",1977,"AL"
"groteje01",1968,"NL"
"groteje01",1974,"NL"
"grovele01",1933,"AL"
"grovele01",1935,"AL"
"grovele01",1936,"AL"
"grovele01",1937,"AL"
"grovele01",1938,"AL"
"grovele01",1939,"AL"
"groveor01",1944,"AL"
"grubbjo01",1974,"NL"
"grubeke01",1989,"AL"
"grubeke01",1990,"AL"
"grudzma01",1996,"NL"
"guarded01",2002,"AL"
"guarded01",2003,"AL"
"gubicma01",1988,"AL"
"gubicma01",1989,"AL"
"guerrpe01",1981,"NL"
"guerrpe01",1983,"NL"
"guerrpe01",1985,"NL"
"guerrpe01",1987,"NL"
"guerrpe01",1989,"NL"
"guerrvl01",1999,"NL"
"guerrvl01",2000,"NL"
"guerrvl01",2001,"NL"
"guerrvl01",2002,"NL"
"guerrvl01",2004,"AL"
"guerrvl01",2005,"AL"
"guerrvl01",2006,"AL"
"guidrro01",1978,"AL"
"guidrro01",1979,"AL"
"guidrro01",1982,"AL"
"guidrro01",1983,"AL"
"guillca01",2004,"AL"
"guilloz01",1988,"AL"
"guilloz01",1990,"AL"
"guilloz01",1991,"AL"
"gumpera01",1951,"AL"
"gurala01",1980,"AL"
"gustifr01",1946,"NL"
"gustifr01",1947,"NL"
"gustifr01",1948,"NL"
"guzmacr01",2001,"AL"
"guzmaju01",1992,"AL"
"gwynnto01",1984,"NL"
"gwynnto01",1985,"NL"
"gwynnto01",1986,"NL"
"gwynnto01",1987,"NL"
"gwynnto01",1989,"NL"
"gwynnto01",1990,"NL"
"gwynnto01",1991,"NL"
"gwynnto01",1992,"NL"
"gwynnto01",1993,"NL"
"gwynnto01",1994,"NL"
"gwynnto01",1995,"NL"
"gwynnto01",1996,"NL"
"gwynnto01",1997,"NL"
"gwynnto01",1998,"NL"
"gwynnto01",1999,"NL"
"haasbe01",1947,"NL"
"hackst01",1938,"NL"
"hackst01",1939,"NL"
"hackst01",1941,"NL"
"hackst01",1943,"NL"
"hackst01",1945,"NL"
"haddiha01",1953,"NL"
"haddiha01",1954,"NL"
"haddiha01",1955,"NL"
"hafeych01",1933,"NL"
"hallabi01",1933,"NL"
"hallaro01",2002,"AL"
"hallaro01",2003,"AL"
"hallaro01",2005,"AL"
"hallaro01",2006,"AL"
"halleto01",1966,"NL"
"halleto01",1967,"NL"
"halleto01",1968,"NL"
"hallji02",1964,"AL"
"hallji02",1965,"AL"
"hammaat01",1983,"NL"
"hammoje01",2000,"NL"
"hamnegr01",1952,"NL"
"hamnegr01",1953,"NL"
"hamnegr01",1954,"NL"
"hamptmi01",1999,"NL"
"hamptmi01",2001,"NL"
"hansero02",1960,"AL"
"hansoer01",1995,"AL"
"hardeme01",1934,"AL"
"hardeme01",1935,"AL"
"hardeme01",1936,"AL"
"hardeme01",1937,"AL"
"hargast01",1967,"AL"
"hargrmi01",1975,"AL"
"harnipe01",1991,"NL"
"harpeto01",1970,"AL"
"harrato01",1972,"AL"
"harrato01",1975,"AL"
"harrato01",1976,"AL"
"harrato01",1982,"AL"
"harrebu01",1970,"NL"
"harrebu01",1971,"NL"
"harreke01",1968,"AL"
"harrimi01",1946,"AL"
"hartji01",1966,"NL"
"hartnga01",1933,"NL"
"hartnga01",1934,"NL"
"hartnga01",1935,"NL"
"hartnga01",1936,"NL"
"hartnga01",1937,"NL"
"hartnga01",1938,"NL"
"harvebr01",1991,"AL"
"harvebr01",1993,"NL"
"harveke01",2004,"AL"
"hasegsh01",2003,"AL"
"hattogr01",1952,"NL"
"hayesfr01",1939,"AL"
"hayesfr01",1940,"AL"
"hayesfr01",1941,"AL"
"hayesfr01",1944,"AL"
"hayesfr01",1945,"AL"
"hayesfr01",1946,"AL"
"hayesvo01",1989,"NL"
"haynejo01",1948,"AL"
"hearnji01",1952,"NL"
"heathje01",1941,"AL"
"heathje01",1943,"AL"
"heatone01",1990,"NL"
"heganji01",1947,"AL"
"heganji01",1949,"AL"
"heganji01",1950,"AL"
"heganji01",1951,"AL"
"heganji01",1952,"AL"
"heganmi01",1969,"AL"
"helmsto01",1967,"NL"
"helmsto01",1968,"NL"
"heltoto01",2000,"NL"
"heltoto01",2001,"NL"
"heltoto01",2002,"NL"
"heltoto01",2003,"NL"
"heltoto01",2004,"NL"
"hemslro01",1935,"AL"
"hemslro01",1936,"AL"
"hemslro01",1939,"AL"
"hemslro01",1940,"AL"
"hemslro01",1944,"AL"
"hendeda01",1991,"AL"
"henderi01",1980,"AL"
"henderi01",1982,"AL"
"henderi01",1983,"AL"
"henderi01",1984,"AL"
"henderi01",1985,"AL"
"henderi01",1986,"AL"
"henderi01",1987,"AL"
"henderi01",1988,"AL"
"henderi01",1990,"AL"
"henderi01",1991,"AL"
"hendrge01",1974,"AL"
"hendrge01",1975,"AL"
"hendrge01",1980,"NL"
"hendrge01",1983,"NL"
"henketo01",1987,"AL"
"henketo01",1995,"NL"
"hennemi01",1989,"AL"
"henrito01",1942,"AL"
"henrito01",1947,"AL"
"henrito01",1948,"AL"
"henrito01",1949,"AL"
"henrito01",1950,"AL"
"henrybi01",1960,"NL"
"hentgpa01",1993,"AL"
"hentgpa01",1994,"AL"
"hentgpa01",1997,"AL"
"herbera01",1962,"AL"
"hermabi01",1934,"NL"
"hermabi01",1935,"NL"
"hermabi01",1936,"NL"
"hermabi01",1937,"NL"
"hermabi01",1938,"NL"
"hermabi01",1939,"NL"
"hermabi01",1940,"NL"
"hermabi01",1941,"NL"
"hermabi01",1942,"NL"
"hermabi01",1943,"NL"
"hernajo01",2002,"NL"
"hernake01",1979,"NL"
"hernake01",1980,"NL"
"hernake01",1984,"NL"
"hernake01",1986,"NL"
"hernake01",1987,"NL"
"hernali01",2004,"NL"
"hernali01",2005,"NL"
"hernara02",2003,"AL"
"hernaro01",1996,"AL"
"hernaro01",1999,"AL"
"hernawi01",1984,"AL"
"hernawi01",1985,"AL"
"hernawi01",1986,"AL"
"herrmed01",1974,"AL"
"herrto01",1985,"NL"
"hershor01",1987,"NL"
"hershor01",1988,"NL"
"hershor01",1989,"NL"
"hickmji02",1970,"NL"
"higbeki01",1940,"NL"
"higbeki01",1946,"NL"
"higgipi01",1934,"AL"
"higgipi01",1936,"AL"
"higgipi01",1944,"AL"
"higuete01",1986,"AL"
"hildeor01",1933,"AL"
"hillejo01",1974,"AL"
"hillesh02",2002,"AL"
"hillesh02",2005,"AL"
"hillke01",1994,"NL"
"hintoch01",1964,"AL"
"hislela01",1977,"AL"
"hislela01",1978,"AL"
"hoagmy01",1939,"AL"
"hoakdo01",1957,"NL"
"hockeor01",1944,"AL"
"hodgegi01",1949,"NL"
"hodgegi01",1950,"NL"
"hodgegi01",1951,"NL"
"hodgegi01",1952,"NL"
"hodgegi01",1953,"NL"
"hodgegi01",1954,"NL"
"hodgegi01",1955,"NL"
"hodgegi01",1957,"NL"
"hoeftbi01",1955,"AL"
"hoernjo01",1970,"NL"
"hoffmtr01",1998,"NL"
"hoffmtr01",1999,"NL"
"hoffmtr01",2000,"NL"
"hoffmtr01",2002,"NL"
"hoffmtr01",2006,"NL"
"hollaal01",1984,"NL"
"hollida01",1993,"NL"
"hollima01",2006,"NL"
"holmeto01",1945,"NL"
"holmeto01",1948,"NL"
"holtzke01",1972,"AL"
"holtzke01",1973,"AL"
"honeyri01",1980,"AL"
"honeyri01",1983,"AL"
"hootobu01",1981,"NL"
"hoppjo01",1946,"NL"
"horlejo01",1967,"AL"
"hornebo01",1982,"NL"
"hortowi01",1965,"AL"
"hortowi01",1968,"AL"
"hortowi01",1970,"AL"
"hortowi01",1973,"AL"
"houghch01",1986,"AL"
"houttar01",1950,"AL"
"howarel01",1957,"AL"
"howarel01",1958,"AL"
"howarel01",1959,"AL"
"howarel01",1960,"AL"
"howarel01",1961,"AL"
"howarel01",1962,"AL"
"howarel01",1963,"AL"
"howarel01",1964,"AL"
"howarel01",1965,"AL"
"howarfr01",1968,"AL"
"howarfr01",1969,"AL"
"howarfr01",1970,"AL"
"howarfr01",1971,"AL"
"howarry01",2006,"NL"
"howelja01",1985,"AL"
"howelja01",1987,"AL"
"howelja01",1989,"NL"
"howelro02",1978,"AL"
"howest01",1982,"NL"
"howsedi01",1961,"AL"
"hoytla01",1985,"NL"
"hrbekke01",1982,"AL"
"hubbagl01",1983,"NL"
"hubbeca01",1933,"NL"
"hubbeca01",1934,"NL"
"hubbeca01",1935,"NL"
"hubbeca01",1936,"NL"
"hubbeca01",1937,"NL"
"hubbeca01",1938,"NL"
"hubbeca01",1940,"NL"
"hubbeca01",1941,"NL"
"hubbeca01",1942,"NL"
"hudekjo01",1994,"NL"
"hudsosi01",1941,"AL"
"hudsosi01",1942,"AL"
"hudsoti01",2000,"AL"
"hudsoti01",2004,"AL"
"hughste01",1942,"AL"
"hughste01",1943,"AL"
"hughste01",1944,"AL"
"humeto01",1982,"NL"
"hundlra01",1969,"NL"
"hundlto01",1996,"NL"
"hundlto01",1997,"NL"
"huntebi03",1953,"AL"
"hunteca01",1966,"AL"
"hunteca01",1967,"AL"
"hunteca01",1970,"AL"
"hunteca01",1972,"AL"
"hunteca01",1973,"AL"
"hunteca01",1974,"AL"
"hunteca01",1975,"AL"
"hunteca01",1976,"AL"
"hunteto01",2002,"AL"
"huntro01",1964,"NL"
"huntro01",1966,"NL"
"hurstbr01",1987,"AL"
"hutchfr01",1951,"AL"
"irvinmo01",1952,"NL"
"isrinja01",2000,"AL"
"isrinja01",2005,"NL"
"izturce01",2005,"NL"
"jablora01",1954,"NL"
"jacksbo01",1989,"AL"
"jacksda02",1988,"NL"
"jacksda02",1994,"NL"
"jacksgr01",1969,"NL"
"jacksla01",1957,"NL"
"jacksla01",1958,"NL"
"jacksla01",1960,"NL"
"jacksla01",1963,"NL"
"jacksra01",1954,"NL"
"jacksra01",1955,"NL"
"jacksre01",1969,"AL"
"jacksre01",1971,"AL"
"jacksre01",1972,"AL"
"jacksre01",1973,"AL"
"jacksre01",1974,"AL"
"jacksre01",1975,"AL"
"jacksre01",1977,"AL"
"jacksre01",1978,"AL"
"jacksre01",1979,"AL"
"jacksre01",1980,"AL"
"jacksre01",1981,"AL"
"jacksre01",1982,"AL"
"jacksre01",1983,"AL"
"jacksre01",1984,"AL"
"jackstr01",1934,"NL"
"jacobbr01",1986,"AL"
"jacobbr01",1990,"AL"
"jahajo01",1999,"AL"
"jansela01",1950,"NL"
"jansela01",1951,"NL"
"javeral01",1943,"NL"
"javeral01",1944,"NL"
"javieju01",1963,"NL"
"javieju01",1968,"NL"
"jayjo01",1961,"NL"
"jeffegr01",1993,"NL"
"jeffegr01",1994,"NL"
"jenkife01",1967,"NL"
"jenkife01",1971,"NL"
"jenkife01",1972,"NL"
"jenkige01",2003,"NL"
"jenksbo01",2006,"AL"
"jenseja01",1952,"AL"
"jenseja01",1955,"AL"
"jenseja01",1958,"AL"
"jeterde01",1998,"AL"
"jeterde01",1999,"AL"
"jeterde01",2000,"AL"
"jeterde01",2001,"AL"
"jeterde01",2002,"AL"
"jeterde01",2004,"AL"
"jeterde01",2006,"AL"
"johnsal01",1970,"AL"
"johnsbi03",1947,"AL"
"johnsbo01",1935,"AL"
"johnsbo01",1938,"AL"
"johnsbo01",1939,"AL"
"johnsbo01",1940,"AL"
"johnsbo01",1942,"AL"
"johnsbo01",1943,"AL"
"johnsbo01",1944,"AL"
"johnsbo01",1945,"AL"
"johnsch04",1997,"NL"
"johnsch04",2001,"NL"
"johnsda02",1968,"AL"
"johnsda02",1969,"AL"
"johnsda02",1970,"AL"
"johnsda02",1973,"NL"
"johnsdo02",1944,"NL"
"johnsdo02",1945,"NL"
"johnsho01",1989,"NL"
"johnsho01",1991,"NL"
"johnsla03",1996,"NL"
"johnsra05",1990,"AL"
"johnsra05",1993,"AL"
"johnsra05",1994,"AL"
"johnsra05",1995,"AL"
"johnsra05",1997,"AL"
"johnsra05",1999,"NL"
"johnsra05",2000,"NL"
"johnsra05",2001,"NL"
"johnsra05",2002,"NL"
"johnsra05",2004,"NL"
"johnto01",1968,"AL"
"johnto01",1978,"NL"
"johnto01",1979,"AL"
"johnto01",1980,"AL"
"jonesan01",2000,"NL"
"jonesan01",2002,"NL"
"jonesan01",2003,"NL"
"jonesan01",2005,"NL"
"jonesan01",2006,"NL"
"jonesbo03",1997,"NL"
"jonesch06",1996,"NL"
"jonesch06",1997,"NL"
"jonesch06",1998,"NL"
"jonesch06",2000,"NL"
"jonesch06",2001,"NL"
"jonescl01",1969,"NL"
"jonesdo01",1988,"AL"
"jonesdo01",1989,"AL"
"jonesdo01",1990,"AL"
"jonesdo01",1992,"NL"
"jonesdo01",1994,"NL"
"jonesra01",1975,"NL"
"jonesra01",1976,"NL"
"jonesru01",1977,"AL"
"jonesru01",1982,"NL"
"jonessa02",1955,"NL"
"jonessa02",1959,"NL"
"jonesto02",2000,"AL"
"joneswi01",1950,"NL"
"joneswi01",1951,"NL"
"joosted01",1949,"AL"
"joosted01",1952,"AL"
"jordabr01",1999,"NL"
"josefe01",1991,"NL"
"josepdu01",1968,"AL"
"joynewa01",1986,"AL"
"juddos01",1943,"AL"
"jurgebi01",1937,"NL"
"jurgebi01",1939,"NL"
"jurgebi01",1940,"NL"
"justida01",1993,"NL"
"justida01",1994,"NL"
"justida01",1997,"AL"
"kaatji01",1962,"AL"
"kaatji01",1966,"AL"
"kaatji01",1975,"AL"
"kalinal01",1955,"AL"
"kalinal01",1956,"AL"
"kalinal01",1957,"AL"
"kalinal01",1958,"AL"
"kalinal01",1959,"AL"
"kalinal01",1960,"AL"
"kalinal01",1961,"AL"
"kalinal01",1962,"AL"
"kalinal01",1963,"AL"
"kalinal01",1964,"AL"
"kalinal01",1965,"AL"
"kalinal01",1966,"AL"
"kalinal01",1967,"AL"
"kalinal01",1971,"AL"
"kalinal01",1974,"AL"
"kaskoed01",1961,"NL"
"kazaked01",1949,"NL"
"kazmisc01",2006,"AL"
"keegabo01",1954,"AL"
"kellech01",1940,"AL"
"kellech01",1941,"AL"
"kellech01",1943,"AL"
"kellech01",1946,"AL"
"kellech01",1947,"AL"
"kellge01",1947,"AL"
"kellge01",1948,"AL"
"kellge01",1949,"AL"
"kellge01",1950,"AL"
"kellge01",1951,"AL"
"kellge01",1952,"AL"
"kellge01",1953,"AL"
"kellge01",1954,"AL"
"kellge01",1956,"AL"
"kellge01",1957,"AL"
"kellnal01",1949,"AL"
"kellypa01",1973,"AL"
"kellyro01",1992,"AL"
"kellyro01",1993,"NL"
"keltnke01",1940,"AL"
"keltnke01",1941,"AL"
"keltnke01",1942,"AL"
"keltnke01",1943,"AL"
"keltnke01",1944,"AL"
"keltnke01",1946,"AL"
"keltnke01",1948,"AL"
"kempst01",1979,"AL"
"kendaja01",1996,"NL"
"kendaja01",1998,"NL"
"kendaja01",2000,"NL"
"kennete02",1981,"NL"
"kennete02",1983,"NL"
"kennete02",1985,"NL"
"kennete02",1987,"AL"
"kenneve01",1936,"AL"
"kenneve01",1938,"AL"
"kentje01",1999,"NL"
"kentje01",2000,"NL"
"kentje01",2001,"NL"
"kentje01",2004,"NL"
"kentje01",2005,"NL"
"keougma02",1978,"AL"
"kernji01",1977,"AL"
"kernji01",1978,"AL"
"kernji01",1979,"AL"
"kerrbu01",1948,"NL"
"kessido01",1968,"NL"
"kessido01",1969,"NL"
"kessido01",1970,"NL"
"kessido01",1971,"NL"
"kessido01",1972,"NL"
"kessido01",1974,"NL"
"keyji01",1985,"AL"
"keyji01",1991,"AL"
"keyji01",1993,"AL"
"keyji01",1994,"AL"
"kileda01",1993,"NL"
"kileda01",1997,"NL"
"kileda01",2000,"NL"
"killeha01",1959,"AL"
"killeha01",1961,"AL"
"killeha01",1963,"AL"
"killeha01",1964,"AL"
"killeha01",1965,"AL"
"killeha01",1966,"AL"
"killeha01",1967,"AL"
"killeha01",1968,"AL"
"killeha01",1969,"AL"
"killeha01",1970,"AL"
"killeha01",1971,"AL"
"kimby01",2002,"NL"
"kinerra01",1948,"NL"
"kinerra01",1949,"NL"
"kinerra01",1950,"NL"
"kinerra01",1951,"NL"
"kinerra01",1952,"NL"
"kinerra01",1953,"NL"
"kingmda01",1976,"NL"
"kingmda01",1979,"NL"
"kingmda01",1980,"NL"
"kittlro01",1983,"AL"
"kleinch01",1933,"NL"
"kleinch01",1934,"NL"
"kleskry01",2001,"NL"
"kluszte01",1953,"NL"
"kluszte01",1954,"NL"
"kluszte01",1955,"NL"
"kluszte01",1956,"NL"
"kneppbo01",1981,"NL"
"kneppbo01",1988,"NL"
"knighra01",1980,"NL"
"knighra01",1982,"NL"
"knoblch01",1992,"AL"
"knoblch01",1994,"AL"
"knoblch01",1996,"AL"
"knoblch01",1997,"AL"
"knoopbo01",1966,"AL"
"knowlda01",1969,"AL"
"kolbda01",2004,"NL"
"konerpa01",2002,"AL"
"konerpa01",2005,"AL"
"konerpa01",2006,"AL"
"konstji01",1950,"NL"
"koosmje01",1968,"NL"
"koosmje01",1969,"NL"
"koufasa01",1961,"NL"
"koufasa01",1962,"NL"
"koufasa01",1963,"NL"
"koufasa01",1964,"NL"
"koufasa01",1965,"NL"
"koufasa01",1966,"NL"
"kralija01",1964,"AL"
"krameja01",1945,"AL"
"krameja01",1946,"AL"
"krameja01",1947,"AL"
"kraneed01",1965,"NL"
"kreevmi01",1938,"AL"
"krukjo01",1991,"NL"
"krukjo01",1992,"NL"
"krukjo01",1993,"NL"
"krukomi01",1986,"NL"
"kubekto01",1958,"AL"
"kubekto01",1959,"AL"
"kubekto01",1961,"AL"
"kucksjo01",1956,"AL"
"kuennha01",1953,"AL"
"kuennha01",1954,"AL"
"kuennha01",1955,"AL"
"kuennha01",1956,"AL"
"kuennha01",1957,"AL"
"kuennha01",1958,"AL"
"kuennha01",1959,"AL"
"kuennha01",1960,"AL"
"kurowwh01",1943,"NL"
"kurowwh01",1944,"NL"
"kurowwh01",1945,"NL"
"kurowwh01",1946,"NL"
"kurowwh01",1947,"NL"
"laabsch01",1943,"AL"
"labincl01",1956,"NL"
"labincl01",1957,"NL"
"lacosmi01",1979,"NL"
"lamanra01",1946,"NL"
"landiji01",1962,"AL"
"landrke01",1980,"AL"
"langsma01",1987,"AL"
"langsma01",1991,"AL"
"langsma01",1992,"AL"
"langsma01",1993,"AL"
"laniema01",1943,"NL"
"laniema01",1944,"NL"
"lankfra01",1997,"NL"
"lansfca01",1988,"AL"
"larkeno01",1960,"NL"
"larkiba01",1988,"NL"
"larkiba01",1989,"NL"
"larkiba01",1990,"NL"
"larkiba01",1991,"NL"
"larkiba01",1993,"NL"
"larkiba01",1994,"NL"
"larkiba01",1995,"NL"
"larkiba01",1996,"NL"
"larkiba01",1997,"NL"
"larkiba01",1999,"NL"
"larkiba01",2000,"NL"
"larkiba01",2004,"NL"
"larocda01",1976,"AL"
"larocda01",1977,"AL"
"laryfr01",1960,"AL"
"laryfr01",1961,"AL"
"latmaba01",1961,"AL"
"laudnti01",1988,"AL"
"lavagco01",1938,"NL"
"lavagco01",1939,"NL"
"lavagco01",1940,"NL"
"lavagco01",1941,"NL"
"lavelga01",1977,"NL"
"lavelga01",1983,"NL"
"lawrebr01",1956,"NL"
"lawtoma02",2000,"AL"
"lawtoma02",2004,"AL"
"lawva01",1988,"NL"
"lawve01",1960,"NL"
"lazzeto01",1933,"AL"
"leach01",1984,"NL"
"leebi02",1938,"NL"
"leebi02",1939,"NL"
"leebi03",1973,"AL"
"leebo01",1965,"AL"
"leeca01",2005,"NL"
"leeca01",2006,"NL"
"leede02",2005,"NL"
"leeth01",1941,"AL"
"leeth01",1945,"AL"
"lefebji01",1966,"NL"
"lefloro01",1976,"AL"
"leibeha01",1938,"NL"
"leibeha01",1940,"NL"
"leibeha01",1941,"NL"
"leiteal01",1996,"NL"
"leiteal01",2000,"NL"
"lemanda01",1979,"AL"
"lemasde01",1967,"NL"
"lemonbo01",1948,"AL"
"lemonbo01",1949,"AL"
"lemonbo01",1950,"AL"
"lemonbo01",1951,"AL"
"lemonbo01",1952,"AL"
"lemonbo01",1953,"AL"
"lemonbo01",1954,"AL"
"lemonch01",1978,"AL"
"lemonch01",1979,"AL"
"lemonch01",1984,"AL"
"lemonji01",1960,"AL"
"leonadu02",1940,"AL"
"leonadu02",1943,"AL"
"leonadu02",1944,"AL"
"leonadu02",1945,"AL"
"leonadu02",1951,"NL"
"leonaje01",1987,"NL"
"leonaje01",1989,"AL"
"leppedo02",1963,"AL"
"lewisbu01",1938,"AL"
"lewisbu01",1947,"AL"
"lidgebr01",2005,"NL"
"liebejo01",2001,"NL"
"liebemi01",1999,"NL"
"liebemi01",2000,"NL"
"lillyte01",2004,"AL"
"limajo01",1999,"NL"
"lindejo01",1943,"AL"
"liriafr01",2006,"AL"
"litwhda01",1942,"NL"
"loaizes01",2003,"AL"
"loaizes01",2004,"AL"
"lockmwh01",1952,"NL"
"loducpa01",2003,"NL"
"loducpa01",2004,"NL"
"loducpa01",2005,"NL"
"loducpa01",2006,"NL"
"loesbi01",1957,"AL"
"loftoke01",1994,"AL"
"loftoke01",1995,"AL"
"loftoke01",1996,"AL"
"loftoke01",1997,"NL"
"loftoke01",1998,"AL"
"loftoke01",1999,"AL"
"loganjo01",1955,"NL"
"loganjo01",1957,"NL"
"loganjo01",1958,"NL"
"loganjo01",1959,"NL"
"lolicmi01",1969,"AL"
"lolicmi01",1971,"AL"
"lolicmi01",1972,"AL"
"lollash01",1950,"AL"
"lollash01",1954,"AL"
"lollash01",1955,"AL"
"lollash01",1956,"AL"
"lollash01",1958,"AL"
"lollash01",1959,"AL"
"lollash01",1960,"AL"
"lombaer01",1936,"NL"
"lombaer01",1937,"NL"
"lombaer01",1938,"NL"
"lombaer01",1939,"NL"
"lombaer01",1940,"NL"
"lombaer01",1942,"NL"
"lombaer01",1943,"NL"
"lombaer01",1945,"NL"
"lonboji01",1967,"AL"
"longda02",1956,"NL"
"lopated01",1951,"AL"
"lopatst01",1955,"NL"
"lopatst01",1956,"NL"
"lopesda01",1978,"NL"
"lopesda01",1979,"NL"
"lopesda01",1980,"NL"
"lopesda01",1981,"NL"
"lopezal01",1934,"NL"
"lopezal01",1941,"NL"
"lopezau01",1983,"AL"
"lopezfe01",2005,"NL"
"lopezja01",1997,"NL"
"lopezja01",1998,"NL"
"lopezja01",2003,"NL"
"lopezjo01",2006,"AL"
"loretma01",2004,"NL"
"loretma01",2006,"AL"
"lowede01",2000,"AL"
"lowede01",2002,"AL"
"lowelmi01",2002,"NL"
"lowelmi01",2003,"NL"
"lowelmi01",2004,"NL"
"lowrepe01",1946,"NL"
"lumpeje01",1964,"AL"
"luzingr01",1975,"NL"
"luzingr01",1976,"NL"
"luzingr01",1977,"NL"
"luzingr01",1978,"NL"
"lylesp01",1973,"AL"
"lylesp01",1976,"AL"
"lylesp01",1977,"AL"
"lynnfr01",1975,"AL"
"lynnfr01",1976,"AL"
"lynnfr01",1977,"AL"
"lynnfr01",1978,"AL"
"lynnfr01",1979,"AL"
"lynnfr01",1980,"AL"
"lynnfr01",1981,"AL"
"lynnfr01",1982,"AL"
"lynnfr01",1983,"AL"
"lyonste01",1939,"AL"
"macdomi01",2003,"AL"
"mackra01",1940,"AL"
"maddugr01",1988,"NL"
"maddugr01",1992,"NL"
"maddugr01",1994,"NL"
"maddugr01",1995,"NL"
"maddugr01",1996,"NL"
"maddugr01",1997,"NL"
"maddugr01",1998,"NL"
"maddugr01",2000,"NL"
"madlobi01",1975,"NL"
"madlobi01",1981,"NL"
"madlobi01",1983,"NL"
"maglisa01",1951,"NL"
"maglisa01",1952,"NL"
"mahafar01",1961,"NL"
"mahafar01",1962,"NL"
"malonji01",1965,"NL"
"malzofr01",1957,"AL"
"malzofr01",1958,"AL"
"malzofr01",1959,"AL"
"malzofr01",1960,"AL"
"malzofr01",1963,"AL"
"malzofr01",1964,"AL"
"mancugu01",1935,"NL"
"mancugu01",1937,"NL"
"mantife01",1965,"AL"
"mantlmi01",1952,"AL"
"mantlmi01",1953,"AL"
"mantlmi01",1954,"AL"
"mantlmi01",1955,"AL"
"mantlmi01",1956,"AL"
"mantlmi01",1957,"AL"
"mantlmi01",1958,"AL"
"mantlmi01",1959,"AL"
"mantlmi01",1960,"AL"
"mantlmi01",1961,"AL"
"mantlmi01",1962,"AL"
"mantlmi01",1963,"AL"
"mantlmi01",1964,"AL"
"mantlmi01",1965,"AL"
"mantlmi01",1967,"AL"
"mantlmi01",1968,"AL"
"manushe01",1934,"AL"
"maricju01",1962,"NL"
"maricju01",1963,"NL"
"maricju01",1964,"NL"
"maricju01",1965,"NL"
"maricju01",1966,"NL"
"maricju01",1967,"NL"
"maricju01",1968,"NL"
"maricju01",1969,"NL"
"maricju01",1971,"NL"
"marioma01",1943,"NL"
"marioma01",1944,"NL"
"marioma01",1945,"NL"
"marioma01",1946,"NL"
"marioma01",1947,"NL"
"marioma01",1948,"NL"
"marioma01",1949,"NL"
"marioma01",1950,"NL"
"marisro01",1959,"AL"
"marisro01",1960,"AL"
"marisro01",1961,"AL"
"marisro01",1962,"AL"
"marreco01",1951,"AL"
"marshmi01",1974,"NL"
"marshmi01",1975,"NL"
"marshmi02",1984,"NL"
"marshwi01",1942,"NL"
"marshwi01",1947,"NL"
"marshwi01",1949,"NL"
"martibi02",1956,"AL"
"martide01",1990,"NL"
"martide01",1991,"NL"
"martide01",1992,"NL"
"martide01",1995,"AL"
"martied01",1992,"AL"
"martied01",1995,"AL"
"martied01",1996,"AL"
"martied01",1997,"AL"
"martied01",2000,"AL"
"martied01",2001,"AL"
"martied01",2003,"AL"
"martihe01",1938,"NL"
"martipe01",1933,"NL"
"martipe01",1934,"NL"
"martipe01",1935,"NL"
"martipe01",1937,"NL"
"martipe02",1996,"NL"
"martipe02",1997,"NL"
"martipe02",1998,"AL"
"martipe02",1999,"AL"
"martipe02",2000,"AL"
"martipe02",2002,"AL"
"martipe02",2005,"NL"
"martipe02",2006,"NL"
"martira02",1990,"NL"
"martist01",1936,"NL"
"martiti01",1983,"AL"
"martiti02",1995,"AL"
"martiti02",1997,"AL"
"martivi01",2004,"AL"
"masiph01",1945,"NL"
"masiph01",1946,"NL"
"masiph01",1947,"NL"
"masiph01",1948,"NL"
"mastewa02",1947,"AL"
"mastewa02",1948,"AL"
"matheed01",1953,"NL"
"matheed01",1955,"NL"
"matheed01",1956,"NL"
"matheed01",1957,"NL"
"matheed01",1958,"NL"
"matheed01",1959,"NL"
"matheed01",1960,"NL"
"matheed01",1961,"NL"
"matheed01",1962,"NL"
"matlajo01",1974,"NL"
"matlajo01",1975,"NL"
"matlajo01",1976,"NL"
"matsuhi01",2003,"AL"
"matsuhi01",2004,"AL"
"matthga01",1979,"NL"
"matthga02",2006,"AL"
"mattido01",1984,"AL"
"mattido01",1985,"AL"
"mattido01",1986,"AL"
"mattido01",1987,"AL"
"mattido01",1988,"AL"
"mattido01",1989,"AL"
"mauerjo01",2006,"AL"
"maxwech01",1956,"AL"
"maxwech01",1957,"AL"
"maybejo01",1973,"AL"
"maybejo01",1974,"AL"
"mayca01",1969,"AL"
"mayca01",1972,"AL"
"mayda01",1973,"AL"
"mayle01",1969,"NL"
"mayle01",1971,"NL"
"mayle01",1972,"NL"
"mayoed01",1945,"AL"
"maypi01",1940,"NL"
"maysjo01",2001,"AL"
"mayswi01",1954,"NL"
"mayswi01",1955,"NL"
"mayswi01",1956,"NL"
"mayswi01",1957,"NL"
"mayswi01",1958,"NL"
"mayswi01",1959,"NL"
"mayswi01",1960,"NL"
"mayswi01",1961,"NL"
"mayswi01",1962,"NL"
"mayswi01",1963,"NL"
"mayswi01",1964,"NL"
"mayswi01",1965,"NL"
"mayswi01",1966,"NL"
"mayswi01",1967,"NL"
"mayswi01",1968,"NL"
"mayswi01",1969,"NL"
"mayswi01",1970,"NL"
"mayswi01",1971,"NL"
"mayswi01",1972,"NL"
"mayswi01",1973,"NL"
"mazerbi01",1958,"NL"
"mazerbi01",1959,"NL"
"mazerbi01",1960,"NL"
"mazerbi01",1962,"NL"
"mazerbi01",1963,"NL"
"mazerbi01",1964,"NL"
"mazerbi01",1967,"NL"
"mazzile01",1979,"NL"
"mcauldi01",1965,"AL"
"mcauldi01",1966,"AL"
"mcauldi01",1967,"AL"
"mcbriba01",1976,"NL"
"mcbrike01",1961,"AL"
"mcbrike01",1962,"AL"
"mcbrike01",1963,"AL"
"mccanbr01",2006,"NL"
"mccarti01",1966,"NL"
"mccarti01",1967,"NL"
"mccoobi01",1966,"NL"
"mccorfr01",1938,"NL"
"mccorfr01",1939,"NL"
"mccorfr01",1940,"NL"
"mccorfr01",1941,"NL"
"mccorfr01",1942,"NL"
"mccorfr01",1943,"NL"
"mccorfr01",1944,"NL"
"mccorfr01",1945,"NL"
"mccorfr01",1946,"NL"
"mccormi03",1960,"NL"
"mccormi03",1961,"NL"
"mccovwi01",1963,"NL"
"mccovwi01",1966,"NL"
"mccovwi01",1968,"NL"
"mccovwi01",1969,"NL"
"mccovwi01",1970,"NL"
"mccovwi01",1971,"NL"
"mcculcl01",1948,"NL"
"mcculcl01",1953,"NL"
"mcdanli01",1960,"NL"
"mcdougi01",1952,"AL"
"mcdougi01",1956,"AL"
"mcdougi01",1957,"AL"
"mcdougi01",1958,"AL"
"mcdougi01",1959,"AL"
"mcdowja01",1991,"AL"
"mcdowja01",1992,"AL"
"mcdowja01",1993,"AL"
"mcdowsa01",1965,"AL"
"mcdowsa01",1966,"AL"
"mcdowsa01",1968,"AL"
"mcdowsa01",1969,"AL"
"mcdowsa01",1970,"AL"
"mcdowsa01",1971,"AL"
"mcgeewi01",1983,"NL"
"mcgeewi01",1985,"NL"
"mcgeewi01",1987,"NL"
"mcgeewi01",1988,"NL"
"mcgloji01",1967,"AL"
"mcgloly01",1974,"NL"
"mcgratu01",1972,"NL"
"mcgratu01",1975,"NL"
"mcgresc01",1981,"AL"
"mcgrifr01",1992,"NL"
"mcgrifr01",1994,"NL"
"mcgrifr01",1995,"NL"
"mcgrifr01",1996,"NL"
"mcgrifr01",2000,"AL"
"mcgwima01",1987,"AL"
"mcgwima01",1988,"AL"
"mcgwima01",1989,"AL"
"mcgwima01",1990,"AL"
"mcgwima01",1991,"AL"
"mcgwima01",1992,"AL"
"mcgwima01",1995,"AL"
"mcgwima01",1996,"AL"
"mcgwima01",1997,"AL"
"mcgwima01",1998,"NL"
"mcgwima01",1999,"NL"
"mcgwima01",2000,"NL"
"mclaide01",1966,"AL"
"mclaide01",1968,"AL"
"mclaide01",1969,"AL"
"mclisca01",1959,"AL"
"mcmahdo02",1958,"NL"
"mcmilro01",1956,"NL"
"mcmilro01",1957,"NL"
"mcnalda01",1969,"AL"
"mcnalda01",1970,"AL"
"mcnalda01",1972,"AL"
"mcquige02",1939,"AL"
"mcquige02",1940,"AL"
"mcquige02",1942,"AL"
"mcquige02",1944,"AL"
"mcquige02",1945,"AL"
"mcquige02",1947,"AL"
"mcquige02",1948,"AL"
"mcraeha01",1975,"AL"
"mcraeha01",1976,"AL"
"mcraeha01",1982,"AL"
"medwijo01",1934,"NL"
"medwijo01",1935,"NL"
"medwijo01",1936,"NL"
"medwijo01",1937,"NL"
"medwijo01",1938,"NL"
"medwijo01",1939,"NL"
"medwijo01",1940,"NL"
"medwijo01",1941,"NL"
"medwijo01",1942,"NL"
"medwijo01",1944,"NL"
"meltobi01",1971,"AL"
"meltocl01",1942,"NL"
"menkede01",1969,"NL"
"menkede01",1970,"NL"
"merriji01",1970,"NL"
"mesajo01",1995,"AL"
"mesajo01",1996,"AL"
"messean01",1971,"AL"
"messean01",1974,"NL"
"messean01",1975,"NL"
"messean01",1976,"NL"
"michaca01",1949,"AL"
"michaca01",1950,"AL"
"millafe01",1969,"NL"
"millafe01",1970,"NL"
"millafe01",1971,"NL"
"milleda02",2002,"NL"
"milleed03",1940,"NL"
"milleed03",1941,"NL"
"milleed03",1942,"NL"
"milleed03",1943,"NL"
"milleed03",1944,"NL"
"milleed03",1946,"NL"
"milleed03",1947,"NL"
"millest01",1961,"NL"
"millwke01",1999,"NL"
"milnaal01",1940,"AL"
"miltoer01",2001,"AL"
"minchdo01",1967,"AL"
"minchdo01",1969,"AL"
"minosmi01",1951,"AL"
"minosmi01",1952,"AL"
"minosmi01",1953,"AL"
"minosmi01",1954,"AL"
"minosmi01",1957,"AL"
"minosmi01",1959,"AL"
"minosmi01",1960,"AL"
"mintogr01",1982,"NL"
"mitchda01",1949,"AL"
"mitchda01",1952,"AL"
"mitchke01",1989,"NL"
"mitchke01",1990,"NL"
"mizejo01",1937,"NL"
"mizejo01",1939,"NL"
"mizejo01",1940,"NL"
"mizejo01",1941,"NL"
"mizejo01",1942,"NL"
"mizejo01",1946,"NL"
"mizejo01",1947,"NL"
"mizejo01",1948,"NL"
"mizejo01",1949,"NL"
"mizejo01",1953,"AL"
"mizelvi01",1959,"NL"
"molitpa01",1980,"AL"
"molitpa01",1985,"AL"
"molitpa01",1988,"AL"
"molitpa01",1991,"AL"
"molitpa01",1992,"AL"
"molitpa01",1993,"AL"
"molitpa01",1994,"AL"
"monbobi01",1960,"AL"
"monbobi01",1962,"AL"
"monbobi01",1963,"AL"
"mondari01",1968,"AL"
"mondari01",1978,"NL"
"mondera01",1995,"NL"
"moneydo01",1974,"AL"
"moneydo01",1976,"AL"
"moneydo01",1977,"AL"
"moneydo01",1978,"AL"
"mongesi01",1979,"AL"
"montawi01",1977,"NL"
"montejo01",1976,"NL"
"montgje01",1992,"AL"
"montgje01",1993,"AL"
"montgje01",1996,"AL"
"moonwa01",1957,"NL"
"moonwa01",1959,"NL"
"mooredo01",1985,"AL"
"moorege03",1937,"NL"
"moorejo02",1934,"NL"
"moorejo02",1935,"NL"
"moorejo02",1936,"NL"
"moorejo02",1937,"NL"
"moorejo02",1938,"NL"
"moorejo02",1940,"NL"
"mooremi01",1989,"AL"
"moorete01",1939,"NL"
"moorete01",1940,"NL"
"moorete01",1941,"NL"
"moorete01",1942,"NL"
"moralje01",1977,"NL"
"morame01",2003,"AL"
"morame01",2005,"AL"
"moranbi02",1962,"AL"
"moranmi01",1995,"NL"
"morgajo02",1966,"NL"
"morgajo02",1970,"NL"
"morgajo02",1972,"NL"
"morgajo02",1973,"NL"
"morgajo02",1974,"NL"
"morgajo02",1975,"NL"
"morgajo02",1976,"NL"
"morgajo02",1977,"NL"
"morgajo02",1978,"NL"
"morgajo02",1979,"NL"
"morgami01",1991,"NL"
"morrija02",1981,"AL"
"morrija02",1984,"AL"
"morrija02",1985,"AL"
"morrija02",1987,"AL"
"morrija02",1991,"AL"
"morrima01",2001,"NL"
"morrima01",2002,"NL"
"morynwa01",1958,"NL"
"mosebll01",1986,"AL"
"mosesje01",1970,"AL"
"moseswa01",1937,"AL"
"moseswa01",1945,"AL"
"mossido01",1957,"AL"
"motama01",1973,"NL"
"moyerja01",2003,"AL"
"muelldo01",1954,"NL"
"muelldo01",1955,"NL"
"muellra01",1944,"NL"
"mulcahu01",1940,"NL"
"muldema01",2003,"AL"
"muldema01",2004,"AL"
"mulhote01",1993,"NL"
"mullipa01",1947,"AL"
"mullipa01",1948,"AL"
"mumphje01",1984,"NL"
"muncrbo01",1944,"AL"
"mungere01",1944,"NL"
"mungere01",1947,"NL"
"mungere01",1949,"NL"
"mungova01",1934,"NL"
"mungova01",1936,"NL"
"mungova01",1937,"NL"
"mungova01",1945,"NL"
"munsoth01",1971,"AL"
"munsoth01",1973,"AL"
"munsoth01",1974,"AL"
"munsoth01",1975,"AL"
"munsoth01",1976,"AL"
"munsoth01",1977,"AL"
"munsoth01",1978,"AL"
"murcebo01",1971,"AL"
"murcebo01",1972,"AL"
"murcebo01",1973,"AL"
"murcebo01",1974,"AL"
"murcebo01",1975,"NL"
"murphda05",1980,"NL"
"murphda05",1982,"NL"
"murphda05",1983,"NL"
"murphda05",1984,"NL"
"murphda05",1985,"NL"
"murphda05",1986,"NL"
"murphda05",1987,"NL"
"murphjo04",1937,"AL"
"murphjo04",1938,"AL"
"murphjo04",1939,"AL"
"murraed02",1978,"AL"
"murraed02",1981,"AL"
"murraed02",1982,"AL"
"murraed02",1983,"AL"
"murraed02",1984,"AL"
"murraed02",1985,"AL"
"murraed02",1986,"AL"
"murraed02",1991,"NL"
"musiast01",1943,"NL"
"musiast01",1944,"NL"
"musiast01",1946,"NL"
"musiast01",1947,"NL"
"musiast01",1948,"NL"
"musiast01",1949,"NL"
"musiast01",1950,"NL"
"musiast01",1951,"NL"
"musiast01",1952,"NL"
"musiast01",1953,"NL"
"musiast01",1954,"NL"
"musiast01",1955,"NL"
"musiast01",1956,"NL"
"musiast01",1957,"NL"
"musiast01",1958,"NL"
"musiast01",1959,"NL"
"musiast01",1960,"NL"
"musiast01",1961,"NL"
"musiast01",1962,"NL"
"musiast01",1963,"NL"
"mussimi01",1992,"AL"
"mussimi01",1993,"AL"
"mussimi01",1994,"AL"
"mussimi01",1997,"AL"
"mussimi01",1999,"AL"
"myerbu01",1935,"AL"
"myerbu01",1937,"AL"
"myersra01",1990,"NL"
"myersra01",1994,"NL"
"myersra01",1995,"NL"
"myersra01",1997,"AL"
"nagych01",1992,"AL"
"nagych01",1996,"AL"
"nagych01",1999,"AL"
"narlera01",1956,"AL"
"narlera01",1958,"AL"
"nathajo01",2004,"AL"
"nathajo01",2005,"AL"
"neaglde01",1995,"NL"
"neaglde01",1997,"NL"
"nealch01",1959,"NL"
"nealch01",1960,"NL"
"nelsoda01",1973,"AL"
"nelsoje01",2001,"AL"
"nenro01",1998,"NL"
"nenro01",1999,"NL"
"nenro01",2002,"NL"
"nettlgr01",1975,"AL"
"nettlgr01",1977,"AL"
"nettlgr01",1978,"AL"
"nettlgr01",1979,"AL"
"nettlgr01",1980,"AL"
"nettlgr01",1985,"NL"
"nevinph01",2001,"NL"
"newcodo01",1949,"NL"
"newcodo01",1950,"NL"
"newcodo01",1951,"NL"
"newcodo01",1955,"NL"
"newhoha01",1942,"AL"
"newhoha01",1943,"AL"
"newhoha01",1944,"AL"
"newhoha01",1945,"AL"
"newhoha01",1946,"AL"
"newhoha01",1947,"AL"
"newhoha01",1948,"AL"
"newmaje01",1979,"AL"
"newsobo01",1938,"AL"
"newsobo01",1939,"AL"
"newsobo01",1940,"AL"
"newsobo01",1944,"AL"
"nichobi01",1940,"NL"
"nichobi01",1941,"NL"
"nichobi01",1943,"NL"
"nichobi01",1944,"NL"
"nichobi01",1945,"NL"
"niekrjo01",1979,"NL"
"niekrph01",1969,"NL"
"niekrph01",1975,"NL"
"niekrph01",1978,"NL"
"niekrph01",1982,"NL"
"niekrph01",1984,"AL"
"nilssda01",1999,"NL"
"nokesma01",1987,"AL"
"nolanga01",1972,"NL"
"nomohi01",1995,"NL"
"norenir01",1954,"AL"
"norrimi01",1981,"AL"
"nuxhajo01",1955,"NL"
"nuxhajo01",1956,"NL"
"odeake01",1945,"NL"
"odellbi01",1958,"AL"
"odellbi01",1959,"AL"
"odombl01",1968,"AL"
"odombl01",1969,"AL"
"odonojo01",1965,"AL"
"odoulle01",1933,"NL"
"offerjo01",1995,"NL"
"offerjo01",1999,"AL"
"oglivbe01",1980,"AL"
"oglivbe01",1982,"AL"
"oglivbe01",1983,"AL"
"olerujo01",1993,"AL"
"olerujo01",2001,"AL"
"olivato01",1964,"AL"
"olivato01",1965,"AL"
"olivato01",1966,"AL"
"olivato01",1967,"AL"
"olivato01",1968,"AL"
"olivato01",1969,"AL"
"olivato01",1970,"AL"
"olivato01",1971,"AL"
"oliveal01",1972,"NL"
"oliveal01",1975,"NL"
"oliveal01",1976,"NL"
"oliveal01",1980,"AL"
"oliveal01",1981,"AL"
"oliveal01",1982,"NL"
"oliveal01",1983,"NL"
"olsongr01",1990,"AL"
"olsongr02",1990,"NL"
"oneilpa01",1991,"NL"
"oneilpa01",1994,"AL"
"oneilpa01",1995,"AL"
"oneilpa01",1997,"AL"
"oneilpa01",1998,"AL"
"ontivst02",1995,"AL"
"ordonma01",1999,"AL"
"ordonma01",2000,"AL"
"ordonma01",2001,"AL"
"ordonma01",2003,"AL"
"ordonma01",2006,"AL"
"oroscje01",1983,"NL"
"oroscje01",1984,"NL"
"ortajo01",1975,"AL"
"ortajo01",1980,"AL"
"ortizda01",2004,"AL"
"ortizda01",2005,"AL"
"ortizda01",2006,"AL"
"ortizru01",2003,"NL"
"osteecl01",1967,"NL"
"osteecl01",1970,"NL"
"osteecl01",1973,"NL"
"oswalro01",2005,"NL"
"oswalro01",2006,"NL"
"otisam01",1970,"AL"
"otisam01",1971,"AL"
"otisam01",1972,"AL"
"otisam01",1973,"AL"
"otisam01",1976,"AL"
"otoolji01",1963,"NL"
"ottme01",1934,"NL"
"ottme01",1935,"NL"
"ottme01",1936,"NL"
"ottme01",1937,"NL"
"ottme01",1938,"NL"
"ottme01",1939,"NL"
"ottme01",1940,"NL"
"ottme01",1941,"NL"
"ottme01",1942,"NL"
"ottme01",1943,"NL"
"ottme01",1944,"NL"
"ottme01",1945,"NL"
"owenmi01",1941,"NL"
"owenmi01",1942,"NL"
"owenmi01",1943,"NL"
"owenmi01",1944,"NL"
"pacioto01",1981,"AL"
"padilvi01",2002,"NL"
"pafkoan01",1945,"NL"
"pafkoan01",1947,"NL"
"pafkoan01",1948,"NL"
"pafkoan01",1949,"NL"
"pafkoan01",1950,"NL"
"pagejo01",1944,"AL"
"pagejo01",1947,"AL"
"pagejo01",1948,"AL"
"pagnoto01",1992,"NL"
"paigesa01",1952,"AL"
"paigesa01",1953,"AL"
"palmede01",1998,"AL"
"palmeji01",1970,"AL"
"palmeji01",1971,"AL"
"palmeji01",1972,"AL"
"palmeji01",1975,"AL"
"palmeji01",1977,"AL"
"palmeji01",1978,"AL"
"palmera01",1988,"NL"
"palmera01",1991,"AL"
"palmera01",1998,"AL"
"palmera01",1999,"AL"
"papeljo01",2006,"AL"
"pappami01",1962,"AL"
"pappami01",1965,"AL"
"parkch01",2001,"NL"
"parkeda01",1977,"NL"
"parkeda01",1979,"NL"
"parkeda01",1980,"NL"
"parkeda01",1981,"NL"
"parkeda01",1985,"NL"
"parkeda01",1986,"NL"
"parkeda01",1990,"AL"
"parneme01",1949,"AL"
"parneme01",1951,"AL"
"parrila01",1979,"NL"
"parrila01",1987,"AL"
"parrila02",1980,"AL"
"parrila02",1982,"AL"
"parrila02",1983,"AL"
"parrila02",1984,"AL"
"parrila02",1985,"AL"
"parrila02",1986,"AL"
"parrila02",1988,"NL"
"parrila02",1990,"AL"
"pascuca02",1959,"AL"
"pascuca02",1960,"AL"
"pascuca02",1961,"AL"
"pascuca02",1962,"AL"
"pascuca02",1964,"AL"
"passecl01",1941,"NL"
"passecl01",1942,"NL"
"passecl01",1943,"NL"
"passecl01",1945,"NL"
"passecl01",1946,"NL"
"patekfr01",1972,"AL"
"patekfr01",1976,"AL"
"patekfr01",1978,"AL"
"pattima01",1971,"AL"
"pavanca01",2004,"NL"
"pavliro01",1996,"AL"
"pearsal02",1963,"AL"
"pearsmo01",1936,"AL"
"pearsmo01",1940,"AL"
"peavyja01",2005,"NL"
"penato01",1982,"NL"
"penato01",1984,"NL"
"penato01",1985,"NL"
"penato01",1986,"NL"
"penato01",1989,"NL"
"pendlte01",1992,"NL"
"pennybr01",2006,"NL"
"pepitjo01",1963,"AL"
"pepitjo01",1964,"AL"
"pepitjo01",1965,"AL"
"percitr01",1996,"AL"
"percitr01",1998,"AL"
"percitr01",1999,"AL"
"percitr01",2001,"AL"
"perezca01",1995,"NL"
"perezod01",2002,"NL"
"perezpa01",1983,"NL"
"perezto01",1967,"NL"
"perezto01",1968,"NL"
"perezto01",1969,"NL"
"perezto01",1970,"NL"
"perezto01",1974,"NL"
"perezto01",1975,"NL"
"perezto01",1976,"NL"
"perryga01",1966,"NL"
"perryga01",1970,"NL"
"perryga01",1972,"AL"
"perryga01",1974,"AL"
"perryga01",1979,"NL"
"perryge01",1988,"NL"
"perryji01",1961,"AL"
"perryji01",1970,"AL"
"perryji01",1971,"AL"
"peskyjo01",1946,"AL"
"peterfr01",1970,"AL"
"peterga01",1964,"AL"
"peterga01",1967,"AL"
"petrori01",1967,"AL"
"petrori01",1969,"AL"
"petryda01",1985,"AL"
"pettian01",1996,"AL"
"pettian01",2001,"AL"
"phelpba01",1938,"NL"
"phelpba01",1939,"NL"
"phelpba01",1940,"NL"
"piazzmi01",1993,"NL"
"piazzmi01",1994,"NL"
"piazzmi01",1995,"NL"
"piazzmi01",1996,"NL"
"piazzmi01",1997,"NL"
"piazzmi01",1998,"NL"
"piazzmi01",1999,"NL"
"piazzmi01",2000,"NL"
"piazzmi01",2001,"NL"
"piazzmi01",2002,"NL"
"piazzmi01",2004,"NL"
"piazzmi01",2005,"NL"
"piercbi02",1953,"AL"
"piercbi02",1955,"AL"
"piercbi02",1956,"AL"
"piercbi02",1957,"AL"
"piercbi02",1958,"AL"
"piercbi02",1959,"AL"
"piercbi02",1961,"AL"
"piersji01",1954,"AL"
"piersji01",1956,"AL"
"pierzaj01",2002,"AL"
"pierzaj01",2006,"AL"
"pinielo01",1972,"AL"
"pinsova01",1959,"NL"
"pinsova01",1960,"NL"
"pizarju01",1963,"AL"
"pizarju01",1964,"AL"
"plesada01",1987,"AL"
"plesada01",1988,"AL"
"plesada01",1989,"AL"
"pocorbi01",1978,"NL"
"podrejo01",1958,"NL"
"podrejo01",1960,"NL"
"podrejo01",1962,"NL"
"podsesc01",2005,"AL"
"polleho01",1943,"NL"
"polleho01",1946,"NL"
"polleho01",1949,"NL"
"portebo01",1954,"AL"
"porteda02",1974,"AL"
"porteda02",1978,"AL"
"porteda02",1979,"AL"
"porteda02",1980,"AL"
"posadjo01",2000,"AL"
"posadjo01",2001,"AL"
"posadjo01",2002,"AL"
"posadjo01",2003,"AL"
"powelbo01",1968,"AL"
"powelbo01",1969,"AL"
"powelbo01",1970,"AL"
"powelbo01",1971,"AL"
"powervi01",1955,"AL"
"powervi01",1956,"AL"
"powervi01",1959,"AL"
"powervi01",1960,"AL"
"preslji01",1986,"AL"
"priorma01",2003,"NL"
"puckeki01",1986,"AL"
"puckeki01",1987,"AL"
"puckeki01",1988,"AL"
"puckeki01",1989,"AL"
"puckeki01",1990,"AL"
"puckeki01",1991,"AL"
"puckeki01",1992,"AL"
"puckeki01",1993,"AL"
"puckeki01",1994,"AL"
"puckeki01",1995,"AL"
"puhlte01",1978,"NL"
"pujolal01",2001,"NL"
"pujolal01",2003,"NL"
"pujolal01",2004,"NL"
"pujolal01",2005,"NL"
"pujolal01",2006,"NL"
"purkebo01",1958,"NL"
"purkebo01",1961,"NL"
"purkebo01",1962,"NL"
"quantpa01",2001,"AL"
"quiseda01",1982,"AL"
"quiseda01",1983,"AL"
"quiseda01",1984,"AL"
"radatdi01",1963,"AL"
"radatdi01",1964,"AL"
"radclri01",1936,"AL"
"radkebr01",1998,"AL"
"raffeke01",1944,"NL"
"raineti01",1981,"NL"
"raineti01",1982,"NL"
"raineti01",1983,"NL"
"raineti01",1984,"NL"
"raineti01",1985,"NL"
"raineti01",1986,"NL"
"raineti01",1987,"NL"
"ramirar01",2005,"NL"
"ramirma02",1995,"AL"
"ramirma02",1998,"AL"
"ramirma02",1999,"AL"
"ramirma02",2000,"AL"
"ramirma02",2001,"AL"
"ramirma02",2002,"AL"
"ramirma02",2003,"AL"
"ramirma02",2004,"AL"
"ramirma02",2005,"AL"
"ramirma02",2006,"AL"
"ramirra01",1984,"NL"
"ramospe01",1959,"AL"
"randowi01",1976,"AL"
"randowi01",1977,"AL"
"randowi01",1980,"AL"
"randowi01",1981,"AL"
"randowi01",1987,"AL"
"randowi01",1989,"NL"
"raschvi01",1948,"AL"
"raschvi01",1949,"AL"
"raschvi01",1950,"AL"
"raschvi01",1952,"AL"
"rawlesh01",1986,"NL"
"rayjo01",1988,"AL"
"raymocl01",1966,"NL"
"reardje01",1985,"NL"
"reardje01",1986,"NL"
"reardje01",1988,"AL"
"reardje01",1991,"AL"
"redmama01",2006,"AL"
"reedri01",1998,"NL"
"reedri01",2001,"NL"
"reedro01",1968,"NL"
"reesepe01",1942,"NL"
"reesepe01",1946,"NL"
"reesepe01",1947,"NL"
"reesepe01",1948,"NL"
"reesepe01",1949,"NL"
"reesepe01",1950,"NL"
"reesepe01",1951,"NL"
"reesepe01",1952,"NL"
"reesepe01",1953,"NL"
"reesepe01",1954,"NL"
"reganph01",1966,"NL"
"reisepe01",1941,"NL"
"reisepe01",1942,"NL"
"reisepe01",1946,"NL"
"reitzke01",1980,"NL"
"remlimi01",2002,"NL"
"remyje01",1978,"AL"
"renteed01",1998,"NL"
"renteed01",2000,"NL"
"renteed01",2003,"NL"
"renteed01",2004,"NL"
"renteed01",2006,"NL"
"repulri01",1956,"NL"
"reuscri01",1977,"NL"
"reuscri01",1987,"NL"
"reuscri01",1989,"NL"
"reussje01",1975,"NL"
"reussje01",1980,"NL"
"reyesjo01",2006,"NL"
"reynoal01",1945,"AL"
"reynoal01",1949,"AL"
"reynoal01",1950,"AL"
"reynoal01",1952,"AL"
"reynoal01",1953,"AL"
"reynoal01",1954,"AL"
"reynocr01",1978,"AL"
"reynocr01",1979,"NL"
"reynoha01",1987,"AL"
"reynoha01",1988,"AL"
"reynosh01",2000,"NL"
"rhoderi01",1976,"NL"
"rhoderi01",1986,"NL"
"ricede01",1953,"NL"
"riceji01",1977,"AL"
"riceji01",1978,"AL"
"riceji01",1979,"AL"
"riceji01",1980,"AL"
"riceji01",1983,"AL"
"riceji01",1984,"AL"
"riceji01",1985,"AL"
"riceji01",1986,"AL"
"richabo01",1957,"AL"
"richabo01",1959,"AL"
"richabo01",1962,"AL"
"richabo01",1963,"AL"
"richabo01",1964,"AL"
"richabo01",1965,"AL"
"richabo01",1966,"AL"
"richajr01",1980,"NL"
"richepe01",1965,"AL"
"richepe01",1966,"AL"
"riddlel01",1948,"NL"
"riggsle01",1936,"NL"
"righeda01",1986,"AL"
"righeda01",1987,"AL"
"rignebi01",1948,"NL"
"rijojo01",1994,"NL"
"riosal01",2006,"AL"
"ripkeca01",1983,"AL"
"ripkeca01",1984,"AL"
"ripkeca01",1985,"AL"
"ripkeca01",1986,"AL"
"ripkeca01",1987,"AL"
"ripkeca01",1988,"AL"
"ripkeca01",1989,"AL"
"ripkeca01",1990,"AL"
"ripkeca01",1991,"AL"
"ripkeca01",1992,"AL"
"ripkeca01",1993,"AL"
"ripkeca01",1994,"AL"
"ripkeca01",1995,"AL"
"ripkeca01",1996,"AL"
"ripkeca01",1997,"AL"
"ripkeca01",1998,"AL"
"ripkeca01",1999,"AL"
"ripkeca01",2000,"AL"
"ripkeca01",2001,"AL"
"riverma01",1997,"AL"
"riverma01",1999,"AL"
"riverma01",2000,"AL"
"riverma01",2001,"AL"
"riverma01",2002,"AL"
"riverma01",2004,"AL"
"riverma01",2005,"AL"
"riverma01",2006,"AL"
"rivermi01",1976,"AL"
"rizzuph01",1942,"AL"
"rizzuph01",1950,"AL"
"rizzuph01",1951,"AL"
"rizzuph01",1952,"AL"
"rizzuph01",1953,"AL"
"roberbi01",1992,"NL"
"roberbr01",2005,"AL"
"roberro01",1950,"NL"
"roberro01",1951,"NL"
"roberro01",1952,"NL"
"roberro01",1953,"NL"
"roberro01",1954,"NL"
"roberro01",1955,"NL"
"roberro01",1956,"NL"
"robinaa01",1947,"AL"
"robinbr01",1960,"AL"
"robinbr01",1961,"AL"
"robinbr01",1962,"AL"
"robinbr01",1963,"AL"
"robinbr01",1964,"AL"
"robinbr01",1965,"AL"
"robinbr01",1966,"AL"
"robinbr01",1967,"AL"
"robinbr01",1968,"AL"
"robinbr01",1969,"AL"
"robinbr01",1970,"AL"
"robinbr01",1971,"AL"
"robinbr01",1972,"AL"
"robinbr01",1973,"AL"
"robinbr01",1974,"AL"
"robined01",1949,"AL"
"robined01",1951,"AL"
"robined01",1952,"AL"
"robined01",1953,"AL"
"robinfr02",1956,"NL"
"robinfr02",1957,"NL"
"robinfr02",1959,"NL"
"robinfr02",1961,"NL"
"robinfr02",1962,"NL"
"robinfr02",1965,"NL"
"robinfr02",1966,"AL"
"robinfr02",1967,"AL"
"robinfr02",1969,"AL"
"robinfr02",1970,"AL"
"robinfr02",1971,"AL"
"robinfr02",1974,"AL"
"robinja02",1949,"NL"
"robinja02",1950,"NL"
"robinja02",1951,"NL"
"robinja02",1952,"NL"
"robinja02",1953,"NL"
"robinja02",1954,"NL"
"rodrial01",1996,"AL"
"rodrial01",1997,"AL"
"rodrial01",1998,"AL"
"rodrial01",2000,"AL"
"rodrial01",2001,"AL"
"rodrial01",2002,"AL"
"rodrial01",2003,"AL"
"rodrial01",2004,"AL"
"rodrial01",2005,"AL"
"rodrial01",2006,"AL"
"rodriel01",1969,"AL"
"rodriel01",1972,"AL"
"rodrifr03",2004,"AL"
"rodrihe02",1996,"NL"
"rodriiv01",1992,"AL"
"rodriiv01",1993,"AL"
"rodriiv01",1994,"AL"
"rodriiv01",1995,"AL"
"rodriiv01",1996,"AL"
"rodriiv01",1997,"AL"
"rodriiv01",1998,"AL"
"rodriiv01",1999,"AL"
"rodriiv01",2000,"AL"
"rodriiv01",2001,"AL"
"rodriiv01",2004,"AL"
"rodriiv01",2005,"AL"
"rodriiv01",2006,"AL"
"roepr01",1945,"NL"
"roepr01",1949,"NL"
"roepr01",1950,"NL"
"roepr01",1951,"NL"
"roepr01",1952,"NL"
"rogerke01",1995,"AL"
"rogerke01",2004,"AL"
"rogerke01",2005,"AL"
"rogerke01",2006,"AL"
"rogerst01",1974,"NL"
"rogerst01",1978,"NL"
"rogerst01",1979,"NL"
"rogerst01",1982,"NL"
"rogerst01",1983,"NL"
"rojasco01",1965,"NL"
"rojasco01",1971,"AL"
"rojasco01",1972,"AL"
"rojasco01",1973,"AL"
"rojasco01",1974,"AL"
"rolensc01",2002,"NL"
"rolensc01",2003,"NL"
"rolensc01",2004,"NL"
"rolensc01",2005,"NL"
"rolensc01",2006,"NL"
"rolfere01",1937,"AL"
"rolfere01",1938,"AL"
"rolfere01",1939,"AL"
"rolfere01",1940,"AL"
"rolliji01",2001,"NL"
"rolliji01",2002,"NL"
"rolliji01",2005,"NL"
"rolliri01",1962,"AL"
"romanjo01",1961,"AL"
"romanjo01",1962,"AL"
"rosadjo01",1997,"AL"
"rosadjo01",1999,"AL"
"rosarbu01",1942,"AL"
"rosarbu01",1943,"AL"
"rosarbu01",1946,"AL"
"rosarbu01",1947,"AL"
"rosarbu01",1948,"AL"
"rosebjo01",1958,"NL"
"rosebjo01",1961,"NL"
"rosebjo01",1962,"NL"
"rosebjo01",1969,"AL"
"rosenal01",1952,"AL"
"rosenal01",1953,"AL"
"rosenal01",1954,"AL"
"rosenal01",1955,"AL"
"rosengo01",1945,"NL"
"rosepe01",1965,"NL"
"rosepe01",1967,"NL"
"rosepe01",1968,"NL"
"rosepe01",1969,"NL"
"rosepe01",1970,"NL"
"rosepe01",1971,"NL"
"rosepe01",1973,"NL"
"rosepe01",1974,"NL"
"rosepe01",1975,"NL"
"rosepe01",1976,"NL"
"rosepe01",1977,"NL"
"rosepe01",1978,"NL"
"rosepe01",1979,"NL"
"rosepe01",1980,"NL"
"rosepe01",1981,"NL"
"rosepe01",1982,"NL"
"rosepe01",1985,"NL"
"rowesc01",1935,"AL"
"rowesc01",1936,"AL"
"rowesc01",1947,"NL"
"rudijo01",1972,"AL"
"rudijo01",1974,"AL"
"rudijo01",1975,"AL"
"ruffire01",1934,"AL"
"ruffire01",1938,"AL"
"ruffire01",1939,"AL"
"ruffire01",1940,"AL"
"ruffire01",1941,"AL"
"ruffire01",1942,"AL"
"runnepe01",1959,"AL"
"runnepe01",1960,"AL"
"runnepe01",1962,"AL"
"rushbo01",1950,"NL"
"rushbo01",1952,"NL"
"russebi01",1973,"NL"
"russebi01",1976,"NL"
"russebi01",1980,"NL"
"russeja01",1934,"AL"
"russeje01",1988,"AL"
"russeje01",1989,"AL"
"russoma01",1941,"AL"
"ruthba01",1933,"AL"
"ruthba01",1934,"AL"
"ruthvdi01",1976,"NL"
"ruthvdi01",1981,"NL"
"ryanbj01",2005,"AL"
"ryanbj01",2006,"AL"
"ryanco01",1944,"NL"
"ryanno01",1972,"AL"
"ryanno01",1973,"AL"
"ryanno01",1975,"AL"
"ryanno01",1977,"AL"
"ryanno01",1979,"AL"
"ryanno01",1981,"NL"
"ryanno01",1985,"NL"
"ryanno01",1989,"AL"
"sabatcc01",2003,"AL"
"sabatcc01",2004,"AL"
"saberbr01",1987,"AL"
"saberbr01",1990,"AL"
"saberbr01",1994,"NL"
"saboch01",1988,"NL"
"saboch01",1990,"NL"
"saboch01",1991,"NL"
"sainjo01",1947,"NL"
"sainjo01",1948,"NL"
"sainjo01",1953,"AL"
"sambijo01",1979,"NL"
"samueju01",1984,"NL"
"samueju01",1987,"NL"
"samueju01",1991,"NL"
"sanchfr01",2006,"NL"
"sandbry01",1984,"NL"
"sandbry01",1985,"NL"
"sandbry01",1986,"NL"
"sandbry01",1987,"NL"
"sandbry01",1988,"NL"
"sandbry01",1989,"NL"
"sandbry01",1990,"NL"
"sandbry01",1991,"NL"
"sandbry01",1992,"NL"
"sandbry01",1993,"NL"
"sandere02",1995,"NL"
"sandesc01",1991,"AL"
"sanfoja02",1957,"NL"
"sanguma01",1971,"NL"
"sanguma01",1972,"NL"
"sanguma01",1975,"NL"
"santajo01",2005,"AL"
"santajo01",2006,"AL"
"santibe01",1989,"NL"
"santibe01",1990,"NL"
"santibe01",1991,"NL"
"santibe01",1992,"NL"
"santibe01",2002,"NL"
"santijo02",1968,"AL"
"santoro01",1963,"NL"
"santoro01",1964,"NL"
"santoro01",1965,"NL"
"santoro01",1966,"NL"
"santoro01",1968,"NL"
"santoro01",1969,"NL"
"santoro01",1971,"NL"
"santoro01",1972,"NL"
"santoro01",1973,"NL"
"sasakka01",2001,"AL"
"sasakka01",2002,"AL"
"sauerha01",1950,"NL"
"sauerha01",1952,"NL"
"saxst01",1982,"NL"
"saxst01",1983,"NL"
"saxst01",1986,"NL"
"saxst01",1989,"AL"
"saxst01",1990,"AL"
"scarbra01",1950,"AL"
"scheiri01",1972,"AL"
"schilcu01",1997,"NL"
"schilcu01",1998,"NL"
"schilcu01",1999,"NL"
"schilcu01",2001,"NL"
"schilcu01",2002,"NL"
"schilcu01",2004,"AL"
"schmibo02",1958,"NL"
"schmija01",2003,"NL"
"schmija01",2004,"NL"
"schmija01",2006,"NL"
"schmijo01",1946,"NL"
"schmijo01",1948,"NL"
"schmimi01",1974,"NL"
"schmimi01",1976,"NL"
"schmimi01",1977,"NL"
"schmimi01",1979,"NL"
"schmimi01",1980,"NL"
"schmimi01",1981,"NL"
"schmimi01",1982,"NL"
"schmimi01",1983,"NL"
"schmimi01",1984,"NL"
"schmimi01",1986,"NL"
"schmimi01",1987,"NL"
"schmimi01",1989,"NL"
"schoere01",1946,"NL"
"schoere01",1948,"NL"
"schoere01",1949,"NL"
"schoere01",1950,"NL"
"schoere01",1951,"NL"
"schoere01",1952,"NL"
"schoere01",1953,"NL"
"schoere01",1954,"NL"
"schoere01",1955,"NL"
"schoere01",1957,"NL"
"schroke01",1986,"AL"
"schumha02",1933,"NL"
"schumha02",1935,"NL"
"schwado01",1961,"AL"
"sciosmi01",1989,"NL"
"sciosmi01",1990,"NL"
"scorehe01",1955,"AL"
"scorehe01",1956,"AL"
"scottge02",1966,"AL"
"scottge02",1975,"AL"
"scottge02",1977,"AL"
"scottmi03",1986,"NL"
"scottmi03",1987,"NL"
"scottmi03",1989,"NL"
"seaveto01",1967,"NL"
"seaveto01",1968,"NL"
"seaveto01",1969,"NL"
"seaveto01",1970,"NL"
"seaveto01",1971,"NL"
"seaveto01",1972,"NL"
"seaveto01",1973,"NL"
"seaveto01",1975,"NL"
"seaveto01",1976,"NL"
"seaveto01",1977,"NL"
"seaveto01",1978,"NL"
"seaveto01",1981,"NL"
"seitzke01",1987,"AL"
"seitzke01",1995,"AL"
"seleaa01",1998,"AL"
"seleaa01",2000,"AL"
"selkige01",1936,"AL"
"selkige01",1939,"AL"
"seminan01",1949,"NL"
"sewellu01",1937,"AL"
"sewelri01",1943,"NL"
"sewelri01",1944,"NL"
"sewelri01",1945,"NL"
"sewelri01",1946,"NL"
"sexsori01",2002,"NL"
"sexsori01",2003,"NL"
"shantbo01",1951,"AL"
"shantbo01",1952,"AL"
"shantbo01",1957,"AL"
"sharpmi01",1992,"NL"
"shawbo01",1962,"NL"
"shawje01",1998,"NL"
"shawje01",2001,"NL"
"sheasp01",1947,"AL"
"sheetbe01",2001,"NL"
"sheetbe01",2004,"NL"
"sheffga01",1992,"NL"
"sheffga01",1993,"NL"
"sheffga01",1996,"NL"
"sheffga01",1998,"NL"
"sheffga01",1999,"NL"
"sheffga01",2000,"NL"
"sheffga01",2003,"NL"
"sheffga01",2004,"AL"
"sheffga01",2005,"AL"
"shortch02",1964,"NL"
"shortch02",1967,"NL"
"siebedi01",1943,"AL"
"siebeno01",1962,"AL"
"siebeno01",1963,"AL"
"siebeno01",1964,"AL"
"siebeso01",1966,"AL"
"siebeso01",1971,"AL"
"sierrru01",1989,"AL"
"sierrru01",1991,"AL"
"sierrru01",1992,"AL"
"sierrru01",1994,"AL"
"sievero01",1956,"AL"
"sievero01",1957,"AL"
"sievero01",1959,"AL"
"sievero01",1961,"AL"
"simmoal01",1933,"AL"
"simmoal01",1934,"AL"
"simmoal01",1935,"AL"
"simmocu01",1952,"NL"
"simmocu01",1953,"NL"
"simmocu01",1957,"NL"
"simmote01",1972,"NL"
"simmote01",1973,"NL"
"simmote01",1974,"NL"
"simmote01",1977,"NL"
"simmote01",1978,"NL"
"simmote01",1979,"NL"
"simmote01",1981,"AL"
"simmote01",1983,"AL"
"simpsha01",1956,"AL"
"simpswa01",1970,"NL"
"singebi01",1969,"NL"
"singebi01",1973,"AL"
"singlke01",1977,"AL"
"singlke01",1979,"AL"
"singlke01",1981,"AL"
"sisledi01",1950,"NL"
"sizemgr01",2006,"AL"
"skinnbo01",1958,"NL"
"skinnbo01",1960,"NL"
"skowrbi01",1957,"AL"
"skowrbi01",1958,"AL"
"skowrbi01",1959,"AL"
"skowrbi01",1960,"AL"
"skowrbi01",1961,"AL"
"skowrbi01",1965,"AL"
"slatoji01",1977,"AL"
"slaugen01",1941,"NL"
"slaugen01",1942,"NL"
"slaugen01",1946,"NL"
"slaugen01",1947,"NL"
"slaugen01",1948,"NL"
"slaugen01",1949,"NL"
"slaugen01",1950,"NL"
"slaugen01",1951,"NL"
"slaugen01",1952,"NL"
"slaugen01",1953,"NL"
"slocuhe01",1995,"NL"
"smallro02",1979,"AL"
"smilejo01",1991,"NL"
"smilejo01",1995,"NL"
"smithal03",1943,"AL"
"smithal04",1955,"AL"
"smithal04",1960,"AL"
"smithda02",1986,"NL"
"smithda02",1990,"NL"
"smithed04",1941,"AL"
"smithed04",1942,"AL"
"smithha09",1957,"NL"
"smithha09",1959,"NL"
"smithle02",1983,"NL"
"smithle02",1987,"NL"
"smithle02",1991,"NL"
"smithle02",1992,"NL"
"smithle02",1993,"NL"
"smithle02",1994,"AL"
"smithle02",1995,"AL"
"smithlo01",1982,"NL"
"smithoz01",1981,"NL"
"smithoz01",1982,"NL"
"smithoz01",1983,"NL"
"smithoz01",1984,"NL"
"smithoz01",1985,"NL"
"smithoz01",1986,"NL"
"smithoz01",1987,"NL"
"smithoz01",1988,"NL"
"smithoz01",1989,"NL"
"smithoz01",1990,"NL"
"smithoz01",1991,"NL"
"smithoz01",1992,"NL"
"smithoz01",1994,"NL"
"smithoz01",1995,"NL"
"smithoz01",1996,"NL"
"smithre06",1969,"AL"
"smithre06",1972,"AL"
"smithre06",1974,"NL"
"smithre06",1975,"NL"
"smithre06",1977,"NL"
"smithre06",1978,"NL"
"smithre06",1980,"NL"
"smoltjo01",1989,"NL"
"smoltjo01",1992,"NL"
"smoltjo01",1993,"NL"
"smoltjo01",1996,"NL"
"smoltjo01",2002,"NL"
"smoltjo01",2003,"NL"
"smoltjo01",2005,"NL"
"snidedu01",1950,"NL"
"snidedu01",1951,"NL"
"snidedu01",1952,"NL"
"snidedu01",1953,"NL"
"snidedu01",1954,"NL"
"snidedu01",1955,"NL"
"snidedu01",1956,"NL"
"snidedu01",1963,"NL"
"sorenla01",1978,"AL"
"soriaal01",2002,"AL"
"soriaal01",2003,"AL"
"soriaal01",2004,"AL"
"soriaal01",2005,"AL"
"soriaal01",2006,"NL"
"sosasa01",1995,"NL"
"sosasa01",1998,"NL"
"sosasa01",1999,"NL"
"sosasa01",2000,"NL"
"sosasa01",2001,"NL"
"sosasa01",2002,"NL"
"sosasa01",2004,"NL"
"sotoma01",1982,"NL"
"sotoma01",1983,"NL"
"sotoma01",1984,"NL"
"spahnwa01",1947,"NL"
"spahnwa01",1949,"NL"
"spahnwa01",1950,"NL"
"spahnwa01",1951,"NL"
"spahnwa01",1952,"NL"
"spahnwa01",1953,"NL"
"spahnwa01",1954,"NL"
"spahnwa01",1956,"NL"
"spahnwa01",1957,"NL"
"spahnwa01",1958,"NL"
"spahnwa01",1959,"NL"
"spahnwa01",1961,"NL"
"spahnwa01",1962,"NL"
"spahnwa01",1963,"NL"
"speiech01",1972,"NL"
"speiech01",1973,"NL"
"speiech01",1974,"NL"
"spencji01",1973,"AL"
"spencst01",1942,"AL"
"spencst01",1944,"AL"
"spencst01",1946,"AL"
"spencst01",1947,"AL"
"spiveju01",2002,"NL"
"spraged02",1999,"NL"
"stalege01",1952,"NL"
"stalege01",1953,"NL"
"stalege01",1960,"AL"
"stanhdo01",1979,"AL"
"stanked01",1947,"NL"
"stanked01",1948,"NL"
"stanked01",1950,"NL"
"stanlbo01",1979,"AL"
"stanlbo01",1983,"AL"
"stanlmi02",1995,"AL"
"stantmi02",2001,"AL"
"stargwi01",1964,"NL"
"stargwi01",1965,"NL"
"stargwi01",1966,"NL"
"stargwi01",1971,"NL"
"stargwi01",1972,"NL"
"stargwi01",1973,"NL"
"stargwi01",1978,"NL"
"starrra01",1942,"NL"
"staubru01",1967,"NL"
"staubru01",1968,"NL"
"staubru01",1969,"NL"
"staubru01",1970,"NL"
"staubru01",1971,"NL"
"staubru01",1976,"AL"
"stearjo01",1977,"NL"
"stearjo01",1979,"NL"
"stearjo01",1980,"NL"
"stearjo01",1982,"NL"
"steinte01",1988,"AL"
"steinte01",1989,"AL"
"steinte01",1993,"AL"
"stenhda01",1962,"AL"
"stephve01",1943,"AL"
"stephve01",1944,"AL"
"stephve01",1945,"AL"
"stephve01",1946,"AL"
"stephve01",1948,"AL"
"stephve01",1949,"AL"
"stephve01",1950,"AL"
"stephve01",1951,"AL"
"stewada01",1989,"AL"
"stiebda01",1980,"AL"
"stiebda01",1981,"AL"
"stiebda01",1983,"AL"
"stiebda01",1984,"AL"
"stiebda01",1985,"AL"
"stiebda01",1988,"AL"
"stiebda01",1990,"AL"
"stigmdi01",1960,"AL"
"stillku01",1988,"AL"
"stirnsn01",1945,"AL"
"stirnsn01",1946,"AL"
"stonebi01",1972,"NL"
"stonede01",1954,"AL"
"stonest01",1980,"AL"
"stottme01",1965,"AL"
"stottme01",1966,"AL"
"stottme01",1968,"AL"
"stottme01",1969,"AL"
"stottme01",1970,"AL"
"stratmo01",1937,"AL"
"strawda01",1984,"NL"
"strawda01",1985,"NL"
"strawda01",1986,"NL"
"strawda01",1987,"NL"
"strawda01",1988,"NL"
"strawda01",1989,"NL"
"strawda01",1990,"NL"
"strawda01",1991,"NL"
"stuardi01",1961,"NL"
"suhrgu01",1936,"NL"
"sullifr01",1955,"AL"
"sullifr01",1956,"AL"
"sundbji01",1974,"AL"
"sundbji01",1978,"AL"
"sundbji01",1984,"AL"
"surhobj01",1999,"AL"
"sutclri01",1983,"AL"
"sutclri01",1987,"NL"
"sutclri01",1989,"NL"
"suttebr01",1977,"NL"
"suttebr01",1978,"NL"
"suttebr01",1979,"NL"
"suttebr01",1980,"NL"
"suttebr01",1981,"NL"
"suttebr01",1984,"NL"
"suttodo01",1972,"NL"
"suttodo01",1973,"NL"
"suttodo01",1975,"NL"
"suttodo01",1977,"NL"
"suzukic01",2001,"AL"
"suzukic01",2002,"AL"
"suzukic01",2003,"AL"
"suzukic01",2004,"AL"
"suzukic01",2005,"AL"
"suzukic01",2006,"AL"
"sweenmi01",2000,"AL"
"sweenmi01",2001,"AL"
"sweenmi01",2002,"AL"
"sweenmi01",2003,"AL"
"sweenmi01",2005,"AL"
"swindgr01",1989,"AL"
"swishst01",1976,"NL"
"tablepa01",1987,"AL"
"tananfr01",1976,"AL"
"tananfr01",1977,"AL"
"tananfr01",1978,"AL"
"tartada01",1991,"AL"
"tayloto02",1960,"NL"
"tebbebi01",1941,"AL"
"tebbebi01",1942,"AL"
"tebbebi01",1948,"AL"
"tebbebi01",1949,"AL"
"teixema01",2005,"AL"
"tejadmi01",2002,"AL"
"tejadmi01",2004,"AL"
"tejadmi01",2005,"AL"
"tejadmi01",2006,"AL"
"tekulke01",1980,"NL"
"templga01",1977,"NL"
"templga01",1979,"NL"
"templga01",1985,"NL"
"templjo01",1956,"NL"
"templjo01",1957,"NL"
"templjo01",1959,"NL"
"templjo01",1961,"AL"
"tenacge01",1975,"AL"
"terrybi01",1933,"NL"
"terrybi01",1934,"NL"
"terrybi01",1935,"NL"
"terryra01",1962,"AL"
"tettlmi01",1989,"AL"
"tettlmi01",1994,"AL"
"tewksbo01",1992,"NL"
"thigpbo01",1990,"AL"
"thomafr03",1954,"NL"
"thomafr03",1955,"NL"
"thomafr03",1958,"NL"
"thomafr04",1993,"AL"
"thomafr04",1994,"AL"
"thomafr04",1995,"AL"
"thomafr04",1996,"AL"
"thomafr04",1997,"AL"
"thomago01",1981,"AL"
"thomale03",1962,"AL"
"thomeji01",1997,"AL"
"thomeji01",1998,"AL"
"thomeji01",1999,"AL"
"thomeji01",2004,"NL"
"thomeji01",2006,"AL"
"thompja01",1977,"AL"
"thompja01",1978,"AL"
"thompja01",1982,"NL"
"thompju02",1997,"AL"
"thompro01",1988,"NL"
"thompro01",1993,"NL"
"thomsbo01",1948,"NL"
"thomsbo01",1949,"NL"
"thomsbo01",1952,"NL"
"thondi01",1983,"NL"
"thornan01",1982,"AL"
"thornan01",1984,"AL"
"tiantlu01",1968,"AL"
"tiantlu01",1974,"AL"
"tiantlu01",1976,"AL"
"tobinji01",1944,"NL"
"torrejo01",1963,"NL"
"torrejo01",1964,"NL"
"torrejo01",1965,"NL"
"torrejo01",1966,"NL"
"torrejo01",1967,"NL"
"torrejo01",1970,"NL"
"torrejo01",1971,"NL"
"torrejo01",1972,"NL"
"torrejo01",1973,"NL"
"trachst01",1996,"NL"
"trammal01",1980,"AL"
"trammal01",1984,"AL"
"trammal01",1985,"AL"
"trammal01",1987,"AL"
"trammal01",1988,"AL"
"trammal01",1990,"AL"
"travebi01",1976,"AL"
"travice01",1938,"AL"
"travice01",1940,"AL"
"travice01",1941,"AL"
"traynpi01",1933,"NL"
"traynpi01",1934,"NL"
"treshmi01",1945,"AL"
"treshto01",1962,"AL"
"treshto01",1963,"AL"
"triangu01",1957,"AL"
"triangu01",1958,"AL"
"triangu01",1959,"AL"
"trillma01",1977,"NL"
"trillma01",1981,"NL"
"trillma01",1982,"NL"
"trillma01",1983,"AL"
"troutdi01",1944,"AL"
"troutdi01",1947,"AL"
"truckvi01",1949,"AL"
"truckvi01",1954,"AL"
"tucketh01",1944,"AL"
"turlebo01",1954,"AL"
"turlebo01",1955,"AL"
"turlebo01",1958,"AL"
"turnbde01",2006,"NL"
"turneji01",1938,"NL"
"twitcwa01",1973,"NL"
"ugglada01",2006,"NL"
"urbinug01",1998,"NL"
"urbinug01",2002,"AL"
"utleych01",2006,"NL"
"valenel01",1977,"NL"
"valenfe01",1981,"NL"
"valenfe01",1982,"NL"
"valenfe01",1983,"NL"
"valenfe01",1984,"NL"
"valenfe01",1985,"NL"
"valenfe01",1986,"NL"
"vandejo01",1938,"NL"
"vandejo01",1939,"NL"
"vandejo01",1942,"NL"
"vandejo01",1943,"NL"
"vanslan01",1988,"NL"
"vanslan01",1992,"NL"
"vanslan01",1993,"NL"
"varitja01",2003,"AL"
"varitja01",2005,"AL"
"vaughar01",1934,"NL"
"vaughar01",1935,"NL"
"vaughar01",1936,"NL"
"vaughar01",1937,"NL"
"vaughar01",1938,"NL"
"vaughar01",1939,"NL"
"vaughar01",1940,"NL"
"vaughar01",1941,"NL"
"vaughar01",1942,"NL"
"vaughgr01",1993,"AL"
"vaughgr01",1996,"AL"
"vaughgr01",1998,"NL"
"vaughgr01",2001,"AL"
"vaughmo01",1995,"AL"
"vaughmo01",1996,"AL"
"vaughmo01",1998,"AL"
"vazquja01",2004,"AL"
"vealebo01",1965,"NL"
"vealebo01",1966,"NL"
"venturo01",1992,"AL"
"venturo01",2002,"AL"
"verbaem01",1945,"NL"
"verbaem01",1946,"NL"
"verbaem01",1947,"NL"
"vernomi01",1946,"AL"
"vernomi01",1948,"AL"
"vernomi01",1953,"AL"
"vernomi01",1954,"AL"
"vernomi01",1955,"AL"
"vernomi01",1956,"AL"
"vernomi01",1958,"AL"
"versazo01",1963,"AL"
"versazo01",1965,"AL"
"vidrojo01",2000,"NL"
"vidrojo01",2002,"NL"
"vidrojo01",2003,"NL"
"vinafe01",1998,"NL"
"violafr01",1988,"AL"
"violafr01",1990,"NL"
"violafr01",1991,"NL"
"virgioz02",1985,"NL"
"virgioz02",1987,"NL"
"vizquom01",1998,"AL"
"vizquom01",1999,"AL"
"vizquom01",2002,"AL"
"voisebi01",1944,"NL"
"vosmijo01",1935,"AL"
"wagnebi02",1999,"NL"
"wagnebi02",2001,"NL"
"wagnebi02",2003,"NL"
"wagnebi02",2005,"NL"
"wagneha01",1942,"AL"
"wagneha01",1946,"AL"
"wagnele01",1962,"AL"
"wagnele01",1963,"AL"
"waitked01",1948,"NL"
"waitked01",1949,"NL"
"wakefdi01",1943,"AL"
"walkbo01",1988,"NL"
"walkebi01",1935,"NL"
"walkedi02",1943,"NL"
"walkedi02",1944,"NL"
"walkedi02",1945,"NL"
"walkedi02",1946,"NL"
"walkedi02",1947,"NL"
"walkege02",1937,"AL"
"walkeha01",1943,"NL"
"walkeha01",1947,"NL"
"walkeje01",1959,"AL"
"walkela01",1992,"NL"
"walkela01",1997,"NL"
"walkela01",1998,"NL"
"walkela01",1999,"NL"
"walkela01",2001,"NL"
"wallati01",1984,"NL"
"wallati01",1985,"NL"
"wallati01",1987,"NL"
"wallati01",1989,"NL"
"wallati01",1990,"NL"
"wallsle01",1958,"NL"
"waltebu01",1937,"NL"
"waltebu01",1939,"NL"
"waltebu01",1940,"NL"
"waltebu01",1941,"NL"
"waltebu01",1942,"NL"
"waltebu01",1944,"NL"
"wanerll01",1938,"NL"
"wanerpa01",1933,"NL"
"wanerpa01",1934,"NL"
"wanerpa01",1935,"NL"
"wanerpa01",1937,"NL"
"warddu01",1993,"AL"
"wardga01",1983,"AL"
"wardga01",1985,"AL"
"warnelo01",1933,"NL"
"warnelo01",1934,"NL"
"warnelo01",1936,"NL"
"warnelo01",1939,"NL"
"warnelo01",1941,"NL"
"washicl01",1975,"AL"
"washicl01",1984,"NL"
"watsobo01",1973,"NL"
"watsobo01",1975,"NL"
"webbbr01",2006,"NL"
"weisswa01",1998,"NL"
"welchbo01",1980,"NL"
"welchbo01",1990,"AL"
"wellsda01",1995,"AL"
"wellsda01",1998,"AL"
"wellsda01",2000,"AL"
"wellsve01",2003,"AL"
"wellsve01",2006,"AL"
"wertdo01",1968,"AL"
"wertzvi01",1949,"AL"
"wertzvi01",1951,"AL"
"wertzvi01",1952,"AL"
"wertzvi01",1957,"AL"
"westbja01",2004,"AL"
"westlwa01",1951,"NL"
"westma02",1940,"NL"
"westrwe01",1952,"NL"
"westrwe01",1953,"NL"
"westsa01",1933,"AL"
"westsa01",1934,"AL"
"westsa01",1935,"AL"
"westsa01",1937,"AL"
"wettejo01",1996,"AL"
"wettejo01",1998,"AL"
"wettejo01",1999,"AL"
"whitalo01",1983,"AL"
"whitalo01",1984,"AL"
"whitalo01",1985,"AL"
"whitalo01",1986,"AL"
"whitalo01",1987,"AL"
"whitebi03",1959,"NL"
"whitebi03",1960,"NL"
"whitebi03",1961,"NL"
"whitebi03",1963,"NL"
"whitebi03",1964,"NL"
"whitebu01",1935,"NL"
"whitebu01",1937,"NL"
"whitede03",1989,"AL"
"whitede03",1993,"AL"
"whitede03",1998,"NL"
"whitefr01",1978,"AL"
"whitefr01",1979,"AL"
"whitefr01",1981,"AL"
"whitefr01",1982,"AL"
"whitefr01",1986,"AL"
"whitero01",1969,"AL"
"whitero01",1970,"AL"
"whitero02",2003,"NL"
"whitesa02",1953,"AL"
"whitnpi01",1936,"NL"
"whitsed01",1980,"NL"
"whitter01",1985,"AL"
"wickmbo01",2000,"NL"
"wickmbo01",2005,"AL"
"wilheho01",1953,"NL"
"wilheho01",1959,"AL"
"wilheho01",1961,"AL"
"wilheho01",1962,"AL"
"wilheho01",1970,"NL"
"willibe02",1997,"AL"
"willibe02",1998,"AL"
"willibe02",1999,"AL"
"willibe02",2000,"AL"
"willibe02",2001,"AL"
"willibi01",1962,"NL"
"willibi01",1964,"NL"
"willibi01",1965,"NL"
"willibi01",1968,"NL"
"willibi01",1972,"NL"
"willibi01",1973,"NL"
"willida03",1953,"NL"
"willido03",2003,"NL"
"willido03",2005,"NL"
"willima04",1990,"NL"
"willima04",1994,"NL"
"willima04",1995,"NL"
"willima04",1996,"NL"
"willima04",1999,"NL"
"willimi02",1989,"NL"
"willimi03",2002,"NL"
"willimi03",2003,"NL"
"willisc01",1999,"NL"
"willist02",1960,"NL"
"willite01",1940,"AL"
"willite01",1941,"AL"
"willite01",1942,"AL"
"willite01",1946,"AL"
"willite01",1947,"AL"
"willite01",1948,"AL"
"willite01",1949,"AL"
"willite01",1950,"AL"
"willite01",1951,"AL"
"willite01",1953,"AL"
"willite01",1954,"AL"
"willite01",1955,"AL"
"willite01",1956,"AL"
"willite01",1957,"AL"
"willite01",1958,"AL"
"willite01",1959,"AL"
"willite01",1960,"AL"
"williwo02",2003,"NL"
"willsma01",1961,"NL"
"willsma01",1962,"NL"
"willsma01",1963,"NL"
"willsma01",1965,"NL"
"willsma01",1966,"NL"
"wilsoda01",1996,"AL"
"wilsodo01",1971,"NL"
"wilsogl01",1985,"NL"
"wilsoja02",2004,"NL"
"wilsoji01",1933,"NL"
"wilsoji01",1935,"NL"
"wilsoji02",1954,"NL"
"wilsoji02",1955,"AL"
"wilsoji02",1956,"AL"
"wilsopr01",2003,"NL"
"wilsowi02",1982,"AL"
"wilsowi02",1983,"AL"
"winfida01",1977,"NL"
"winfida01",1978,"NL"
"winfida01",1979,"NL"
"winfida01",1980,"NL"
"winfida01",1981,"AL"
"winfida01",1982,"AL"
"winfida01",1983,"AL"
"winfida01",1984,"AL"
"winfida01",1985,"AL"
"winfida01",1986,"AL"
"winfida01",1987,"AL"
"winfida01",1988,"AL"
"winnra01",2002,"AL"
"wiseri01",1971,"NL"
"wiseri01",1973,"NL"
"wittmi01",1986,"AL"
"wittmi01",1987,"AL"
"wohlema01",1996,"NL"
"wolfra02",2003,"NL"
"womacto01",1997,"NL"
"woodeha01",1963,"NL"
"woodke02",2003,"NL"
"woodlge01",1959,"AL"
"woodwi01",1971,"AL"
"woodwi01",1972,"AL"
"woodwi01",1974,"AL"
"worreto01",1988,"NL"
"worreto01",1995,"NL"
"worreto01",1996,"NL"
"wrighcl01",1970,"AL"
"wrighda03",2006,"NL"
"wyattjo02",1964,"AL"
"wyattwh01",1939,"NL"
"wyattwh01",1940,"NL"
"wyattwh01",1941,"NL"
"wyattwh01",1942,"NL"
"wynegbu01",1976,"AL"
"wynegbu01",1977,"AL"
"wynnea01",1955,"AL"
"wynnea01",1956,"AL"
"wynnea01",1957,"AL"
"wynnea01",1958,"AL"
"wynnea01",1959,"AL"
"wynnea01",1960,"AL"
"wynnji01",1967,"NL"
"wynnji01",1974,"NL"
"wynnji01",1975,"NL"
"wyrosjo01",1950,"NL"
"wyrosjo01",1951,"NL"
"wyseha01",1945,"NL"
"yastrca01",1963,"AL"
"yastrca01",1965,"AL"
"yastrca01",1966,"AL"
"yastrca01",1967,"AL"
"yastrca01",1968,"AL"
"yastrca01",1969,"AL"
"yastrca01",1970,"AL"
"yastrca01",1971,"AL"
"yastrca01",1972,"AL"
"yastrca01",1973,"AL"
"yastrca01",1974,"AL"
"yastrca01",1975,"AL"
"yastrca01",1976,"AL"
"yastrca01",1977,"AL"
"yastrca01",1978,"AL"
"yastrca01",1979,"AL"
"yastrca01",1982,"AL"
"yastrca01",1983,"AL"
"yorkru01",1938,"AL"
"yorkru01",1941,"AL"
"yorkru01",1942,"AL"
"yorkru01",1943,"AL"
"yorkru01",1944,"AL"
"yorkru01",1946,"AL"
"yorkru01",1947,"AL"
"yosted01",1952,"AL"
"youngdm01",2003,"AL"
"younger01",1996,"NL"
"youngjo02",1981,"NL"
"youngma01",1983,"AL"
"youngmi02",2004,"AL"
"youngmi02",2005,"AL"
"youngmi02",2006,"AL"
"yountro01",1980,"AL"
"yountro01",1982,"AL"
"yountro01",1983,"AL"
"zachrpa01",1978,"NL"
"zakfr01",1944,"NL"
"zambrca01",2004,"NL"
"zambrca01",2006,"NL"
"zarilal01",1948,"AL"
"zernigu01",1953,"AL"
"zimmedo01",1961,"NL"
"zimmeje02",1999,"AL"
"ziskri01",1977,"AL"
"ziskri01",1978,"AL"
"zitoba01",2002,"AL"
"zitoba01",2003,"AL"
"zitoba01",2006,"AL"
