"abadan01",6821
"abbotje01",5761
"abbotji01",4308
"abbotku01",5148
"abbotpa01",4543
"abernbr01",6617
"abreubo01",5698
"acevejo01",6747
"aceveju01",5348
"adamste01",5479
"agbaybe01",6029
"aguilri01",3758
"ainswku01",6653
"alcanis01",6508
"aldresc01",4559
"aldrico01",6803
"alexama02",4959
"alfonan01",5835
"alfoned01",5363
"alicelu01",4190
"allench01",6185
"allendu01",6511
"allenje01",5661
"almanar01",6295
"almanca01",5893
"almoner01",6804
"almonhe01",6292
"alomaro01",4189
"alomasa02",4294
"aloumo01",4517
"alvarcl01",6598
"alvarga01",6037
"alvarju01",6334
"alvarwi01",4364
"amarari01",4654
"anderbr01",4155
"anderbr02",5152
"anderga01",5289
"anderji02",6268
"anderma02",6101
"anderma01",6040
"andrecl01",6456
"andresh01",5356
"ankieri01",6320
"appieke01",4334
"ardoida01",6541
"ariasal01",4837
"ariasge01",5552
"armasto02",6313
"arnolja01",6207
"arrojro01",5946
"arroybr01",6498
"ashbyan01",4668
"assenpa01",3931
"astacpe01",4870
"atchlju01",6680
"aurilri01",5523
"ausmubr01",5095
"austije01",6408
"avenbr01",5887
"averyst01",4494
"ayalabo01",4940
"aybarma01",5873
"bacsimi02",6777
"baergca01",4446
"baezbe01",6784
"baezda01",6395
"bagweje01",4626
"baileco01",5128
"baineha01",1672
"bakopa01",5990
"baldwja01",5344
"balejo01",6370
"balfogr01",6765
"banksbr01",5718
"bankswi01",4716
"barajro01",6368
"barbebr02",5486
"barcelo01",5867
"barkegl01",6196
"barkeke01",6316
"barkeri01",6208
"barkean01",6731
"barnejo01",6606
"barnela01",6699
"barremi01",6098
"barryje01",5419
"barteki01",5577
"batismi01",4815
"batisto01",5621
"battlho01",5519
"bauerri01",6794
"baughju01",6003
"bautida01",5150
"beckro01",4641
"beckeri01",5163
"beckejo02",6403
"beimejo01",6664
"beirnke01",6160
"belchti01",4014
"belinst01",4424
"belitto01",6582
"bellda01",5343
"bellde01",4686
"bellja01",3958
"bellmi02",6520
"bellro01",6424
"belleal01",4362
"bellhma01",5831
"belliro01",5765
"bellicl01",6172
"beltrca01",6132
"beltrri01",5818
"beltrad01",6039
"benarma01",5524
"benesal01",5544
"benesan01",4379
"benitar01",5290
"benjami01",4354
"bennega01",5517
"bennejo02",5723
"bennesh01",5883
"benoijo01",6659
"bensokr01",6167
"bereja01",5039
"bergda01",5958
"bergebr01",6818
"bergepe01",6348
"bergmse01",5077
"berkmla01",6279
"bernead01",6543
"berroan01",6817
"berroge01",4101
"berryse01",4602
"betemwi01",6811
"bevilbr01",5638
"bicheda01",4159
"biddlro01",6552
"bierbni01",6256
"bigbila01",6753
"biggicr01",4217
"billibr01",6228
"blairwi01",4456
"blakeca01",6310
"blanche01",5862
"blankma01",6443
"blausje01",4061
"blowemi01",4397
"blumge01",6307
"bocachi01",6600
"bochtdo01",5379
"boehrbr01",5330
"bogarti01",4984
"boggswa01",2951
"bohanbr01",4454
"bondsba01",3918
"bonesri01",4731
"bonilbo01",3805
"booneaa01",5838
"boonebr01",4917
"borbope02",4971
"bordepa01",4170
"bordimi01",4463
"borkoda01",6280
"borlato02",5248
"borowjo01",5448
"bottari01",5292
"botteke01",4874
"bournra01",4929
"bowiemi01",6287
"bowlebr01",6756
"boydja02",6350
"bradfch01",6061
"bradlmi01",6406
"braggda01",5209
"bransje01",4825
"brantje01",4240
"branyru01",6149
"breale01",6553
"brewebi01",4978
"brewija01",5463
"brocado01",4944
"brockch01",5830
"brockta01",6430
"brognri01",4912
"brohatr01",6381
"brosisc01",4720
"broweji01",6337
"brownad01",5813
"brownbr01",5636
"brownde02",6129
"brownem01",5756
"brownke01",3979
"brownke04",5724
"brownro02",6224
"brownma04",6055
"brumbcl01",6732
"brumfja01",4811
"bruneju01",6454
"brunswi01",6035
"bruskji01",5491
"buchabr01",6157
"buddimi01",5980
"buehrma01",6525
"buforda01",5016
"buhneja01",4128
"bulliki01",6084
"bunchme01",5324
"burbada01",4567
"burkeja02",6717
"burkejo03",4102
"burkhmo01",6433
"burksel01",4051
"burnea.01",6314
"burnije01",5061
"burrepa01",6375
"busbymi01",5565
"bushho01",5774
"butlebr02",6623
"butleri01",5894
"butlero01",5054
"byrdpa01",5468
"byrdati01",6071
"byrneer01",6558
"cabreal02",6392
"cabrejo02",5979
"cabrejo01",5853
"cabreor01",5900
"cairnca01",6529
"cairomi01",5586
"callami01",6247
"camermi01",5492
"caminke01",4070
"cammaer01",6448
"cancero01",6343
"candito01",3149
"cangejo01",3716
"canizja01",5597
"cansejo01",3730
"cardoja01",6483
"carlsda01",5739
"carlybu01",6324
"carmora01",5392
"carpebu01",6470
"carpech01",5771
"carragi01",5466
"carrahe01",5165
"cartela02",6364
"carusmi01",5953
"casanra01",5616
"caseyse01",5930
"casimca01",6540
"castivi02",4746
"castial01",5403
"castica02",5754
"castifr01",4684
"castilu01",5676
"castrju01",5508
"castrra01",6325
"catalfr01",5907
"cathemi01",5849
"cedendo01",5031
"cedenro01",5428
"chacosh01",6713
"charlfr01",6586
"charlno01",4001
"chaveen01",6733
"chaveer01",6114
"chavera01",5697
"checoro01",5788
"chenbr01",6087
"chiassc01",6819
"choji01",6048
"choatra01",6513
"chouibo01",5614
"chrismc01",6165
"chrisry01",5956
"chrisja01",5366
"christi01",6706
"cintral01",6766
"cirilje01",5231
"clapich01",5840
"clappst01",6748
"clarkbr02",6583
"clarkje02",6689
"clarkma01",4779
"clarkto02",5513
"clarkwi02",3926
"claytro01",4800
"clemero02",3340
"clemema01",6099
"clemeed02",6121
"clontbr01",5339
"cloudke01",5875
"clybuda01",5933
"cocopa01",6527
"coffiiv01",6523
"coganto01",6682
"coggida01",6506
"colanmi01",6250
"colbrgr01",4880
"colemmi01",5902
"collilo01",5842
"colomje01",6656
"colonba01",5763
"coneda01",3895
"coninje01",4600
"contija01",6514
"cookde01",4282
"cooksbr01",5483
"coolbmi01",6760
"coomero01",5305
"coopebr01",6125
"coppiro01",5625
"coquitr01",6347
"coraal01",6023
"corbiar01",4767
"cordefr01",6300
"cordewi01",4895
"cordofr01",5563
"cordoma01",5347
"coreybr01",5999
"coreyma02",6831
"cormirh01",4733
"cornena01",6778
"cornere01",5355
"corsiji01",4220
"corteda01",6321
"cotahu01",6289
"counscr01",5547
"coxda02",6181
"coxst01",6366
"crabtti01",5436
"crawfpa02",6516
"credejo01",6411
"creekdo01",5545
"crespce01",6734
"crespfe01",5556
"cressja01",6561
"cromed.01",6439
"crometr01",5146
"crousri01",6004
"croweji01",5923
"cruzde01",5748
"cruziv01",5855
"cruzja01",5659
"cruzju02",6783
"cruzne01",5868
"cruzjo02",5786
"cubilda01",6475
"cuddymi01",6637
"cummimi01",5155
"cunnawi01",5758
"curtich01",4805
"custja01",6626
"d'amije01",5644
"d'amije02",6488
"daalom01",5009
"daleca01",6298
"dalesma01",5257
"damonjo01",5484
"danekpa01",6263
"darenvi01",5967
"darrmi02",6231
"daubabr01",6118
"davanje02",6355
"davenjo01",6284
"daveyto01",6173
"davidcl02",6238
"davisbe01",6144
"davisch01",2083
"davisdo02",6299
"daviser01",3625
"daviska01",6495
"davisla01",6743
"davisru01",5273
"davisto03",6222
"dawkitr01",6339
"delarto01",6524
"delosva01",6058
"deckest01",4597
"dehaako01",6435
"deharri01",5854
"dejeami01",5803
"deltomi01",6170
"delgaca01",5178
"delgawi01",5744
"dellaja01",6352
"delluda01",5823
"delucri01",4569
"dempsry01",6006
"depause01",6329
"derosma01",6094
"deshide01",4459
"desseel01",5640
"dewitma01",6499
"diazal01",4897
"diazed03",5978
"diazei01",5694
"dicker.01",6708
"dicksja01",5689
"difelmi01",5708
"dingmcr01",6512
"dipotje01",5022
"disarga01",4442
"donnech01",4640
"dosteda01",5637
"doteloc01",6111
"doughji01",5353
"douglse01",6762
"downssc01",6447
"dranske01",6213
"dreifda01",5188
"dresery01",6769
"drewj.01",6117
"drewti01",6477
"duceyro01",4094
"duchsju01",6767
"duckwbr01",6673
"duncaco01",6686
"dunnad01",6763
"dunstsh01",3769
"dunwoto01",5807
"durazer01",6293
"durbich01",6371
"durhara01",5323
"durritr01",6303
"duvalmi01",6142
"dyeje01",5610
"easleda01",4913
"eatonad01",6484
"ebertde01",6194
"echevan01",5656
"eckstda01",6688
"edmonji01",5151
"edmonbr01",5962
"eilanda01",4239
"einerda01",6151
"eischjo01",5266
"elartsc01",6030
"eldreca01",4796
"ellisro02",5733
"elsteke01",3913
"embreal01",4958
"encarju01",5904
"encarma01",6426
"endertr01",6576
"ensbemo01",6604
"erdosto01",5829
"ericksc01",4498
"erstada01",5634
"escobal01",6628
"escobke01",5841
"estalbo02",5715
"estessh01",5537
"estraho01",6211
"estrajo01",6720
"estrele01",6530
"etherse01",6479
"eusebto01",4722
"evansto01",5895
"everead01",6389
"evereca01",5073
"eyresc01",5869
"fabrejo01",5216
"falkebr01",6373
"faltest01",5858
"farnsky01",6210
"fasansa01",5553
"fasseje01",4639
"febleca01",6131
"felizpe01",6578
"fernaal01",4525
"fernaja01",6297
"fernajo01",6265
"fernaos01",5551
"fernato01",3112
"fettemi01",4396
"fickro01",6139
"figgami01",5917
"figuelu01",6757
"figuene01",6491
"fikacje01",6781
"filebo01",6701
"finlech01",3846
"finlest01",4307
"fioreto01",6562
"flahejo01",4820
"fletcda01",4430
"floribr01",5280
"floydcl01",5177
"foggjo01",6770
"fontejo01",6007
"fonvich01",5358
"forbep.01",6056
"fordbe01",6072
"fordybr01",5361
"forstsc01",6502
"fossato01",4199
"fossuca01",6772
"fosteke01",5056
"fostekr01",6464
"foulkke01",5817
"foxan01",5572
"foxch02",5850
"francjo01",3308
"francju01",3001
"francma01",5429
"frankry01",6225
"frankwa01",6534
"frascjo01",5284
"freelry01",6685
"friasha01",5837
"fryeje01",4881
"frymatr01",4507
"fuentbr01",6735
"fullmbr01",5901
"fultzaa01",6445
"furcara02",6404
"fussech01",6126
"fyhrimi01",5729
"gaettga01",2017
"gagneer01",6342
"gailled01",5877
"galaran01",3774
"gandagu01",6761
"gantro01",4120
"garceri01",4606
"garciam01",6267
"garcica01",4609
"garcifr01",5371
"garcifr03",6168
"garcigu01",6053
"garcije01",6169
"garcika01",5497
"garcilu01",6179
"garcimi03",6351
"garcira03",4656
"garcino01",5706
"gardnma01",4323
"garibda01",6449
"garlajo01",6396
"gatesbr01",5018
"georgch02",6422
"giambja01",5386
"giambje01",6086
"gibboja01",6635
"gibsode01",6122
"gilbe01",4981
"gilge01",6813
"gilbesh01",5825
"gilesbr02",5543
"gilesma01",6624
"gilkebe01",4572
"ginteke01",6605
"gintema01",6570
"giovaed01",5532
"gipsoch01",5976
"girarjo01",4296
"glanvdo01",5628
"glaubke01",5972
"glaustr01",6063
"glavito02",4122
"gloadro01",6560
"glovega01",6369
"glynnry01",6227
"gomeswa01",5832
"gomezch02",5091
"gonzaal01",5197
"gonzaal02",6077
"gonzadi01",6714
"gonzaje01",5750
"gonzaju03",4398
"gonzalu01",4576
"gonzara01",6478
"gonzawi01",6312
"goodedw01",3334
"goodwcu01",5409
"goodwto01",4747
"gordoto01",4279
"gracema01",4194
"gracemi02",5494
"graffto01",5590
"grahejo01",4528
"gratebe01",6197
"graveda01",5649
"grebecr01",4443
"greenja01",6535
"greensc01",5872
"greensh01",5179
"greenst01",6695
"greenty01",4988
"greench02",5728
"greenri02",6203
"greento02",5550
"greenwi01",4933
"greerru01",5239
"greisse01",6021
"grievbe01",5912
"griffke02",4305
"grillja01",6466
"grimsja01",4425
"grissma02",4389
"groombu01",4863
"grosski01",4468
"grudzma01",5359
"guarded01",5051
"gubancr01",6202
"guerrvl01",5737
"guerrwi01",5709
"guevagi01",5914
"guillca01",6105
"guilljo01",5753
"guilloz01",3653
"gulanmi01",5811
"gundeer01",4465
"guthrma01",4366
"gutieri01",5004
"guzmacr01",6186
"guzmado01",6358
"guzmaed01",6193
"guzmage01",6519
"guzmaju01",4661
"gwynnto01",3006
"haadya01",6271
"hackmlu01",6328
"hairsje02",6127
"halamjo01",5943
"hallto02",6599
"hallaro01",6134
"haltesh01",5790
"hamilda02",4206
"hamiljo02",5244
"hammoch01",4508
"hammoje01",5066
"hamptmi01",4994
"haneych01",4678
"hansegr01",5304
"hanseda01",4595
"hanseje01",5866
"harikti01",5402
"harnipe01",4287
"harpetr01",6538
"harrile01",4260
"harrire01",4453
"harriwi02",6798
"harveke01",6835
"harvich01",6255
"hasegsh01",5747
"haselbi01",4563
"hattesc01",5514
"hawkila01",5336
"hayesch01",4272
"hayneji01",5531
"heiseri01",6232
"helliri01",5207
"helmswe01",6080
"heltoto01",5870
"hemphbr01",6259
"henderi01",1650
"henlebo01",6054
"henrios01",5919
"henrybu01",4812
"henrydo01",4698
"hentgpa01",4744
"heredfe01",5677
"heredgi01",4499
"hergema01",6296
"hermach01",6162
"hermadu01",5387
"hernaad01",6654
"hernaal01",6577
"hernaca01",4467
"hernaca02",6236
"hernaca03",6782
"hernajo01",4728
"hernali01",5734
"hernaor01",6019
"hernara02",6258
"hernaro01",4612
"herndju01",6746
"hershor01",3255
"hiattph01",4999
"hidalri01",5896
"higgibo02",5321
"hiljuer01",6356
"hillgl01",3977
"hillke01",4183
"hillesh02",6332
"hincha.01",5942
"hinchbr01",6190
"hitchst01",4949
"hockide01",5162
"hodgeke01",6458
"hoffmtr01",4975
"holbeaa01",5585
"holbera01",5223
"hollato01",5301
"hollida02",5987
"hollida01",4466
"holmeda01",4558
"holtch01",5707
"holtzmi01",5655
"holzema01",5115
"hoovepa01",6816
"housecr01",6548
"houstty01",5558
"howarda02",4616
"howarth01",4506
"howelja02",3698
"howrybo01",6036
"hubbami01",5450
"hubbatr01",5274
"huckake01",5696
"hudekjo01",5213
"hudsoti01",6245
"huffau01",6545
"hughebo01",5940
"hundlto01",4482
"huntebr01",4660
"huntebr02",5269
"hunteto01",5884
"huskebu01",5153
"husonje01",4265
"hutchch01",6372
"hyersti01",5189
"hyzduad01",6596
"ibanera01",5665
"ingebr01",6681
"irabuhi01",5845
"isrinja01",5449
"izturce01",6638
"jacksda04",5732
"jacksda03",3778
"jacksmi02",3943
"jacksry01",5957
"jacquth01",6597
"jahajo01",4882
"jamesmi01",5297
"jarvike01",5184
"javiest01",3294
"jeffegr01",4108
"jeffere01",4649
"jenkige01",5948
"jennija01",6785
"jenniro01",5589
"jensema01",5583
"jensery01",6722
"jeterde01",5406
"jimend'01",6360
"jimenjo01",6115
"jodiebr01",6764
"johnsdo04",5447
"johnsad01",6649
"johnsbr01",5190
"johnsch04",5228
"johnsja02",5885
"johnsjo08",6148
"johnske04",6450
"johnsla03",4067
"johnsma01",5370
"johnsma05",6438
"johnsma02",6113
"johnsmi02",5785
"johnsni01",6401
"johnsra05",4288
"johnsru01",5792
"johnsjo07",5134
"jonesan01",5681
"jonesbo03",5107
"jonesbo04",5814
"jonesch06",5164
"jonesch05",4634
"jonesdo01",3980
"jonesja05",6246
"jonesma02",6526
"joneste02",5712
"jonesto02",5082
"jordabr01",4823
"jordake01",5478
"josefe01",4013
"joynewa01",3837
"juddmi01",5938
"judenje01",4790
"juliojo01",6709
"justida01",4326
"kamiesc01",4675
"kaplega01",6140
"karchma01",5457
"karlsc01",5328
"karnuja01",6705
"karroer01",4748
"karsast01",5114
"keislra01",6593
"kellyke01",6574
"kellymi02",5182
"kellypa03",4650
"kellyro01",4077
"kendaja01",5562
"kennead01",6318
"kennejo04",6736
"kentje01",4826
"kidama01",6155
"kieltbo01",6630
"kiescbr01",5559
"kileda01",4627
"kimby01",6237
"kimsu01",6427
"kingcu01",5871
"kingje01",4332
"kingra01",6229
"kingsge01",5721
"kinkami01",6100
"kinnema01",6554
"klassda01",6050
"kleskry01",4953
"klinest02",5778
"knighbr01",6737
"knoblch01",4617
"knorrra01",4743
"knotter01",6797
"knottga01",6771
"kochbi01",6218
"kohlmry01",6536
"kolbbr01",6469
"kolbda01",6240
"konerpa01",5908
"koplomi01",6809
"koskico01",6110
"kotsama01",5846
"kreutch01",4255
"kroonma01",5446
"kubenje01",6092
"kubinti01",5856
"lakerti01",4915
"lambda01",6175
"lambmi01",6390
"lampkto01",4275
"langsma01",3349
"lankfra01",4547
"lansimi01",4989
"larayo01",6510
"larkian01",5736
"larkiba01",3901
"larocgr01",6591
"larsobr01",6716
"larueja01",6252
"lathach01",5794
"lawrebr02",6700
"lawtoma02",5511
"laxtobr01",6253
"leachja01",6810
"lecroma01",6391
"ledeeri01",5769
"ledesaa01",5439
"leeca01",6161
"leeco01",6323
"leeda01",6230
"leede02",5775
"leesa01",6380
"leetr01",5939
"leiteal01",4130
"leitema01",4516
"leiussc01",4565
"lennopa01",4436
"leshebr01",5691
"leskacu01",5068
"levinal01",5642
"levisje01",4833
"levraal01",6496
"lewisda01",4548
"lewisma01",4636
"leyriji01",4492
"lidleco01",5806
"liebejo01",5235
"liebemi01",5270
"liefeje01",6178
"ligteke01",5879
"lillyte01",6223
"limajo01",5212
"lincomi01",6184
"lindsro01",6572
"linebsc01",6455
"liniaco01",6335
"lintodo01",4907
"lirafe01",5317
"littlma01",6116
"lloydgr01",4990
"loducpa01",6032
"loaizes01",5368
"lockhke01",5191
"loeweca01",6025
"loftoja01",6836
"loftoke01",4789
"lohseky01",6751
"loiseri01",5722
"lomasst01",6365
"lombage01",6085
"longte01",6199
"loopebr01",5966
"lopezal02",5080
"lopezfe01",6415
"lopezja01",4965
"lopezlu02",5181
"lopezlu03",6711
"lopezme01",6022
"lopezro02",6460
"loretma01",5504
"lorraan01",5278
"lovulto01",4285
"lowede01",5801
"lowese01",5890
"lowelmi01",6133
"lowerte01",5929
"ludwier01",5704
"luebbla01",5072
"lugoju01",6451
"lukasma01",6702
"lukema01",5569
"lunarfe01",6463
"lundqda01",6177
"luuloke01",6472
"lyonbr01",6775
"mabryjo01",5215
"macdomi01",6666
"macfami01",4074
"macharo01",5660
"maciajo01",6219
"mackoro01",6725
"macrasc01",6768
"maddugr01",3933
"maddumi01",3944
"madurca01",5719
"magadda01",3910
"mageewe01",5684
"magnami01",4635
"magruch01",6808
"mahayro01",5395
"mahompa01",4808
"mahonmi02",6592
"maireos01",6584
"malloma01",6104
"mannji01",6481
"mantema01",5425
"mantoje01",4490
"manwaki01",4103
"manzajo01",4786
"marquja01",6493
"marreel01",5897
"marteda01",6261
"martial03",4903
"martino01",5173
"martito02",5752
"martida01",3898
"martied01",4135
"martife01",5911
"martima02",5635
"martipe02",4875
"martira02",4180
"martira03",6034
"martisa01",5338
"martiti02",4545
"martiwi01",6376
"marzajo01",4078
"masaoon01",6180
"mateohe01",6774
"mateoru01",6249
"mathemi01",5205
"mathet.01",5464
"mathete01",4681
"matoslu01",6503
"matospa01",6220
"mattetr01",6749
"matthga02",6241
"matthmi01",6153
"maureda01",6533
"maxweja01",6089
"mayda02",5515
"mayde01",4571
"maynebr01",4603
"maysjo01",6187
"mccarda01",5029
"mcclasc01",5767
"mccraqu01",5548
"mccurje01",5384
"mcdilal01",5809
"mcdondo01",6704
"mcdonja02",5826
"mcdonjo03",6269
"mcdonke01",6517
"mcdowja01",4100
"mcelrch01",4406
"mcewijo01",6091
"mcgeewi01",3019
"mcglike01",6192
"mcgrifr01",3579
"mcguiry01",5791
"mcgwima01",3866
"mckeewa01",5741
"mcknito01",6551
"mclemma01",3704
"mcmicgr01",4986
"mcmilbi01",5662
"mcnicbr01",6346
"mcraebr01",4532
"meachru01",4683
"meadobr01",5951
"mearepa01",5017
"mechegi01",6266
"mecirji01",5506
"medinra01",5952
"melhuad01",6482
"meloju01",6580
"melusmi01",6082
"mendedo01",6687
"mendoca01",5905
"mendora01",5617
"menecfr01",6344
"mercahe01",6432
"merceor01",4500
"mercejo02",5251
"merckke01",4441
"merlolo01",5997
"mesajo01",4143
"metcami01",6135
"meyerch02",6302
"miadiba01",6750
"micelda01",5156
"michaja01",6696
"michach01",6073
"middlja01",6807
"mientdo01",6138
"mieskma01",5015
"millake01",5981
"milleco01",6799
"milleda02",5878
"milleku01",5259
"millema01",6718
"milletr01",5690
"milletr02",5705
"millewa04",6270
"millsal01",4452
"millwke01",5848
"miltoer01",5944
"minorda01",6579
"minorry01",6124
"mintzst01",5393
"mirabdo01",5692
"mlickda01",4952
"moehlbr01",5743
"moellch01",6504
"mohlemi01",4979
"mohrdu01",6789
"molinbe01",6026
"molinga01",6212
"moliniz01",5554
"molinjo01",6330
"monahsh01",6052
"mondera01",5090
"monrocr01",6773
"montgje01",4079
"montgst01",5555
"mooretr01",5955
"morame01",6239
"moragda01",6497
"moralwi01",6436
"moranmi01",4556
"mordemi01",5227
"morenju02",6724
"morenor01",6234
"morgami01",2402
"mormaal01",5571
"morriha02",4235
"morrija03",6367
"morrima01",5784
"morriwa02",6166
"mosquju01",5688
"mossda01",6710
"motada01",6601
"motagu01",6214
"mottoch01",5594
"moutoja01",5185
"moutoly01",5417
"moyerja01",3932
"muellbi02",5587
"muldema01",6393
"mulhote01",3952
"mullesc01",6567
"munozbo01",5040
"munozmi01",4411
"munrope01",6191
"munsoer01",6407
"murraca01",6254
"murrada02",6306
"murrahe01",5776
"mussimi01",4715
"myersgr01",4093
"myersmi01",5307
"myersra01",3790
"myersro01",5579
"myettaa01",6288
"nadyxa01",6610
"nagych01",4501
"nathajo01",6205
"natiojo01",6611
"naultda01",5574
"navarja01",4347
"neaglde01",4709
"nealbl01",6790
"nelsoje01",4829
"nelsojo01",6740
"nenro01",4955
"neugeni01",6670
"nevinph01",5420
"newhada01",6242
"newmaal02",6156
"nichode01",6507
"nichtch01",5391
"nickldo01",6609
"nievejo01",6069
"nilssda01",4844
"nitkoc.01",5411
"nixonot01",3126
"nixontr01",5731
"nomohi01",5375
"nortogr01",5687
"nortoph01",6539
"nunezab01",5886
"nunezjo02",6691
"nunezvl01",6107
"nunnajo01",5325
"nunnata01",6594
"o'brich01",3740
"o'conbr02",6468
"o'leatr01",5020
"o'neipa01",3793
"ochoaal01",5540
"offerjo01",4542
"ogeach01",5225
"ohkato01",6283
"ohmanwi01",6612
"ojalaki01",5881
"ojedaau01",6485
"olerujo01",4403
"olivaom01",4538
"oliveda02",5127
"olivejo01",4361
"olsenke01",6800
"olsongr01",4257
"ontivst02",3715
"oquismi01",5111
"ordazlu01",5898
"ordonma01",5889
"ordonre01",5560
"orieke01",5751
"oropeed01",6692
"oroscje01",1840
"ortegbi01",6814
"ortizda01",5909
"ortizhe01",6083
"ortizjo04",6544
"ortizra02",6317
"ortizru01",5954
"osbordo01",4819
"osikke01",5567
"ostinji01",6715
"osunaan01",5302
"oswalro01",6646
"otanewi01",6075
"overbly01",6639
"owenser01",5415
"ozunapa01",6459
"padilvi01",6257
"paintla01",5030
"palacvi01",4096
"palmeor01",5441
"palmera01",3897
"palmede01",4399
"paniajo01",5581
"paquecr01",5046
"parkch01",5187
"parkech01",6665
"paronch01",6703
"parquji01",6012
"parrajo01",5378
"parrist01",5426
"parrijo01",6532
"patribr01",6001
"patteco01",6400
"patteda04",5664
"patteja01",6744
"pauljo01",6354
"pavanca01",5945
"paytoja01",5773
"penaan01",6102
"penaca01",6621
"penael01",6581
"penaje01",6304
"penaju01",6204
"pennybr01",6276
"percitr01",5315
"perezca01",5360
"perezed02",5496
"perezed01",5094
"perezne01",5702
"perezod01",6088
"perezro01",5283
"perezsa01",6490
"perezti01",6568
"perezto03",5310
"perezyo01",4757
"perisma01",5820
"perkida01",6183
"perrych01",6547
"perryhe01",5226
"persoro01",5538
"petagro01",5201
"peterch01",5658
"peterch02",6233
"peterky01",6282
"petkoma01",4667
"petribe01",6333
"pettian01",5331
"pettyad01",6758
"phelpjo01",6494
"phelptr01",6707
"phillj.01",5136
"phillja03",6188
"phillja04",6721
"phillto02",3063
"piattad01",6409
"piazzmi01",4928
"pichahi01",4830
"pickeca01",6112
"pierrju01",6550
"piersch01",6791
"pierza.01",6109
"pinedlu01",6776
"pineijo01",6549
"piscima01",5843
"pittsji01",5397
"plesada01",3808
"plunker01",3833
"podsesc01",6489
"polanpl01",6049
"politcl01",5960
"polonlu01",4029
"ponsosi01",5984
"pooleji02",4495
"portebo03",6221
"portuma01",3750
"porzimi01",6274
"posadjo01",5502
"posesc01",4983
"potelo01",6308
"powelbr01",6041
"powelda01",5777
"powelja04",5530
"powelje01",6057
"prattto02",4904
"pridecu01",5166
"prietar01",5440
"princto01",4139
"prinzbr01",6675
"pritcch01",5725
"prokolu01",6573
"pujolal01",6619
"pulidca01",5206
"pulsibi01",5422
"puntoni01",6793
"quantpa01",4894
"queveru01",6452
"quinnma01",6361
"radinsc01",4444
"radkebr01",5337
"radloro01",6235
"raggibr01",5796
"rainst01",6281
"raineti01",1850
"raineti02",6838
"rakerja01",5993
"ramiral02",6141
"ramirar01",6014
"ramirhe01",6322
"ramirju02",6359
"ramirma02",5132
"ramirro01",5973
"ramsaro01",6326
"randajo01",5298
"ransoco01",6796
"rapppa01",4883
"rathga01",6018
"ratlijo01",6563
"rayke01",6273
"reamebr01",6557
"rebouje01",4840
"redditi01",6754
"redmama01",6285
"redmaju01",6515
"redmomi01",6008
"reedje02",3523
"reedri01",4242
"reedst01",4922
"reesepo01",5746
"reichda01",6272
"reithbr01",6723
"reitsch01",6657
"rekarbr01",5456
"relafde01",5666
"remlimi01",4673
"renteed01",5602
"reyesal01",5329
"reyesca01",5204
"reyesde01",5847
"reynosh01",4891
"reynoar02",4727
"rhodear01",4736
"richach01",6528
"riedljo01",6565
"rigbybr01",5760
"rigdopa01",6474
"riggaje01",6564
"riggsad01",5876
"rijojo01",3293
"rileyma01",6349
"rincoju01",6676
"rincori01",5757
"riosar01",6090
"ripkeca01",2035
"riskeda01",6309
"ritchto01",5766
"rivaslu01",6417
"riverju01",6805
"riverlu02",6397
"riverma01",5400
"rivermi02",6820
"riverru01",5503
"rizzoto01",5964
"roajo01",5542
"roberbr01",6741
"roberda07",6305
"robergr01",6425
"roberwi01",6262
"robinke02",6143
"rockejo01",5992
"rodrial01",5275
"rodrife01",5390
"rodrifr02",5313
"rodrihe02",4872
"rodriiv01",4680
"rodrijo04",6471
"rodrili01",6243
"rodrine01",5683
"rodriri02",4503
"rodriwi01",6669
"rogerke01",3974
"rojasme01",4518
"rolensc01",5668
"rolisna01",6588
"rolliji01",6419
"rollsda01",6437
"romanmi01",6345
"romerj.01",6363
"romerma01",5851
"roquera01",6062
"rosadjo01",5632
"rosebr01",5861
"roskojo01",5985
"rowanaa01",6742
"rueteki01",5079
"ruffijo01",5106
"runyase01",5963
"rupery01",6216
"ruschgl01",5764
"ryanb.01",6294
"ryanja04",6319
"ryanke01",4926
"ryanro02",6315
"sabatc.01",6603
"sabeler01",6275
"saberbr01",3296
"sadledo01",5949
"saenzol01",5249
"salmoti01",4918
"sampsbe01",6108
"sanchal03",6739
"sanchje01",5969
"sanchre01",4777
"sandbja01",6779
"sandean01",6206
"sandede02",4333
"sandere02",4737
"sandesc02",5102
"sanfoch01",5991
"santajo02",6441
"santaju01",5755
"santama01",6095
"santape01",6759
"santaf.01",5472
"santibe01",3924
"santijo03",5828
"santoan01",6806
"santovi01",6697
"sasakka01",6379
"saturlu01",6585
"sauersc01",6189
"saundto01",5782
"sauveri01",4000
"scanlbo01",4637
"scarsst01",4841
"schefaa01",6251
"schilcu01",4267
"schmija01",5340
"schnebr01",6480
"schoesc01",6171
"schoupe01",4629
"schrest02",6264
"seabosc01",6690
"seaneru01",4414
"seaybo01",6780
"seelbch02",5539
"sefcike01",5526
"seguida01",4480
"seguife01",6096
"selbybi01",5592
"seleaa01",5062
"serafda01",5646
"serrawa01",6652
"servasc01",4697
"servisc01",4266
"sexsori01",5931
"sextoch01",6215
"shavejo01",5027
"shawje01",4473
"sheetan01",5595
"sheetbe01",6618
"sheffga01",4268
"sheldsc01",5816
"shielsc01",6730
"shinjts01",6616
"shousbr01",5098
"shueypa01",5229
"shumaan01",6286
"shumpte01",4474
"sierrru01",3841
"sikorbr01",6137
"silvajo01",5714
"silveda01",4832
"simasbi01",5487
"simmobr01",6145
"simmsmi01",4577
"simonra01",5903
"sinclst01",5986
"singlch01",6176
"sirotmi01",5460
"siscost01",6465
"skrmema01",6486
"slocuhe01",4625
"slusajo01",4631
"smallaa01",5260
"smartj.01",6182
"smithbo06",5950
"smithbr03",6595
"smithbu02",6650
"smithch07",6378
"smithda07",6066
"smithja05",6745
"smithma03",5234
"smithro03",6728
"smithtr01",6033
"smoltjo01",4232
"snowj.01",4969
"snydejo02",6045
"sobkosc01",6412
"sodowcl01",5518
"sojolu01",4457
"soriaal01",6154
"sorrepa01",4423
"sosaju01",6341
"sosasa01",4344
"sparkje01",6290
"sparkst01",5327
"sparkst02",6531
"spehrti01",4700
"speieju01",6015
"spencse01",6217
"spencsh01",5770
"spencst02",6078
"spierbi01",4304
"spiezsc01",5738
"spiveju01",6384
"spoljpa01",5194
"spoonti01",6802
"spradje01",5070
"spraged02",4643
"sprinde01",5528
"sprinru01",4828
"spurgja01",6555
"stairma01",4848
"standja01",6661
"staniro01",5804
"stanlmi02",3975
"stantmi02",4391
"starkde01",6340
"stechge01",6434
"steinbl01",5996
"steinte01",3957
"stephga01",5663
"steveda01",5242
"stevele01",4512
"stewasc01",6683
"stewash01",5509
"stiebda01",2296
"stinnke01",5193
"stockke01",5081
"stoneri01",6837
"stottto01",4185
"stowech01",6277
"strawda01",3216
"stricsc02",6311
"stronjo01",6467
"stullev01",5795
"sturtta01",5341
"stynech01",5394
"sullisc01",5383
"suppaje01",5454
"surhob.01",3965
"suttola01",5880
"suzukic01",6615
"suzukma01",5529
"sveumda01",3669
"swannpe01",6590
"sweenma01",5473
"sweenmi01",5521
"swindgr01",3894
"tabakje01",5210
"tamje01",6042
"tapanke01",4355
"tarasto01",5014
"tatisfe01",5864
"taubeed01",4615
"tavarju01",5103
"taylobi04",5203
"taylore01",6608
"tejadmi01",5888
"tejermi01",6357
"telemam01",5605
"telfoan01",4541
"tessmja01",6079
"thomabr01",6729
"thomafr04",4527
"thomeji01",4762
"thompan02",6461
"thompju02",5618
"thompma01",5286
"thompry01",4932
"thomsjo01",5772
"thurmmi01",5892
"timlimi01",4621
"timmooz01",5342
"tocajo01",6338
"tolarke01",6589
"tollbbr01",6505
"tomkobr01",5819
"torrest01",6839
"torreyo01",6795
"torresa01",5118
"towerjo01",6712
"trachst01",5172
"tracyan01",6457
"trammbu01",5749
"tremich01",5438
"trombmi01",4916
"trubych01",6501
"tuckemi01",5299
"tucket.01",6487
"turnbde01",6420
"turnech01",5120
"tynerja01",6492
"unroeti01",5407
"urbinug01",5385
"uribeju01",6698
"valdeis01",5261
"valdema01",5493
"valdepe01",5607
"valdema02",5834
"valener01",6644
"valenja01",5915
"valenjo02",4902
"valenjo03",4948
"valeryo01",6602
"vanpoto01",4775
"vandejo02",4778
"varitja01",5921
"vaughgr01",4378
"vaughmo01",4685
"vazquja01",5947
"vazqura01",6815
"velanjo01",5836
"velarra01",4087
"venafmi01",6209
"venturo01",4432
"verasqu01",5308
"veraswi01",6260
"veresda01",5232
"vidrojo01",5827
"villabr01",6476
"villeis01",6518
"villoro01",5346
"vinafe01",4995
"vininke01",6727
"vitiejo01",5300
"vizcajo01",4428
"vizcalu01",6291
"vizquom01",4306
"vogelry01",6571
"vosbeed01",3948
"voylebr01",6684
"wagnebi02",5536
"wagnepa01",4899
"wainhda01",4719
"wakefti01",4906
"wakelch01",6801
"walbema01",4987
"walkeja01",5781
"walkeke02",6453
"walkela01",4181
"walkepe01",5416
"walketo04",5700
"walldo01",5500
"wallade01",5680
"wallaje01",5882
"wardbr01",6047
"wardda01",6002
"wardtu01",4592
"wasdijo01",5490
"washbja01",5995
"waszgb.01",5937
"watkipa01",5924
"watsoal01",5076
"watsoma03",6473
"weathda01",4718
"weaveer01",6017
"weaveje01",6200
"weberbe01",6444
"webstle01",4394
"wehnejo01",4701
"weisswa01",4069
"wellsbo01",5236
"wellsda01",4057
"wellski01",6301
"wellsve01",6327
"wendetu01",5057
"wengedo01",5373
"westbja01",6500
"wettejo01",4164
"wheelda01",6331
"whisema01",5798
"whitede03",3705
"whitega01",5247
"whiteri01",5186
"whitero02",5126
"whitema01",4509
"whitema02",4909
"wickmbo01",4919
"widgech01",5434
"wilkebr01",6631
"wilkima01",5604
"wilkiri01",4664
"willibe02",4695
"willibr01",4791
"willida07",6738
"willige03",5451
"willige02",4963
"willije02",6362
"willima04",4026
"willima09",6446
"willimi03",4868
"willire02",4950
"willito02",5303
"williwo02",5025
"willisc01",6174
"wilsocr02",6106
"wilsocr03",6642
"wilsoda01",4927
"wilsoen01",5932
"wilsoja02",6693
"wilsokr01",6537
"wilsopa02",5561
"wilsopr01",5994
"wilsoto02",6020
"wilsova01",6064
"winchsc01",5922
"winkejo01",6198
"winnra01",5998
"wisede01",6442
"wisema01",6546
"witasja01",5653
"wittbo01",3820
"wittke01",6136
"wohlema01",4734
"wolcobo01",5488
"wolfra02",6248
"womacto01",5158
"woodja02",5971
"woodke02",5982
"woodabr01",5285
"woodast01",5865
"woodwch01",6244
"wootesh01",6556
"worreti01",5064
"wrighda02",6668
"wrighja01",5650
"wrighja02",5839
"wunscke01",6440
"yanes01",5580
"yarnaed01",6278
"yoshima01",5965
"youngda01",6431
"youngdm01",5699
"younger01",4905
"younger02",5240
"youngke01",4885
"youngmi02",6613
"youngti01",6097
"zambrca01",6559
"zambrvi01",6752
"zaungr01",5427
"zeileto01",4384
"zerbech01",6607
"zimmeje02",6201
"zimmejo01",6226
"zitoba01",6394
"zoskyed01",4742
"zuletju01",6374
"leonjo01",6159
"burrose01",6402
"romanja01",6414
"restomi01",6416
"chench01",6421
"werthja01",6423
"zinteal01",6429
"deloslu02",6462
"penawi01",6522
"rauchjo01",6620
"choihe01",6622
"hartja01",6627
"lawrejo01",6629
"brousbe01",6633
"bloomwi01",6636
"diazju01",6640
"hensodr01",6643
"hinsker01",6645
"bynummi01",6655
"soriara01",6662
"kellekr01",6663
"milleju01",6672
"brazede01",6786
"priorma01",6787
"walkety01",6823
"seoja01",6824
"josepke01",6829
"donnebr01",6840
"komiysa01",6842
"tagucso01",6843
"hillbo01",6847
"borchjo01",6849
"kearnau01",6851
"ishiika01",6852
"martivi01",6853
"laneja01",6855
"thursjo01",6856
"phillbr01",6857
"wayneju01",6858
"ludwiry01",6862
"byrdma01",6863
"myersbr01",6864
"tankede01",6867
"pearcjo01",6869
"blaloha01",6871
"peavyja01",6872
"torcato01",6874
"hudsoor01",6875
"jamesde01",6876
"nomurta01",6877
"uguetlu01",6878
"silvaca01",6880
"fostejo01",6881
"affelje01",6883
"asencmi01",6884
"kentst01",6886
"pearste01",6887
"moriami01",6891
"amezaal01",6892
"lewisco01",6893
"farnsje01",6895
"cassisc01",6896
"escalfe01",6897
"thurmco01",6898
"ellisma01",6899
"menchke01",6900
"crudami01",6902
"fieldna01",6903
"salazos01",6904
"gryboke01",6905
"ennisjo01",6906
"mallebr01",6907
"puffebr01",6908
"bedarer01",6910
"fitzgbr01",6911
"lidgebr01",6913
"snydeea01",6914
"bongju01",6915
"florera01",6916
"drisktr01",6917
"howarbe01",6919
"langery01",6920
"britoju01",6921
"rodnefe01",6922
"teutna01",6923
"simonja01",6924
"mateoju01",6925
"kayeju01",6926
"herreal01",6928
"nelsobr01",6929
"wiggity01",6930
"pelaeal01",6931
"pickfke01",6932
"santira01",6933
"gardnle01",6934
"germaes01",6935
"haranaa01",6936
"matosju01",6938
"jimenja01",6939
"pearsja01",6940
"marotmi01",6941
"durocja01",6942
"thamema01",6943
"trujijj01",6944
"perezol01",6945
"saarlki01",6946
"dayza01",6947
"sanchdu01",6948
"gomezal01",6949
"sedlash01",6950
"cyrer01",6951
"guielaa01",6952
"lackejo01",6953
"beltrfr01",6954
"cerdaja01",6955
"rossda01",6956
"hudsolu01",6957
"bukviry01",6959
"fredeke01",6960
"wessoba01",6961
"elderda01",6964
"backebr01",6965
"scutama01",6966
"garcire01",6967
"nievewi01",6968
"kershja01",6969
"beverja01",6970
"duffma01",6972
"alvarvi01",6973
"sadleca01",6974
"cepicma01",6975
"childma01",6976
"smythst01",6977
"hendrma01",6978
"hafnetr01",6980
"cookaa01",6981
"pelloki01",6982
"crispco01",6983
"figgich01",6986
"bardjo01",6987
"nancesh01",6988
"condrcl01",6989
"pembeda01",6990
"diggibe01",6993
"ruanwi01",6994
"felicpe01",6995
"sneades01",6996
"hodgetr01",6997
"vanhean01",6998
"sanchfr01",6999
"hancojo01",7000
"cashke01",7001
"wiggisc01",7002
"bechlst01",7003
"rogered01",7004
"davisjj01",7005
"alvarto01",7006
"rushfji01",7007
"lunsftr01",7008
"graboja01",7010
"mckayco01",7011
"florejo01",7012
"shielja01",7013
"roberna01",7014
"infanom01",7016
"eckener01",7017
"germafr01",7018
"louxsh01",7019
"tayloaa01",7021
"allenlu01",7022
"jungeer01",7023
"carroja01",7024
"tallebr01",7027
"olivomi01",7028
"duboser01",7030
"kozlobe01",7031
"searsto01",7033
"vanceco01",7034
"obermwe01",7036
"dawlejo01",7037
"prattan01",7038
"wathadu01",7039
"wrighro02",5941
"pattejo02",6405
"nunezab02",6625
"stranpa02",6859
"crawfca02",6870
"sosajo02",6885
"garcilu02",6890
"torrean02",6901
"izquiha02",6912
"snellch02",6937
"clarkho02",6962
"roberje02",6991
"hillje02",7015
"davisja02",7020
"leecl02",7026
"hernaru03",6963
"stephjo03",6971
"rodriri03",6985
"hallbi03",6992
"rodrifr03",7029
"ryanmi03",7032
"smithmi06",6918
"ohmeke01",7117
"millema02",7167
"contrjo01",7043
"mannida01",7197
"glavimi01",7243
"manonju01",7153
"budzima01",7203
"depasjo01",7204
"schmabr01",7217
"phelpto01",7111
"santofr01",7161
"randost01",7113
"matsuhi01",7042
"sweenbr01",7211
"mendeca01",7141
"blandna01",7131
"calerki01",7115
"ojedami01",7139
"mouncto01",7157
"lopezaq01",7098
"betanra01",6146
"chambji01",6147
"kooncgr01",7248
"randasc01",6399
"johnsga01",7126
"porteco01",7147
"hebsobr01",7173
"roachja01",7158
"ramirer01",7128
"prietal01",7185
"bumpna01",7169
"crosbbu01",7146
"fordle01",7061
"gearyge01",7219
"gilfija01",7138
"calloro01",7109
"nakammi01",7152
"loopeaa01",7202
"cerroju01",7242
"hartbo01",7162
"jonesja04",7191
"walrole01",7155
"jonesgr01",7196
"edwarmi02",7247
"johnsro06",7096
"johnsre02",7118
"milesaa01",7228
"almoned01",7175
"sorenza01",7148
"matrada01",7130
"stanfja01",7174
"zoccope01",7238
"putzjj01",7205
"quinlro01",7192
"carradj01",7088
"gregoto01",7230
"hammoro01",7116
"deagoro01",7134
"spurlch01",7090
"lopezja02",7079
"whitema03",7082
"adkinjo01",7210
"snydeky01",7122
"gerutjo01",6634
"ramosma01",6854
"valdeca02",7164
"rosarro01",7160
"journji01",6868
"ayalalu01",7080
"laforpe01",7229
"malasma01",7182
"mearsch01",7171
"reyesre01",7187
"diazma02",7184
"hessmmi01",7214
"neumi01",7094
"katama01",7159
"gallomi01",7168
"griffje01",7150
"brunter01",7166
"ellisja01",7135
"gonzami02",7207
"chapmtr01",7085
"riverca01",7165
"stensde01",6410
"vargacl01",7125
"greggke01",7206
"ferraan01",7154
"stronja01",7236
"hernami01",7224
"capuach01",7132
"welleto01",7136
"smithst02",7170
"bayja01",7143
"bootcch01",7239
"grabojo02",7246
"watsoma02",7244
"depaujo01",7068
"heilmaa01",7065
"hummeti01",6850
"stewajo02",7107
"duncaje01",7140
"utleych01",7072
"chulkvi01",7076
"garciro01",7120
"niekrla01",7234
"colyest01",7114
"barmecl01",7231
"hillko01",7059
"sardida01",6826
"clausbr01",6861
"webbbr01",7121
"anderja01",7110
"valvejo01",7151
"quinthu01",7235
"switzjo01",7200
"redmapr01",7181
"sandeda01",7124
"trabebi01",6860
"goodan01",7119
"youngja01",7137
"greenkh01",7233
"housejr01",6865
"lairdge01",7129
"ramirho01",6889
"morbajo01",7093
"atkinga01",7145
"keltoda01",6848
"dejesda01",7232
"valenjo04",7051
"roneyma01",7102
"crosbbo01",7223
"martilu01",7194
"perezan01",7105
"nivarra01",7195
"cottsne01",7209
"teixema01",6788
"garcida03",7227
"woodmi01",7216
"corcoro01",7193
"terrelu01",7177
"dominju01",7208
"belisma01",7240
"lindeto01",7075
"foppeje01",7074
"correke01",7178
"madsory01",7071
"harenda01",7172
"lowryno01",7226
"nixla01",7176
"gomesjo01",7245
"victosh01",7104
"halljo03",7198
"rossco01",7053
"ledezwi01",7086
"machaan01",7070
"waechdo01",7218
"mccluse01",7108
"mitrese01",7186
"bowenro01",7215
"fordma01",7092
"morneju01",7063
"olmedra01",7142
"tsaoch01",7190
"gobblji01",7201
"sanchfe01",7222
"baldero01",7025
"cruzen01",7091
"villaos01",7112
"harderi01",7180
"willije01",6873
"willido03",7133
"cordech01",7221
"peraljh01",7156
"wagnery01",7183
"weeksri01",7213
"bondeje01",7106
"gonzaed01",7149
"gaudich01",7199
"cabremi01",7163
"reyesjo01",7066
"jacksed01",7241
"brownja04",6587
"adamsmi03",7332
"reedje03",7284
"johnsmi03",7303
"youngch03",7412
"wrighda03",7382
"willijo03",7373
"rodried03",7342
"guerrma02",7355
"mcdonda02",6641
"thompri02",7260
"narrosa02",7390
"jacobbu02",7378
"knottjo02",7341
"mcconsa02",7366
"peterad02",7363
"meyerda02",7426
"snydech02",7409
"castrra02",7362
"gonzalu02",7258
"castijo02",7302
"bautijo02",7264
"hillsh01",7350
"francje01",7383
"crainje01",7279
"pondsi01",7309
"tadanka01",7316
"matsuka01",7250
"clossjd01",7274
"hollima01",7311
"robbija01",7462
"floydga01",7297
"nageocl01",7298
"majewva01",7407
"kroegjo01",7422
"watkist01",7408
"kubelja01",7425
"daiglca01",7305
"benneje01",7263
"kazmisc01",7292
"aguilch01",7367
"kotchca01",7293
"bartocl01",7329
"phillan01",7404
"sizemgr01",7256
"gonzaad01",7054
"horgajo01",7354
"leicejo01",7220
"szumija01",7273
"frasoja01",7310
"willira01",7453
"dohmasc01",7330
"hawpebr01",7322
"bellhe01",7418
"piedrjo01",7400
"serraji01",7397
"greinza01",7257
"riosal01",7254
"quallch01",7381
"mcleama01",7416
"dominan01",7339
"churcry01",7415
"saenzch01",7315
"gettiby01",7340
"burnese01",7073
"madribo01",7385
"crozier01",7430
"hendrbe01",7060
"gathrjo01",7348
"buckjo01",7056
"durbijd01",7299
"denneky01",7432
"dobbsgr01",7439
"murphdo01",7459
"huismju01",7317
"bajenje01",7444
"swishni01",7435
"bartlja01",7388
"pascuva01",7189
"germaju01",7334
"freemch01",7052
"rosemi01",7456
"brazecr01",7288
"wuertmi01",7306
"aardsda01",7307
"uptonbj01",7333
"tiffete01",7434
"mauerjo01",7062
"snellia01",7411
"brunebr01",7324
"gissech01",7413
"krynzda01",7441
"leagubr01",7464
"majewga01",7099
"hartco01",7336
"marsosa01",7376
"loeka01",7465
"cormila01",7359
"howarry01",7437
"erickma01",7377
"phillpa01",7446
"burkech01",7057
"seibeph01",7312
"simpsal01",7331
"atchisc01",7391
"youklke01",7049
"mainejo01",7386
"hughetr01",7466
"loganno01",7384
"sherrge01",7379
"grossga01",7077
"hairssc01",7046
"dinarle01",7268
"thomach01",7364
"webbjo01",7393
"sheltch01",7259
"duboija01",7100
"hennebr01",7399
"treanma01",7344
"bushda01",7371
"harribr01",7372
"kensilo01",7449
"mcpheda01",7353
"dunnsc01",7443
"halsebr01",7356
"snarery01",7249
"lehrju01",7357
"tonismi01",7360
"larocad01",7253
"brookfr01",7262
"gramaal01",7314
"leoneju01",7370
"regilni01",7374
"guthrje01",7040
"alfarja01",7450
"devordo01",7320
"grandcu01",7455
"sledgte01",7188
"blantjo01",7461
"alvarab01",7387
"bentzch01",7308
"vanbejo01",7286
"raburry01",7454
"greenan01",7352
"rakeraa01",7447
"campsh01",7304
"lopezmi01",7448
"olsonti01",7343
"labanjo01",7460
"proctsc01",7237
"dallibr01",7318
"adamsru01",7429
"calica01",7445
"yatesty01",6909
"greenni01",6888
"keppije01",7414
"bergmdu01",7349
"henslma01",7323
"goslimi01",7045
"thornma01",7212
"tracych01",7047
"diazfe01",7326
"lunahe01",7084
"urdanli01",7272
"takatsh01",7255
"cantujo01",7380
"gilje01",7417
"crucefr01",7431
"guzmafr01",7405
"aquingr01",7361
"munozar01",7358
"izturma01",7420
"garcija01",7401
"blancan01",7313
"novoaro01",7389
"valdewi01",7421
"riverre01",7458
"navardi01",7276
"ramirel01",7337
"martian01",7335
"chacigu01",7463
"quirogu01",7275
"rosajo01",7281
"blacktr01",7369
"cabreda01",7325
"taverwi01",7269
"gotayru01",7396
"diazvi01",7452
"capeljo01",7423
"gracefr01",7319
"padilju01",7375
"molinya01",7345
"otsukak01",7252
"vasqujo01",7402
"lopezjo01",7392
"cabrefe01",7406
"valdeme01",7394
"villaed01",7321
"fortuba01",7368
"liriape01",7419
"colonro01",7410
"baekch01",7398
"francfr01",7327
"nunezfr01",7403
"bautide01",7338
"brazoyh01",7395
"knoedju01",7451
"hietpjo01",7457
"bakerje03",7041
"wainwad01",7048
"thompde01",7083
"pauliro01",7089
"koronjo01",7095
"mcdouma01",7097
"hamulti01",7251
"beanco01",7271
"calzana01",7277
"encared01",7278
"hardyjj01",7283
"jenksbo01",7285
"fieldpr01",7290
"martean01",7291
"mcgowdu01",7294
"mathije01",7296
"sullico01",7346
"teahema01",7365
"orrpe01",7424
"fontemi01",7427
"youngwa01",7428
"johnsda06",7436
"shabaad01",7438
"galljo01",7440
"streehu01",7468
"siscoan01",7470
"godwity01",7471
"carvama01",7472
"johnsty01",7475
"houltdj01",7477
"sternad01",7478
"blancto01",7479
"kooda01",7480
"yabuke01",7482
"hillaa01",7483
"mccarbr01",7484
"jacksco01",7486
"hernafe02",7487
"ramirha01",7488
"anderbr03",7489
"hermije01",7492
"shoppke01",7493
"cainma01",7495
"canoro01",7497
"choosh01",7498
"staufti01",7500
"davieky01",7501
"wangch01",7502
"garkory01",7503
"liriafr01",7504
"iguchta01",7510
"betanyu01",7511
"dukeza01",7512
"mclouna01",7513
"coffeto01",7514
"bergowi01",7515
"astacez01",7516
"reyesan01",7518
"repkoja01",7519
"speiery01",7520
"scottlu01",7521
"woodsja01",7522
"schmost01",7523
"duffych01",7524
"nakamno01",7525
"gassnda01",7526
"cedenro02",7527
"burgoam01",7528
"ringro01",7529
"muntesc01",7530
"lopezpe01",7532
"bakersc02",7533
"accarje01",7534
"hennse01",7535
"thompbr01",7536
"tejedro01",7537
"sadlera01",7538
"meredcl01",7539
"robleos01",7540
"nunezle01",7541
"selfto01",7542
"reedke01",7543
"fioreje01",7544
"prietch01",7545
"burnsmi01",7546
"santaer01",7547
"campijo01",7548
"dillojo02",7549
"rodrilu01",7550
"penabr01",7551
"rodriwa01",7552
"peraljo01",7553
"bazaryo01",7554
"garabed01",7555
"stemlst01",7556
"pennha01",7557
"johnske05",7558
"orvelch01",7559
"costash01",7561
"morsemi01",7562
"giarrto01",7563
"doumiry01",7564
"willigl01",7566
"schumsk01",7567
"osorifr01",7568
"mccanbr01",7569
"shortri01",7570
"wilsocj01",7571
"howeljp01",7572
"taschja01",7573
"boyerbl01",7574
"shealry01",7575
"corcoti02",7576
"raych01",7577
"hillri01",7578
"florero01",7579
"meddebr01",7580
"huberju01",7581
"baylijo01",7582
"messera01",7583
"mcanupa01",7584
"olsensc01",7585
"shackbr01",7586
"johnsbe02",7587
"reeseke01",7588
"resopch01",7589
"verlaju01",7590
"whiteel03",7591
"cortefe01",7592
"hoopeke01",7593
"francje02",7594
"cabreme01",7595
"greenad01",7596
"murtoma01",7597
"spilbry01",7598
"vargaja01",7599
"evelada01",7600
"sandoda01",7601
"bottsja01",7602
"henslcl01",7604
"rodrijo03",7605
"ambrech01",7606
"mcbrima01",7608
"eldrebr01",7609
"breslcr01",7610
"delcama01",7612
"broxtjo01",7613
"papeljo01",7614
"quintom01",7615
"harrije02",7616
"britoeu01",7617
"jorgery01",7618
"watsobr01",7619
"freiral01",7620
"saundjo01",7621
"feldmsc01",7622
"jacobmi02",7623
"devinjo01",7624
"bulgeja01",7626
"zimmery01",7627
"jamesch03",7629
"machaal01",7632
"maholpa01",7636
"bergmja01",7637
"aybarwi01",7638
"volqued01",7639
"bynumfr01",7641
"chavean02",7643
"gutiefr01",7644
"castrbe01",7645
"oxsprch01",7646
"andinro01",7648
"kuoho01",7649
"lerewan01",7652
"nippedu01",7653
"ortmeda01",7654
"perezmi02",7655
"bookech01",7656
"rasneda01",7657
"duncach01",7658
"myrowbr01",7659
"griffjo01",7660
"marcush01",7661
"wilsojo03",7663
"ventomi01",7664
"denorch01",7665
"demarch01",7666
"bowyetr01",7667
"heintch01",7668
"johnsjo09",7669
"theriry01",7670
"rupejo01",7671
"furmajj01",7672
"bubelja01",7673
"clarkdo01",7674
"jimerch01",7675
"woodyma01",7676
"bullibr01",7677
"gorzeto01",7678
"cappsma01",7679
"hernaan01",7680
"cruzne02",7681
"esposmi01",7682
"sotoge01",7662
"abercre01",7713
"abreuwi01",6812
"alberma01",7820
"alfonel01",7787
"anderdr01",7892
"andrast01",7690
"ariasjo01",7880
"aybarer01",7744
"bannibr01",7703
"barfijo02",7295
"barnwch01",7803
"barryke01",7804
"barziph01",7791
"beamtj01",7797
"billich01",7705
"birkiku01",7752
"bohntj01",7843
"bonsebo01",7766
"bournmi01",7828
"braunry01",7856
"braybi01",7716
"brittch01",7729
"brownan01",7625
"brownje02",7759
"buchhta01",7517
"burrebr01",7651
"callaal01",7832
"campbbr02",7860
"cannian01",7872
"carmofa01",7603
"casilal01",7855
"castrfa01",7688
"chicktr01",7611
"childja01",7347
"clevlbr01",7827
"coatsbu01",7842
"colinal01",7891
"corpama01",7817
"costech01",7770
"davisra01",7835
"decasyu01",7769
"diazjo01",7878
"dortame01",7819
"drewst01",7560
"ethiean01",7710
"eyrewi01",7723
"faheybr01",7750
"feierry01",7887
"fieldjo02",7890
"frandke01",7749
"frutoem01",7763
"fulchje01",7800
"gabbaka01",7821
"garcijo01",7868
"garzama01",7823
"gimenhe01",7894
"gonzaen01",7778
"greense01",7751
"guzmaan01",7280
"guzmajo03",7633
"gwynnto02",7814
"haegech01",7758
"hamelco01",7509
"hammeja01",7709
"hampsju01",7886
"hannaja01",7774
"hansade01",7897
"harpebr02",7831
"hattijo01",7839
"hirshja01",7834
"hoeyja02",7844
"hoppeno01",7841
"huberjo01",7849
"humbeph01",7873
"iannech01",7845
"inglejo01",7802
"ishiktr01",7734
"jacksza01",7788
"janssca01",7748
"jimence01",7888
"johjike01",7687
"johnsji04",7825
"jonesad01",7812
"karstje01",7840
"kempma01",7780
"kendrho01",7746
"keppebo01",7775
"kinnejo01",7806
"kinslia01",7490
"kominsh01",7824
"kouzmke01",7864
"laraju01",7876
"lestejo01",7790
"lewisfr02",7854
"lindad01",7859
"littlwe01",7776
"livinbo01",7745
"loewead01",7144
"loganbo02",7715
"loneyja01",7725
"lowema01",7810
"lugoru01",7722
"mabeuch01",7266
"maiermi01",7899
"maldoca03",7883
"markani01",7707
"marmoca01",7789
"marshse01",7718
"martica03",7721
"martiru01",7628
"masseni01",7805
"mastnto01",7822
"mateoju02",7695
"mathisc01",7796
"meyerdr01",7735
"millean01",7847
"millela02",7706
"minerza01",7783
"mischpa01",7896
"monteag01",7761
"montemi01",7865
"mooresc02",7867
"moralke01",7481
"morilju01",7901
"moseldu01",7507
"moylape01",7728
"mujiced01",7801
"murphda07",7862
"murphto03",7755
"napolmi01",7754
"narvech01",7508
"navaros01",7889
"nelsojo02",7877
"neshepa01",7792
"nievefe01",7714
"nolasri01",7720
"oconnmi01",7747
"oflaher01",7837
"omallry01",7836
"owenshe01",7809
"owensje01",7846
"paganan01",7717
"pauleda01",7782
"pedrodu01",7631
"pelfrmi01",7807
"penato02",7731
"penato03",7818
"perezbe01",7861
"perezju01",7882
"perezra01",7736
"perkigl01",7711
"petityu01",7699
"pintore01",7496
"pradoma01",7737
"quentca01",7485
"rabejo01",7816
"rabelmi01",7895
"ramirra02",7730
"ramirsa01",7773
"reeder01",7702
"reyesjo02",7874
"rheinjo01",7741
"riggash01",7870
"riversa01",7733
"rlealse01",7719
"roberch02",7760
"roberry01",7826
"rogerbr01",7848
"romerda01",7838
"rosarfr01",7756
"rottivi01",7852
"rousemi01",7794
"ruizca01",7757
"ryuja01",7762
"sadlebi01",7893
"saitota01",7726
"salasju01",7871
"salazje01",7885
"sampsch01",7786
"sanchan02",7898
"sanchan01",7701
"sanchbr01",7781
"sanchjo01",7777
"santoch01",7815
"sarfade01",7853
"schroch01",7833
"sharpjo01",7830
"shielja02",7779
"slatedo01",7866
"slocubr01",7739
"smithma04",7732
"soleral01",7771
"sowerje01",7700
"stewach01",7857
"stockph01",7795
"stokebr01",7863
"stulter01",7869
"sweenry01",7858
"tanketa01",7785
"tatajo01",7724
"taubety01",7765
"thompke01",7784
"thompmi03",7764
"thormsc01",7798
"tracese01",7793
"tulowtr01",7850
"ugglada01",7692
"villaca01",7772
"weaveje02",7708
"willire03",7742
"wilsobr01",7743
"windsja01",7813
"youmash01",7884
"youngch04",7738
"youngde03",7467
"youngde04",7879
"zobribe01",7829
"zumayjo01",7630
"jimenub01",7900
"verasjo01",7799
