managerID,awardID,yearID,lgID,tie,notes
larusto01m,Mgr of the year,1983,AL,,
lasorto01m,Mgr of the year,1983,NL,,
andersp01m,Mgr of the year,1984,AL,,
freyji99m,Mgr of the year,1984,NL,,
coxbo01m,Mgr of the year,1985,AL,,
herzowh01m,Mgr of the year,1985,NL,,
mcnamjo99m,Mgr of the year,1986,AL,,
lanieha01m,Mgr of the year,1986,NL,,
andersp01m,Mgr of the year,1987,AL,,
rodgebu01m,Mgr of the year,1987,NL,,
larusto01m,Mgr of the year,1988,AL,,
lasorto01m,Mgr of the year,1988,NL,,
robinfr02m,Mgr of the year,1989,AL,,
zimmedo01m,Mgr of the year,1989,NL,,
torboje01m,Mgr of the year,1990,AL,,
leylaji99m,Mgr of the year,1990,NL,,
kellyto01m,Mgr of the year,1991,AL,,
coxbo01m,Mgr of the year,1991,NL,,
larusto01m,Mgr of the year,1992,AL,,
leylaji99m,Mgr of the year,1992,NL,,
lamonge01m,Mgr of the year,1993,AL,,
bakerdu01m,Mgr of the year,1993,NL,,
showabu99m,Mgr of the year,1994,AL,,
aloufe01m,Mgr of the year,1994,NL,,
pinielo01m,Mgr of the year,1995,AL,,
baylodo01m,Mgr of the year,1995,NL,,
oatesjo01m,Mgr of the year,1996,AL,Y,
torrejo01m,Mgr of the year,1996,AL,Y,
bochybr01m,Mgr of the year,1996,NL,,
johnsda02m,Mgr of the year,1997,AL,,
bakerdu01m,Mgr of the year,1997,NL,,
torrejo01m,Mgr of the year,1998,AL,,
dierkla01m,Mgr of the year,1998,NL,,
williji03m,Mgr of the year,1999,AL,,
mckeoja99m,Mgr of the year,1999,NL,,
manueje01m,Mgr of the year,2000,AL,,
bakerdu01m,Mgr of the year,2000,NL,,
pinielo01m,Mgr of the year,2001,AL,,
bowala01m,Mgr of the year,2001,NL,,
sciosmi01m,Mgr of the year,2002,AL,,
larusto01m,Mgr of the year,2002,NL,,
penato01m,Mgr of the year,2003,AL,,
mckeoja99m,Mgr of the year,2003,NL,,
showabu99m,Mgr of the year,2004,AL,,
coxbo01m,Mgr of the year,2004,NL,,
guilloz01m,Mgr of the year,2005,AL,,
coxbo01m,Mgr of the year,2005,NL,,
leylaji99m,Mgr of the year,2006,AL,,
girarjo01m,Mgr of the year,2006,NL,,
wedgeer01m,Mgr of the year,2007,AL,,
melvibo01m,Mgr of the year,2007,NL,,
maddojo99m,Mgr of the year,2008,AL,,
pinielo01m,Mgr of the year,2008,NL,,
sciosmi01m,Mgr of the year,2009,AL,,
tracyji01m,Mgr of the year,2009,NL,,
gardero01m,Mgr of the year,2010,AL,,
blackbu02m,Mgr of the year,2010,NL,,
maddojo99m,Mgr of the year,2011,AL,,
gibsoki01m,Mgr of the year,2011,NL,,
