"schoolID","schoolName","schoolCity","schoolState","schoolNick"
"abilchrist","Abilene Christian University","Abilene","TX","Wildcats"
"adelphi","Adelphi University","Garden City","NY","Panthers"
"adrianmi","Adrian College","Adrian","MI","Bulldogs"
"airforce","United States Air Force Academy","Colorado Springs","CO","Falcons"
"akron","University of Akron","Akron","OH","Zips"
"alabama","University of Alabama","Tuscaloosa","AL","Crimson Tide"
"alabamaam","Alabama A&M University","Normal","AL","Bulldogs"
"alabamast","Alabama State University","Montgomery","AL","Hornets"
"albany","University at Albany, State University of New York","Albany","NY","Great Danes"
"albanyst","Albany State University","Albany","GA","Golden Rams"
"albertsnid","Albertson College of Idaho","Caldwell","ID","Coyotes"
"albionmi","Albion College","Albion","MI","Britons"
"albrightpa","Albright College","Reading","PA","Lions"
"alcornst","Alcorn State University","Lorman","MS","Braves"
"allegheny","Allegheny College","Meadville","PA","Gators"
"almami","Alma College","Alma","MI","Scots"
"alverniapa","Alvernia College","Reading","PA","Crusaders"
"american","American University","Washington","DC","Eagles"
"amerintl","American International College","Springfield","MA","Yellow Jackets"
"amherstma","Amherst College","Amherst","MA","Lord Jeffs"
"andersonsc","Anderson College","Anderson","SC","Trojans"
"appalst","Appalachian State University","Boone","NC","Mountaineers"
"aquinasmi","Aquinas College","Grand Rapids","MI","Saints"
"arizona","University of Arizona","Tucson","AZ","Wildcats"
"arizonast","Arizona State University","Tempe","AZ","Sun Devils"
"arkansas","University of Arkansas","Fayetteville","AR","Razorbacks"
"arkansaslr","University of Arkansas at Little Rock","Little Rock","AR","Trojans"
"arkansaspb","University of Arkansas at Pine Bluff","Pine Bluff","AR","Golden Lions"
"arkansasst","Arkansas State University","Jonesboro","AR","Indians"
"arkmont","University of Arkansas-Monticello","Monticello","AR","Boll Weevils"
"arktech","Arkansas Tech University","Russellville","AR","Wonder Boys"
"armstratl","Armstrong Atlantic State University","Savannah","GA","Pirates"
"army","United States Military Academy","West Point","NY","Black Knights"
"ashland","Ashland University","Ashland","OH","Eagles"
"athensst","Athens State University","Athens","AL","Bears"
"auburn","Auburn University","Auburn","AL","Tigers"
"auburnmont","Auburn University at Montgomery","Montgomery","AL","Senators"
"augsburgmn","Augsburg College","Minneapolis","MN","Auggies"
"austincol","Austin College","Sherman","TX","Kangaroos"
"austinpeay","Austin Peay State University","Clarksville","TN","Governors"
"azusapac","Azusa Pacific University","Azusa","CA","Cougars"
"baconeok","Bacone College","Muskogee","OK","Warriors"
"bakerks","Baker University","Baldwin City","KS","Wildcats"
"baldwalloh","Baldwin-Wallace College","Berea","OH","Yellow Jackets"
"ballst","Ball State University","Muncie","IN","Cardinals"
"bartonnc","Barton College","Wilson","NC","Bulldogs"
"baruchcuny","Baruch College, The City University of New York","New York","NY","Bearcats"
"batesme","Bates College","Lewiston","ME","Bobcats"
"baylor","Baylor University","Waco","TX","Bears"
"belmont","Belmont University","Nashville","TN","Bruins"
"belmontab","Belmont Abbey College","Belmont","NC","Crusaders"
"beloitwi","Beloit College","Beloit","WI","Buccaneers"
"benedctnks","Benedictine College","Atchison","KS","Ravens"
"bethanywv","Bethany College","Bethany","WV","Bison"
"bethcook","Bethune-Cookman College","Daytona Beach","FL","Wildcats"
"betheltn","Bethel College","McKenzie","TN","Royals"
"biolaca","Biola University","La Mirada","CA","Eagles"
"birmsouth","Birmingham-Southern College","Birmingham","AL","Panthers"
"blackbrnil","Blackburn College","Carlinville","IL","Battlin' Beavers"
"bloomsburg","Bloomsburg University of Pennsylvania","Bloomsburg","PA","Huskies"
"bluefield","Bluefield College","Bluefield","VA","Rams"
"boisest","Boise State University","Boise","ID","Broncos"
"bostoncoll","Boston College","Chestnut Hill","MA","Eagles"
"bostonuniv","Boston University","Boston","MA","Terriers"
"bowdoinme","Bowdoin College","Brunswick","ME","Polar Bears"
"bowlgreen","Bowling Green State University","Bowling Green","OH","Falcons"
"bradley","Bradley University","Peoria","IL","Braves"
"brandeisma","Brandeis University","Waltham","MA","Judges"
"brdgwatrva","Bridgewater College","Bridgewater","VA","Eagles"
"brewparker","Brewton-Parker College","Mount Vernon","GA","Barons"
"bridgeport","University of Bridgeport","Bridgeport","CT","Purple Knights"
"bridgwtrst","Bridgewater State College","Bridgewater","MA","Bears"
"brklyncuny","Brooklyn College, The City University of New York","Brooklyn","NY","Bridges"
"brown","Brown University","Providence","RI","Bears"
"bryant","Bryant College","Smithfield","RI","Bulldogs"
"bucknell","Bucknell University","Lewisburg","PA","Bison"
"buenavista","Buena Vista University","Storm Lake","IA","Beavers"
"buffalost","State University College at Buffalo","Buffalo","NY","Bengals"
"butler","Butler University","Indianapolis","IN","Bulldogs"
"byu","Brigham Young University","Provo","UT","Cougars"
"california","University of California","Berkeley","CA","Golden Bears"
"calipa","California University of Pennsylvania","California","PA","Vulcans"
"calpoly","California State Polytechnic University, San Luis Obispo","San Luis Obispo","CA","Mustangs"
"calpolypom","California State Polytechnic University-Pomona","Pomona","CA","Broncos"
"calstfull","California State University, Fullerton","Fullerton","CA","Titans"
"calstla","California State University, Los Angeles","Los Angeles","CA","Golden Eagles"
"calstnorth","California State University, Northridge","Northridge","CA","Matadors"
"calutheran","California Lutheran University","Thousand Oaks","CA","Kingsmen"
"cameronok","Cameron University","Lawton","OK","Aggies"
"campbell","Campbell University","Buies Creek","NC","Camels"
"canisius","Canisius College","Buffalo","NY","Griffs"
"carkansas","University of Central Arkansas","Conway","AR","Bears"
"carsnewm","Carson-Newman College","Jefferson City","TN","Eagles"
"carthagewi","Carthage College","Kenosha","WI","Redmen"
"casewestrn","Case Western Reserve University","Cleveland","OH","Spartans"
"catawba","Catawba College","Salisbury","NC","Indians"
"catholic","Catholic University of America","Washington","DC","Cardinals"
"cconnst","Central Connecticut State University","New Britain","CT","Blue Devils"
"ccri","Community College of Rhode Island","Warwick","RI","Knights"
"centenary","Centenary College of Louisiana","Shreveport","LA","Gentlemen"
"centok","University of Central Oklahoma","Edmond","OK","Bronchos"
"centralst","Central State University","Wilberforce","OH","Marauders"
"centreky","Centre College","Danville","KY","Colonels"
"cflorida","University of Central Florida","Orlando","FL","Golden Knights"
"chapmanca","Chapman University","Orange","CA","Panthers"
"charleston","College of Charleston","Charleston","SC","Cougars"
"charleswv","University of Charleston","Charleston","WV","Golden Eagles"
"charlotte","University of North Carolina at Charlotte","Charlotte","NC","49ers"
"charlsouth","Charleston Southern University","Charleston","SC","Buccaneers"
"chicago","University of Chicago","Chicago","IL","Maroons"
"chicagost","Chicago State University","Chicago","IL","Cougars"
"chicost","California State University, Chico","Chico","CA","Wildcats"
"cincy","University of Cincinnati","Cincinnati","OH","Bearcats"
"citadel","The Citadel","Charleston","SC","Bulldogs"
"clarion","Clarion University of Pennsylvania","Clarion","PA","Golden Eagles"
"clarksonny","Clarkson University","Potsdam","NY","Knights"
"clemson","Clemson University","Clemson","SC","Tigers"
"clevst","Cleveland State University","Cleveland","OH","Vikings"
"clrmuddscr","Claremont McKenna College","Claremont","CA","Stags"
"cmichigan","Central Michigan University","Mount Pleasant","MI","Chippewas"
"cmissouri","Central Missouri State University","Warrensburg","MO","Mules"
"cncrdiacol","Concordia College","Moorhead","MN","Cobbers"
"coastcar","Coastal Carolina University","Conway","SC","Chanticleers"
"colbyme","Colby College","Waterville","ME","Mules"
"colgate","Colgate University","Hamilton","NY","Raiders"
"colocollege","Colorado College","Colorado Springs","CO","Tigers"
"colorado","University of Colorado","Boulder","CO","Buffaloes"
"coloradost","Colorado State University","Fort Collins","CO","Rams"
"columbia","Columbia University","New York","NY","Lions"
"concordny","Concordia College","Bronxville","NY","Clippers"
"concrdiamn","Concordia University","Saint Paul","MN","Golden Bears"
"concrdiatx","Concordia University at Austin","Austin","TX","Tornados"
"coppinst","Coppin State College","Baltimore","MD","Eagles"
"cornell","Cornell University","Ithaca","NY","Big Red"
"cornellia","Cornell College","Mount Vernon","IA","Rams"
"crdstritch","Cardinal Stritch University","Milwaukee","WI","Wolves"
"creighton","Creighton University","Omaha","NE","Bluejays"
"crngmellon","Carnegie Mellon University","Pittsburgh","PA","Tartans"
"csdomhills","California State University, Dominguez Hills","Carson","CA","Toros"
"cshayward","California State University, Hayward","Hayward","CA","Pioneers"
"csstanisl","California State University, Stanislaus","Turlock","CA","Warriors"
"cumbrlndtn","Cumberland University","Lebanon","TN","Bulldogs"
"cwashngton","Central Washington University","Ellensburg","WA","Wildcats"
"cwpost","Long Island University, C.W, Post Campus","Brookville","NY","Pioneers"
"dallasbapt","Dallas Baptist University","Dallas","TX","Patriots"
"dartmouth","Dartmouth College","Hanover","NH","Big Green"
"davidson","Davidson College","Davidson","NC","Wildcats"
"daviselkins","Davis and Elkins College","Elkins","WV","Senators"
"dayton","University of Dayton","Dayton","OH","Flyers"
"delaware","University of Delaware","Newark","DE","Blue Hens"
"delawarest","Delaware State University","Dover","DE","Hornets"
"deltast","Delta State University","Cleveland","MS","Statesmen"
"denisonoh","Denison University","Granville","OH","Big Red"
"denver","University of Denver","Denver","CO","Pioneers"
"depaul","DePaul University","Chicago","IL","Blue Demons"
"depauwin","DePauw University","Greencastle","IN","Tigers"
"detroit","University of Detroit Mercy","Detroit","MI","Titans"
"dickinson","Dickinson College","Carlisle","PA","Red Devils"
"dominican","Dominican College","Orangeburg","NY","Chargers"
"drake","Drake University","Des Moines","IA","Bulldogs"
"drexel","Drexel University","Philadelphia","PA","Dragons"
"dubuque","University of Dubuque","Dubuque","IA","Spartans"
"duke","Duke University","Durham","NC","Blue Devils"
"duquesne","Duquesne University","Pittsburgh","PA","Dukes"
"ecarolina","East Carolina University","Greenville","NC","Pirates"
"ecentralok","East Central University","Ada","OK","Tigers"
"eckerd","Eckerd College","Saint Petersburg","FL","Tritons"
"econnst","Eastern Connecticut State University","Willimantic","CT","Warriors"
"edinboro","Edinboro University of Pennsylvania","Edinboro","PA","Fighting Scots"
"eillinois","Eastern Illinois University","Charleston","IL","Panthers"
"ekentucky","Eastern Kentucky University","Richmond","KY","Colonels"
"elizbthtwn","Elizabethtown College","Elizabethtown","PA","Blue Jays"
"elon","Elon University","Elon","NC","Phoenix"
"emichigan","Eastern Michigan University","Ypsilanti","MI","Eagles"
"emoryga","Emory University","Atlanta","GA","Eagles"
"emoryhenry","Emory & Henry College","Emory","VA","Wasps"
"emporiast","Emporia State University","Emporia","KS","Hornets"
"erskine","Erskine College","Due West","SC","Flying Fleet"
"estroud","East Stroudsburg University of Pennsylvania","East Stroudsburg","PA","Warriors"
"etennst","East Tennessee State University","Johnson City","TN","Buccaneers"
"etxbaptist","East Texas Baptist University","Marshall","TX","Tigers"
"eurekail","Eureka College","Eureka","IL","Red Devils"
"eutah","College of Eastern Utah","Price","UT","Golden Eagles"
"evansville","University of Evansville","Evansville","IN","Purple Aces"
"ewashington","Eastern Washington University","Cheney","WA","Eagles"
"fairfield","Fairfield University","Fairfield","CT","Stags"
"fairldick","Fairleigh Dickinson University","Teaneck","NJ","Knights"
"fayetvilst","Fayetteville State University","Fayetteville","NC","Broncos"
"ferrisst","Ferris State University","Big Rapids","MI","Bulldogs"
"ferrumva","Ferrum College","Ferrum","VA","Panthers"
"flagler","Flagler College","St. Augustine","FL","Saints"
"flatlantic","Florida Atlantic University","Boca Raton","FL","Owls"
"flbarry","Barry University","Miami Shores","FL","Buccaneers"
"flinternat","Florida International University","Miami","FL","Golden Panthers"
"florida","University of Florida","Gainesville","FL","Gators"
"floridaam","Florida Agricultural and Mechanical University","Tallahassee","FL","Rattlers"
"floridast","Florida State University","Tallahassee","FL","Seminoles"
"flsouthern","Florida Southern College","Lakeland","FL","Moccasins"
"fltech","Florida Institute of Technology","Melbourne","FL","Panthers"
"fordham","Fordham University","Bronx","NY","Rams"
"forthays","Fort Hays State University","Hays","KS","Tigers"
"franklinin","Franklin College","Franklin","IN","Grizzlies"
"frankmarsh","Franklin & Marshall College","Lancaster","PA","Diplomats"
"freedhrdmn","Freed-Hardeman University","Henderson","TN","Lions"
"fresnost","California State University, Fresno","Fresno","CA","Bulldogs"
"friendsks","Friends University","Wichita","KS","Falcons"
"furman","Furman University","Greenville","SC","Paladins"
"gacollege","Georgia College and State University","Milledgeville","GA","Bobcats"
"gallaudet","Gallaudet University","Washington","DC","Bison"
"gannon","Gannon University","Erie","PA","Golden Knights"
"gardwebb","Gardner-Webb University","Boiling Springs","NC","Bulldogs"
"gaswestern","Georgia Southwestern State University","Americus","GA","Hurricanes"
"gatech","Georgia Institute of Technology","Atlanta","GA","Yellow Jackets"
"genevapa","Geneva College","Beaver Falls","PA","Golden Tornadoes"
"georgefox","George Fox University","Newberg","OR","Bruins"
"georgemas","George Mason University","Fairfax","VA","Patriots"
"georgetown","Georgetown University","Washington","DC","Hoyas"
"georgewash","George Washington University","Washington","DC","Colonials"
"georgia","University of Georgia","Athens","GA","Bulldogs"
"georgiasou","Georgia Southern University","Statesboro","GA","Eagles"
"georgiast","Georgia State University","Atlanta","GA","Panthers"
"georgtwnky","Georgetown College","Georgetown","KY","Tigers"
"gettysburg","Gettysburg College","Gettysburg","PA","Bullets"
"glenvilst","Glenville State College","Glenville","WV","Pioneers"
"gonzaga","Gonzaga University","Spokane","WA","Bulldogs"
"grambling","Grambling State University","Grambling","LA","Tigers"
"grandview","Grand View College","Des Moines","IA","Vikings"
"grcanyon","Grand Canyon University","Phoenix","AZ","Antelopes"
"grinnellia","Grinnell College","Grinnell","IA","Pioneers"
"grossmont","Grossmont College","El Cajon","CA",
"grovecity","Grove City College","Grove City","PA","Wolverines"
"grvalleyst","Grand Valley State University","Allendale","MI","Lakers"
"guilfordnc","Guilford College","Greensboro","NC","Quakers"
"hamlinemn","Hamline University","St. Paul","MN","Pipers"
"hampsydney","Hampden-Sydney College","Hampden-Sydney","VA","Tigers"
"hampton","Hampton University","Hampton","VA","Pirates"
"harding","Harding University","Searcy","AR","Bison"
"hardinsimm","Hardin-Simmons University","Abilene","TX","Cowboys"
"hartford","University of Hartford","Hartford","CT","Hawks"
"hartwickny","Hartwick College","Oneonta","NY","Hawks"
"harvard","Harvard University","Cambridge","MA","Crimson"
"haskellks","Haskell Indian Nations University","Lawrence","KS","Indians"
"hawaii","University of Hawai'i at Manoa","Honolulu","HI","Rainbows"
"hawaiihilo","University of Hawaii at Hilo","Hilo","HI","Vulcans"
"hawaiipac","Hawai'i Pacific University","Honolulu","HI","Sea Warriors"
"heidelberg","Heidelberg College","Tiffin","OH","Princes"
"hendrixar","Hendrix College","Conway","AR","Warriors"
"hendrsonst","Henderson State University","Arkadelphia","AR","Reddies"
"highpoint","High Point University","High Point","NC","Panthers"
"hillsdale","Hillsdale College","Hillsdale","MI","Chargers"
"hiramoh","Hiram College","Hiram","OH","Terriers"
"hobartny","Hobart and William Smith Colleges","Geneva","NY","Statesmen"
"hofstra","Hofstra University","Hempstead","NY","Pride"
"holycross","College of the Holy Cross","Worcester","MA","Crusaders"
"hopemi","Hope College","Holland","MI","Flying Dutchmen"
"houstnbapt","Houston Baptist University","Houston","TX","Huskies"
"houston","University of Houston","Houston","TX","Cougars"
"howard","Howard University","Washington","DC","Bison"
"howrdpayne","Howard Payne University","Brownwood","TX","Yellow Jackets"
"humboldtst","Humboldt State University","Arcata","CA","Lumberjacks"
"huntercuny","Hunter College, The City University of New York","New York","NY","Hawks"
"iawesleyan","Iowa Wesleyan College","Mount Pleasant","IA","Tigers"
"idaho","University of Idaho","Moscow","ID","Vandals"
"idahost","Idaho State University","Pocatello","ID","Bengals"
"ilcollege","Illinois College","Jacksonville","IL","Blueboys"
"illchicago","University of Illinois at Chicago","Chicago","IL","Flames"
"illinois","University of Illinois at Urbana-Champaign","Champaign","IL","Fighting Illini"
"illinoisst","Illinois State University","Normal","IL","Redbirds"
"ilwesleyan","Illinois Wesleyan University","Bloomington","IL","Titans"
"inbethel","Bethel College","Mishawaka","IN","Pilots"
"indiana","Indiana University","Bloomington","IN","Hoosiers"
"indianapa","Indiana University of Pennsylvania","Indiana","PA","Indians"
"indianast","Indiana State University","Terre Haute","IN","Sycamores"
"indpolis","University of Indianapolis","Indianapolis","IN","Greyhounds"
"iona","Iona College","New Rochelle","NY","Gaels"
"iowa","University of Iowa","Iowa City","IA","Hawkeyes"
"iowast","Iowa State University","Ames","IA","Cyclones"
"ithacany","Ithaca College","Ithaca","NY","Bombers"
"iupufw","Indiana University-Purdue University Fort Wayne","Fort Wayne","IN","Mastodons"
"iupui","Indiana University-Purdue University Indianapolis","Indianapolis","IN","Jaguars"
"jacksonst","Jackson State University","Jackson","MS","Tigers"
"jacksonvil","Jacksonville University","Jacksonville","FL","Dolphins"
"jamesmad","James Madison University","Harrisonburg","VA","Dukes"
"jksonvilst","Jacksonville State University","Jacksonville","AL","Gamecocks"
"johnbrwnar","John Brown University","Siloam Springs","AR","Golden Eagles"
"johnshpkns","Johns Hopkins University","Baltimore","MD","Blue Jays"
"juniatapa","Juniata College","Huntingdon","PA","Eagles"
"kalamazoo","Kalamazoo College","Kalamazoo","MI","Hornets"
"kansas","University of Kansas","Lawrence","KS","Jayhawks"
"kansasst","Kansas State University","Manhattan","KS","Wildcats"
"keenest","Keene State College","Keene","NH","Owls"
"kennesawst","Kennesaw State University","Kennesaw","GA","Owls"
"kentst","Kent State University","Kent","OH","Golden Flashes"
"kentucky","University of Kentucky","Lexington","KY","Wildcats"
"kentuckyst","Kentucky State University","Frankfort","KY","Thorobreds"
"kenyonoh","Kenyon College","Gambier","OH","Lords"
"knoxil","Knox College (and Lombard College)","Galesburg","IL","Prairie Fire"
"kutztown","Kutztown University of Pennsylvania","Kutztown","PA","Golden Bears"
"kywesleyan","Kentucky Wesleyan College","Owensboro","KY","Panthers"
"lacollege","Louisiana College","Pineville","LA","Wildcats"
"lafayette","Lafayette College","Easton","PA","Leopards"
"lakeforest","Lake Forest College","Lake Forest","IL","Foresters"
"lamar","Lamar University","Beaumont","TX","Cardinals"
"lambuthtn","Lambuth University","Jackson","TN","Eagles"
"lanecol","Lane College","Jackson","TN","Dragons"
"lasalle","LaSalle University","Philadelphia","PA","Explorers"
"latech","Louisiana Tech University","Ruston","LA","Bulldogs"
"laverneca","University of La Verne","La Verne","CA","Leopards"
"lebvalley","Lebanon Valley College","Annville","PA","Flying Dutchmen"
"lee","Lee University","Cleveland","TN","Flames"
"lehigh","Lehigh University","Bethlehem","PA","Mountain Hawks"
"lemoyne","LeMoyne College","Syracuse","NY","Dolphins"
"lemoynowen","LeMoyne-Owen College","Memphis","TN","Magicians"
"lenoirrhyn","Lenoir-Rhyne College","Hickory","NC","Bears"
"lewclarkor","Lewis & Clark College","Portland","OR","Pioneers"
"lewclarkst","Lewis-Clark State College","Lewiston","ID","Warriors"
"lewisil","Lewis University","Romeoville","IL","Flyers"
"liberty","Liberty University","Lynchburg","VA","Flames"
"lincolnmem","Lincoln Memorial University","Harrogate","TN","Railsplitters"
"lincolnmo","Lincoln University of Missouri","Jefferson City","MO","Blue Tigers"
"linfieldor","Linfield College","McMinnville","OR","Wildcats"
"lipscomb","Lipscomb University","Nashville","TN","Bisons"
"lockhaven","Lock Haven University of Pennsylvania","Lock Haven","PA","Bald Eagles"
"longbeach","California State University, Long Beach","Long Beach","CA","49ers"
"longisland","Long Island University, Brooklyn Campus","Brooklyn","NY","Blackbirds"
"longwoodva","Longwood University","Farmville","VA","Lancers"
"lorasia","Loras College","Dubuque","IA","Duhawks"
"louisville","University of Louisville","Louisville","KY","Cardinals"
"loyolachi","Loyola University of Chicago","Chicago","IL","Ramblers"
"loyolamary","Loyola Marymount University","Los Angeles","CA","Lions"
"loyolamd","Loyola College in Maryland","Baltimore","MD","Greyhounds"
"loyolano","Loyola University New Orleans","New Orleans","LA","Wolfpack"
"lsu","Louisiana State University","Baton Rouge","LA","Tigers"
"lubbchrist","Lubbock Christian University","Lubbock","TX","Chaparrals"
"lutheria","Luther College","Decorah","IA","Norse"
"lycomingpa","Lycoming College","Williamsport","PA","Warriors"
"lynchbrgva","Lynchburg College","Lynchburg","VA","Hornets"
"macmurryil","MacMurray College","Jacksonville","IL","Highlanders"
"macollege","Massachusetts College of Liberal Arts","North Adams","MA","Trailblazers"
"maine","University of Maine","Orono","ME","Black Bears"
"manchester","Manchester College","North Manchester","IN","Spartans"
"manhattan","Manhattan College","Riverdale","NY","Jaspers"
"mankatost","Minnesota State University, Mankato","Mankato","MN","Mavericks"
"mansfield","Mansfield University of Pennsylvania","Mansfield","PA","Mountaineers"
"mariettaoh","Marietta College","Marietta","OH","Pioneers"
"marist","Marist College","Poughkeepsie","NY","Red Foxes"
"marquette","Marquette University","Milwaukee","WI","Golden Eagles"
"marshall","Marshall University","Huntington","WV","Thundering Herd"
"maryhrdbay","University of Mary Hardin-Baylor","Belton","TX","Crusaders"
"maryland","University of Maryland","College Park","MD","Terrapins"
"masslowell","University of Massachusetts Lowell","Lowell","MA","River Hawks"
"mastersca","The Master's College","Santa Clarita","CA","Mustangs"
"mcdaniel","McDaniel College","Westminster","MD","Green Terror"
"mcneese","McNeese State University","Lake Charles","LA","Cowboys"
"memphis","University of Memphis","Memphis","TN","Tigers"
"mercer","Mercer University","Macon","GA","Bears"
"mercyhurst","Mercyhurst College","Erie","PA","Lakers"
"mesast","Mesa State College","Grand Junction","CO","Mavericks"
"messiah","Messiah College","Grantham","PA","Falcons"
"miamifl","University of Miami","Coral Gables","FL","Hurricanes"
"miamioh","Miami University","Oxford","OH","Red Hawks"
"michigan","University of Michigan","Ann Arbor","MI","Wolverines"
"michiganst","Michigan State University","East Lansing","MI","Spartans"
"middlbryvt","Middlebury College","Middlebury","VT","Panthers"
"midlndluth","Midland Lutheran College","Fremont","NE","Warriors"
"millersvil","Millersville University of Pennsylvania","Millersville","PA","Marauders"
"milligantn","Milligan College","Milligan College","TN","Buffaloes"
"millikin","Millikin University","Decatur","IL","Big Blue"
"millsapsms","Millsaps College","Jackson","MS","Majors"
"minnesota","University of Minnesota","Minneapolis","MN","Golden Gophers"
"missouri","University of Missouri","Columbia","MO","Tigers"
"missst","Mississippi State University","Starkville","MS","Bulldogs"
"missvalley","Mississippi Valley State University","Itta Bena","MS","Delta Devils"
"mit","Massachusetts Institute of Technology","Cambridge","MA","Engineers"
"mnmorris","University of Minnesota, Morris","Morris","MN","Cougars"
"mntclairst","Montclair State University","Upper Montclair","NJ","Red Hawks"
"mobileal","University of Mobile","Mobile","AL","Rams"
"monmouth","Monmouth University","West Long Branch","NJ","Hawks"
"monroecc","Monroe Community College","Brighton","NY","Tribunes"
"montana","University of Montana-Missoula","Missoula","MT","Grizzlies"
"montanast","Montana State University","Bozeman","MT","Bobcats"
"montevallo","University of Montevallo","Montevallo","AL","Falcons"
"montreatnc","Montreat College","Montreat","NC","Cavaliers"
"morehead","Morehead State University","Morehead","KY","Eagles"
"morehouse","Morehouse College","Atlanta","GA","Maroon Tigers"
"morganst","Morgan State University","Baltimore","MD","Bears"
"morrbrown","Morris Brown College","Atlanta","GA","Wolverines"
"mosouthern","Missouri Southern State University-Joplin","Joplin","MO","Lions"
"movalley","Missouri Valley College","Marshall","MO","Vikings"
"mowestern","Missouri Western State College","Saint Joseph","MO","Griffons"
"mrningside","Morningside College","Sioux City","IA","Mustangs"
"mryvilletn","Maryville College","Maryville","TN","Fighting Scots"
"mscollege","Mississippi College","Clinton","MS","Choctaws"
"mtennst","Middle Tennessee State University","Murfreesboro","TN","Blue Raiders"
"mtolive","Mount Olive College","Mount Olive","NC","Trojans"
"mtstmarys","Mount St. Mary's College and Seminary","Emmitsburg","MD","Mountaineers"
"mtunionoh","Mount Union College","Alliance","OH","Raiders"
"mtvernnaz","Mount Vernon Nazarene University","Mount Vernon","OH","Cougars"
"muhlenberg","Muhlenberg College","Allentown","PA","Mules"
"murrayst","Murray State University","Murray","KY","Thoroughbreds"
"muskingum","Muskingum College","New Concord","OH","Fighting Muskies"
"nalabama","University of North Alabama","Florence","AL","Lions"
"narizona","Northern Arizona University","Flagstaff","AZ","Lumberjacks"
"navy","United States Naval Academy","Annapolis","MD","Midshipmen"
"ncat","North Carolina Agricultural and Technical State University","Greensboro","NC","Aggies"
"ncentralil","North Central College","Naperville","IL","Cardinals"
"ncolorado","University of Northern Colorado","Greeley","CO","Bears"
"ncstate","North Carolina State University","Raleigh","NC","Wolfpack"
"neastern","Northeastern University","Boston","MA","Huskies"
"nebellevue","Bellevue University","Bellevue","NE","Bruins"
"nebkearney","University of Nebraska at Kearney","Kearney","NE","Lopers"
"nebomaha","University of Nebraska at Omaha","Omaha","NE","Mavericks"
"nebraska","University of Nebraska","Lincoln","NE","Huskers"
"neillinois","Northeastern Illinois University","Chicago","IL",
"nevada","University of Nevada, Reno","Reno","NV","Wolfpack"
"newberry","Newberry College","Newberry","SC","Indians"
"newesleyan","Nebraska Wesleyan University","Lincoln","NE","Prairie Wolves"
"newhamp","University of New Hampshire","Durham","NH","Wildcats"
"newhaven","University of New Haven","New Haven","CT","Chargers"
"newyorku","New York University","New York","NY","Violets"
"nflorida","University of North Florida","Jacksonville","FL","Ospreys"
"niagara","Niagara University","Lewiston","NY","Purple Eagles"
"nicholls","Nicholls State University","Thibodeaux","LA","Colonels"
"nillinois","Northern Illinois University","DeKalb","IL","Huskies"
"niowa","University of Northern Iowa","Cedar Falls","IA","Panthers"
"njcity","New Jersey City University","Jersey City","NJ","Gothic Knights"
"nkentucky","Northern Kentucky University","Highland Heights","KY","Norse"
"nmexico","University of New Mexico","Albuquerque","NM","Lobos"
"nmhighland","New Mexico Highlands University","Las Vegas","NM","Cowboys"
"nmstate","New Mexico State University","Las Cruces","NM","Aggies"
"norfolkst","Norfolk State University","Norfolk","VA","Spartans"
"norleans","University of New Orleans","New Orleans","LA","Privateers"
"northwood","Northwood University","Midland","MI","Timberwolves"
"norwichvt","Norwich University","Northfield","VT","Cadets"
"notredame","University of Notre Dame","South Bend","IN","Fighting Irish"
"ntexas","University of North Texas","Denton","TX","Mean Green"
"nwestern","Northwestern University","Evanston","IL","Wildcats"
"nwmost","Northwest Missouri State University","Maryville","MO","Bearcats"
"nwokstate","Northwestern Oklahoma State University","Alva","OK","Rangers"
"nwstate","Northwestern State University of Louisiana","Natchitoches","LA","Demons"
"nycortland","State University of New York College at Cortland","Cortland","NY","Red Dragons"
"nyfredonia","State University of New York College at Fredonia","Fredonia","NY","Blue Devils"
"nyoneonta","State University College at Oneonta","Oneonta","NY","Red Dragons"
"nytech","New York Institute of Technology","Old Westbury","NY","Bears"
"oakland","Oakland University","Rochester","MI","Grizzlies"
"oberlinoh","Oberlin College","Oberlin","OH","Yeoman"
"occidental","Occidental College","Los Angeles","CA","Tigers"
"oglethrpga","Oglethorpe University","Atlanta","GA","Stormy Petrels"
"ohdominican","Ohio Dominican University","Columbus","OH","Panthers"
"ohio","Ohio University","Athens","OH","Bobcats"
"ohiost","Ohio State University","Columbus","OH","Buckeyes"
"ohvalley","Ohio Valley University","Vienna","WV","Fighting Scots"
"ohwesleyan","Ohio Wesleyan University","Delaware","OH","Battling Bishops"
"okcity","Oklahoma City University","Oklahoma City","OK","Stars"
"oklahoma","University of Oklahoma","Norman","OK","Sooners"
"okstate","Oklahoma State University","Stillwater","OK","Cowboys"
"olddom","Old Dominion University","Norfolk","VA","Monarchs"
"olemiss","University of Mississippi","Oxford","MS","Rebels"
"olivetmi","Olivet College","Olivet","MI","Comets"
"olivetnaz","Olivet Nazarene University","Bourbonnais","IL","Tigers"
"oralrob","Oral Roberts University","Tulsa","OK","Golden Eagles"
"oregon","University of Oregon","Eugene","OR","Ducks"
"oregonst","Oregon State University","Corvallis","OR","Beavers"
"otterbein","Otterbein College","Westerville","OH","Cardinals"
"ouachitab","Ouachita Baptist University","Arkadelphia","AR","Tigers"
"ozarks","University of the Ozarks","Clarksville","AR","Eagles"
"pace","Pace University","New York","NY","Setters"
"pacific","University of the Pacific","Stockton","CA","Tigers"
"pacificor","Pacific University","Forest Grove","OR","Boxers"
"pbsc","Palm Beach State College","Lake Worth","FL","Panthers"
"pennst","Pennsylvania State University","State College","PA","Nittany Lions"
"pepperdine","Pepperdine University","Malibu","CA","Waves"
"pfeiffer","Pfeiffer University","Misenheimer","NC","Falcons"
"philly","Philadelphia University","Philadelphia","PA","Rams"
"philsmith","Philander Smith College","Little Rock","AR","Panthers"
"piedmontga","Piedmont College","Demorest","GA","Lions"
"pittsbst","Pittsburg State University","Pittsburg","KS","Gorillas"
"pittsburgh","University of Pittsburgh","Pittsburgh","PA","Panthers"
"plymouth","Plymouth State University","Plymouth","NH","Panthers"
"pompitzer","Pomona College","Claremont","CA","Sagehens"
"portland","University of Portland","Portland","OR","Pilots"
"portlandst","Portland State University","Portland","OR","Vikings"
"prairview","Prairie View A&M University","Prairie View","TX","Panthers"
"presbytrn","Presbyterian College","Clinton","SC","Blue Hose"
"princeton","Princeton University","Princeton","NJ","Tigers"
"providence","Providence College","Providence","RI","Friars"
"psubehrend","Pennsylvania State University Erie, the Behrend College","Erie","PA","Lions"
"ptlomanaz","Point Loma Nazarene University","San Diego","CA","Sea Lions"
"ptparkpa","Point Park University","Pittsburgh","PA","Pioneers"
"pugetsound","University of Puget Sound","Tacoma","WA","Loggers"
"purdue","Purdue University","West Lafayette","IN","Boilermakers"
"quincy","Quincy University","Quincy","IL","Hawks"
"quinnipiac","Quinnipiac University","Hamden","CT","Bobcats"
"radford","Radford University","Radford","VA","Highlanders"
"ramaponj","Ramapo College of New Jersey","Mahwah","NJ","Roadrunners"
"randmacon","Randolph-Macon College","Ashland","VA","Yellow Jackets"
"rhodeisle","University of Rhode Island","Kingston","RI","Rams"
"rhodestn","Rhodes College","Memphis","TN","Lynx"
"ric","Rhode Island College","Providence","RI","Anchormen"
"rice","Rice University","Houston","TX","Owls"
"richmond","University of Richmond","Richmond","VA","Spiders"
"rider","Rider University","Lawrenceville","NJ","Broncs"
"riogrande","University of Rio Grande","Rio Grande","OH","Redmen"
"riponwi","Ripon College","Ripon","WI","Red Hawks"
"roanokeva","Roanoke College","Salem","VA","Maroons"
"robertmor","Robert Morris University","Moon Township","PA","Colonials"
"rockhurst","Rockhurst University","Kansas City","MO","Hawks"
"rollins","Rollins College","Winter Park","FL","Tars"
"rosehulman","Rose-Hulman Institute of Technology","Terre Haute","IN","Engineers"
"rowannj","Rowan University","Glassboro","NJ","Profs"
"rutgers","Rutgers University","New Brunswick","NJ","Scarlet Knights"
"sacheart","Sacred Heart University","Fairfield","CT","Pioneers"
"sacstate","California State University, Sacramento","Sacramento","CA","Hornets"
"saginawval","Saginaw Valley State University","University Center","MI","Cardinals"
"salabama","University of South Alabama","Mobile","AL","Jaguars"
"salemintl","Salem International University","Salem","WV","Tigers"
"samford","Samford University","Birmingham","AL","Bulldogs"
"samhouston","Sam Houston State University","Huntsville","TX","Bearkats"
"sandiego","University of San Diego","San Diego","CA","Toreros"
"sandiegost","San Diego State University","San Diego","CA","Aztecs"
"sanfran","University of San Francisco","San Francisco","CA","Dons"
"sanfranst","San Francisco State University","San Francisco","CA","Gators"
"sanjosest","San Jose State University","San Jose","CA","Spartans"
"santaclara","Santa Clara University","Santa Clara","CA","Broncos"
"sarkansas","Southern Arkansas University","Magnolia","AR","Muleriders"
"savcolad","Savannah College of Art and Design","Savannah","GA","Bees"
"savstate","Savannah State University","Savannah","GA","Tigers"
"scarolina","University of South Carolina","Columbia","SC","Gamecocks"
"schreiner","Schreiner University","Kerrville","TX","Mountaineers"
"scranton","University of Scranton","Scranton","PA","Royals"
"scstate","South Carolina State University","Orangeburg","SC","Bulldogs"
"sdakotast","South Dakota State University","Brookings","SD","Jackrabbits"
"sdcity","San Diego City College","San Diego","CA","Knights"
"seattle","Seattle University","Seattle","WA","Redhawks"
"sela","Southeastern Louisiana University","Hammond","LA","Lions"
"semost","Southeast Missouri State University","Cape Girardeau","MO","Red Hawks"
"seoklahoma","Southeastern Oklahoma State University","Durant","OK","Savages"
"setonhall","Seton Hall University","South Orange","NJ","Pirates"
"sfaustin","Stephen F. Austin State University","Nacogdoches","TX","Lumberjacks"
"sfcc","South Florida Community College","Avon Park","FL","Panthers"
"sflorida","University of South Florida","Tampa","FL","Bulls"
"sfloridacc","South Florida CC","Avon Park","FL",
"shaw","Shaw University","Raleigh","NC","Bears"
"shenandoah","Shenandoah University","Winchester","VA","Hornets"
"shepherdwv","Shepherd College","Shepherdstown","WV","Rams"
"shipnsburg","Shippensburg University of Pennsylvania","Shippensburg","PA","Red Raiders"
"shorterga","Shorter College","Rome","GA","Hawks"
"siena","Siena College","Loudonville","NY","Saints"
"silledward","Southern Illinois University Edwardsville","Edwardsville","IL","Cougars"
"sillinois","Southern Illinois University","Carbondale","IL","Salukis"
"sindiana","University of Southern Indiana","Evansville","IN","Screaming Eagles"
"sliprock","Slippery Rock University of Pennsylvania","Slippery Rock","PA","The Rock"
"smaine","University of Southern Maine","Gorham","ME","Huskies"
"smethodist","Southern Methodist University","Dallas","TX","Mustangs"
"smiss","University of Southern Mississippi","Hattiesburg","MS","Golden Eagles"
"sonomast","Sonoma State University","Rohnert Park","CA","Seawolves"
"southernu","Southern University and A&M College","Baton Rouge","LA","Jaguars"
"springhill","Spring Hill College","Mobile","AL","Badgers"
"sprngfldma","Springfield College","Springfield","MA","Pride"
"stambrseia","St. Ambrose University","Davenport","IA","Fighting Bees"
"stanford","Stanford University","Palo Alto","CA","Cardinal"
"stanselm","Saint Anselm College","Manchester","NH","Hawks"
"staugustne","Saint Augustine's College","Raleigh","NC","Falcons"
"stbonny","St. Bonaventure University","St. Bonaventure","NY","Bonnies"
"stcloudst","St. Cloud State University","Saint Cloud","MN","Huskies"
"stedwardtx","St. Edward's University","Austin","TX","Hilltoppers"
"sterlingks","Sterling University","Sterling","KS","Warriors"
"stetson","Stetson University","DeLand","FL","Hatters"
"stfranny","St. Francis College","Brooklyn Heights","NY","Terriers"
"stfranpa","Saint Francis University","Loretto","PA","Red Flash"
"stfrncisil","University of St. Francis","Joliet","IL","Fighting Saints"
"stjohns","St. John's University","Jamaica","NY","Red Storm"
"stjosephin","Saint Joseph's College","Renssalaer","IN","Pumas"
"stjosephs","Saint Joseph's University","Philadelphia","PA","Hawks"
"stlawrence","St. Lawrence University","Canton","NY","Saints"
"stleo","Saint Leo University","Saint Leo","FL","Lions"
"stlouis","Saint Louis University","Saint Louis","MO","Billikens"
"stmartinwa","Saint Martin's College","Lacey","WA","Saints"
"stmarysca","Saint Mary's College of California","Moraga","CA","Gaels"
"stmarysmn","Saint Mary's University of Minnesota","Winona","MN","Cardinals"
"stmarytx","St. Mary's University","San Antonio","TX","Rattlers"
"stmichaels","Saint Michael's College","Colchester","VT","Purple Knights"
"stonybrook","Stony Brook University","Stony Brook","NY","Seawolves"
"stpeters","Saint Peter's College","Jersey City","NJ","Peacocks"
"strose","College of Saint Rose","Albany","NY","Golden Knights"
"stthomasfl","St. Thomas University","Miami","FL","Bobcats"
"stthomasmn","University of St. Thomas","St. Paul","MN","Tommies"
"stxavieril","Saint Xavier University","Chicago","IL","Cougars"
"sulrossst","Sul Ross State University","Alpine","TX","Lobos"
"sunybing","State University of New York at Binghamton","Binghamton","NY","Bearcats"
"sunybuff","State University of New York at Buffalo","Buffalo","NY","Bulls"
"susquehnna","Susquehanna University","Selinsgrove","PA","Crusaders"
"sutah","Southern Utah University","Cedar City","UT","Thunderbirds"
"swarthmore","Swarthmore College","Swarthmore","PA","Garnet Tide"
"swesternks","Southwestern College","Winfield","KS","Moundbuilders"
"swesterntx","Southwestern University","Georgetown","TX","Pirates"
"swmost","Missouri State University","Springfield","MO","Bears"
"swoklahoma","Southwestern Oklahoma State University","Weatherford","OK","Bulldogs"
"swtexas","Southwest Texas State University","San Marcos","TX","Bobcats"
"syracuse","Syracuse University","Syracuse","NY","Orangemen"
"tampa","University of Tampa","Tampa","FL","Spartans"
"tamucc","Texas A&M University-Corpus Christi","Corpus Christi","TX","Islanders"
"tamucomm","Texas A&M University-Commerce","Commerce","TX","Lions"
"tamukvill","Texas A&M University-Kingsville","Kingsville","TX","Javelinas"
"tarletonst","Tarleton State University","Stephenville","TX","Texans"
"temple","Temple University","Philadelphia","PA","Owls"
"tennessee","University of Tennessee","Knoxville","TN","Volunteers"
"tennst","Tennessee State University","Nashville","TN","Tigers"
"texas","University of Texas at Austin","Austin","TX","Longhorns"
"texasam","Texas A&M University","College Station","TX","Aggies"
"thielpa","Thiel College","Greenville","PA","Tomcats"
"thomasmore","Thomas More College","Crestview Hills","KY","Saints"
"tnmartin","University of Tennessee at Martin","Martin","TN","Skyhawks"
"tntech","Tennessee Technological University","Cookeville","TN","Golden Eagles"
"tnwesleyan","Tennessee Wesleyan College","Athens","TN","Bulldogs"
"toledo","University of Toledo","Toledo","OH","Rockets"
"towson","Towson University","Towson","MD","Tigers"
"trinityct","Trinity College","Hartford","CT","Bantams"
"trinitytx","Trinity University","San Antonio","TX","Tigers"
"trnsylvnia","Transylvania University","Lexington","KY","Pioneers"
"troyst","Troy State University","Troy","AL","Trojans"
"trumanst","Truman State University","Kirksville","MO","Bulldogs"
"tuftsma","Tufts University","Medford","MA","Jumbos"
"tulane","Tulane University","New Orleans","LA","Green Wave"
"tulsa","University of Tulsa","Tulsa","OK","Golden Hurricane"
"tusculum","Tusculum College","Greeneville","TN","Pioneers"
"tuskegee","Tuskegee University","Tuskegee","AL","Golden Tigers"
"txchrist","Texas Christian University","Fort Worth","TX","Horned Frogs"
"txsouth","Texas Southern University","Houston","TX","Tigers"
"txtech","Texas Tech University","Lubbock","TX","Red Raiders"
"txwesleyan","Texas Wesleyan University","Fort Worth","TX","Rams"
"uab","University of Alabama at Birmingham","Birmingham","AL","Blazers"
"ucdavis","University of California, Davis","Davis","CA","Aggies"
"ucirvine","University of California, Irvine","Irvine","CA","Anteaters"
"ucla","University of California, Los Angeles","Los Angeles","CA","Bruins"
"uconn","University of Connecticut","Storrs","CT","Huskies"
"ucriver","University of California, Riverside","Riverside","CA","Highlanders"
"ucsb","University of California, Santa Barbara","Santa Barbara","CA","Gauchos"
"ucsd","University of California, San Diego","La Jolla","CA","Tritons"
"ulala","University of Louisiana at Lafayette","Lafayette","LA","Ragin' Cajuns"
"ulamo","University of Louisiana at Monroe","Monroe","LA","Indians"
"umass","University of Massachusetts Amherst","Amherst","MA","Minutemen"
"umassdartm","University of Massachusetts Dartmouth","North Dartmouth","MA","Corsairs"
"umbc","University of Maryland, Baltimore County","Catonsville","MD","Retrievers"
"umes","University of Maryland Eastern Shore","Princess Anne","MD","Fighting Hawks"
"umkc","University of Missouri-Kansas City","Kansas City","MO","Kangaroos"
"unc","University of North Carolina","Chapel Hill","NC","Tarheels"
"uncashe","University of North Carolina at Asheville","Asheville","NC","Bulldogs"
"uncgreen","University of North Carolina at Greensboro","Greensboro","NC","Spartans"
"uncwilm","University of North Carolina at Wilmington","Wilmington","NC","Seahawks"
"unionny","Union College","Schenectady","NY","Dutchmen"
"uniontn","Union University","Jackson","TN","Bulldogs"
"unlv","University of Nevada, Las Vegas","Las Vegas","NV","Rebels"
"uofsouth","University of the South","Sewanee","TN","Tigers"
"upenn","University of Pennsylvania","Philadelphia","PA","Quakers"
"upperiowa","Upper Iowa University","Fayette","IA","Peacocks"
"ursinus","Ursinus College","Collegeville","PA","Bears"
"usc","University of Southern California","Los Angeles","CA","Trojans"
"uscaiken","University of South Carolina Aiken","Aiken","SC","Pacers"
"utah","University of Utah","Salt Lake City","UT","Utes"
"utahst","Utah State University","Logan","UT","Aggies"
"utahvalley","Utah Valley University","Orem","UT","Wolverines"
"utarl","University of Texas at Arlington","Arlington","TX","Mavericks"
"utchat","University of Tennessee at Chattanooga","Chattanooga","TN","Mocs"
"utep","University of Texas at El Paso","El Paso","TX","Miners"
"utpanam","University of Texas-Pan American","Edinburg","TX","Broncs"
"utsa","University of Texas at San Antonio","San Antonio","TX","Roadrunners"
"valdostast","Valdosta State University","Valdosta","GA","Blazers"
"valpo","Valparaiso University","Valparaiso","IN","Crusaders"
"vandy","Vanderbilt University","Nashville","TN","Commodores"
"vanguardca","Vanguard University of Southern California","Costa Mesa","CA","Lions"
"vatech","Virginia Polytechnic Institute & State University","Blacksburg","VA","Hokies"
"vcu","Virginia Commonwealth University","Richmond","VA","Rams"
"vermont","University of Vermont","South Burlington","VT","Catamounts"
"villanova","Villanova University","Villanova","PA","Wildcats"
"virginia","University of Virginia","Charlottesville","VA","Cavaliers"
"virginiast","Virginia State University","Petersburg","VA","Trojans"
"viterbowi","Viterbo University","LaCrosse","WI","Hawks"
"vmi","Virginia Military Institute","Lexington","VA","Keydets"
"wabashin","Wabash College","Crawfordsville","IN","Little Giants"
"wagner","Wagner College","Staten Island","NY","Seahawks"
"wake","Wake Forest University","Winston-Salem","NC","Demon Deacons"
"walabama","University of West Alabama","Livingston","AL","Tigers"
"warnerpac","Warner Pacific College","Portland","OR","Knights"
"washburn","Washburn University of Topeka","Topeka","KS","Ichabods"
"washcollmd","Washington College","Chestertown","MD","Shoremen"
"washcolltn","Washington College (TN)","Jonesborough","TN",
"washington","University of Washington","Seattle","WA","Huskies"
"washjeffpa","Washington & Jefferson College","Washington","PA","Presidents"
"washleeva","Washington and Lee University","Lexington","VA","Generals"
"washst","Washington State University","Pullman","WA","Cougars"
"waynesburg","Waynesburg College","Waynesburg","PA","Yellow Jackets"
"waynest","Wayne State University","Detroit","MI","Warriors"
"waynestne","Wayne State College","Wayne","NE","Wildcats"
"wcarolina","Western Carolina University","Cullowhee","NC","Catamounts"
"wchester","West Chester University of Pennsylvania","West Chester","PA","Golden Rams"
"wconnst","Western Connecticut State University","Danbury","CT","Colonials"
"weberst","Weber State University","Ogden","UT","Wildcats"
"wesleyanct","Wesleyan University","Middletown","CT","Cardinals"
"westmontca","Westmont College","Santa Barbara","CA","Warriors"
"wflorida","University of West Florida","Pensacola","FL","Argonauts"
"wgeorgia","State University of West Georgia","Carrollton","GA","Braves"
"wheaton","Wheaton College","Wheaton","IL","Thunder"
"wheatonma","Wheaton College (Mass.)","Wheaton","MA","Lyons"
"whitmanwa","Whitman College","Walla Walla","WA","Missionaries"
"whittierca","Whittier College","Whittier","CA","Poets"
"whitwrthwa","Whitworth College","Spokane","WA","Pirates"
"wichitast","Wichita State University","Wichita","KS","Shockers"
"widenerpa","Widener University","Chester","PA","Pioneers"
"wilacrosse","University of Wisconsin-La Crosse","La Crosse","WI","Eagles"
"wilbrforce","Wilberforce University","Wilberforce","OH","Bulldogs"
"wileytx","Wiley College","Marshall","TX",
"wilkespa","Wilkes University","Wilkes-Barre","PA","Colonels"
"willamette","Willamette University","Salem","OR","Bearcats"
"williamsma","Williams College","Williamston","MA","Ephs"
"willinois","Western Illinois University","Macomb","IL","Leathernecks"
"willmary","College of William and Mary","Williamsburg","VA","Tribe"
"wingate","Wingate University","Wingate","NC","Bulldogs"
"winstsalst","Winston-Salem State University","Winston-Salem","NC","Rams"
"winthrop","Winthrop University","Rock Hill","SC","Eagles"
"wioshkosh","University of Wisconsin-Oshkosh","Oshkosh","WI","Titans"
"wiscgbay","University of Wisconsin-Green Bay","Green Bay","WI","Phoenix"
"wiscmilw","University of Wisconsin-Milwaukee","Milwaukee","WI","Panthers"
"wisconsin","University of Wisconsin-Madison","Madison","WI","Badgers"
"wistvnspt","University of Wisconsin-Stevens Point","Stevens Point","WI","Pointers"
"wisuperior","University of Wisconsin-Superior","Superior","WI","Yellowjackets"
"wittnbrgoh","Wittenberg University","Springfield","OH","Tigers"
"wiwhitewtr","University of Wisconsin-Whitewater","Whitewater","WI","Warhawks"
"wkentucky","Western Kentucky University","Bowling Green","KY","Hilltoppers"
"wlibertyst","West Liberty State College","West Liberty","WV","Hilltoppers"
"wlmcarey","William Carey College","Hattiesburg","MS","Crusaders"
"wlmjewell","William Jewell College","Liberty","MO","Cardinals"
"wlmpennia","William Penn University","Oskaloosa","IA","Statesmen"
"wmichigan","Western Michigan University","Kalamazoo","MI","Broncos"
"wminstermo","Westminster College","Fulton","MO","Blue Jays"
"wminsterpa","Westminster College","New Wilmington","PA","Titans"
"wofford","Wofford College","Spartanburg","SC","Terriers"
"woosteroh","College of Wooster","Wooster","OH","Fighting Scots"
"wpaterson","William Paterson University","Wayne","NJ","Pioneers"
"wrightst","Wright State University","Dayton","OH","Raiders"
"wshngtonmo","Washington University in Saint Louis","Saint Louis","MO","Bears"
"wvirginia","West Virginia University","Morgantown","WV","Mountaineers"
"wvstate","West Virginia State College","Institute","WV","Yellow Jackets"
"wvwesleyan","West Virginia Wesleyan College","Buckhannon","WV","Bobcats"
"wwashngton","Western Washington University","Bellingham","WA","Vikings"
"wyoming","University of Wyoming","Laramie","WY","Cowboys"
"xavier","Xavier University","Cincinnati","OH","Musketeers"
"yale","Yale University","New Haven","CT","Bulldogs"
"youngst","Youngstown State University","Youngstown","OH","Penguins"
